subdistrict_code,postal_code,sub_district_th,district_th,province_th,sub_district_en,district_en,province_en
100101,10200,พระบรมมหาราชวัง,พระนคร,กรุงเทพมหานคร,Phra Borom Maha Ratchawang,Phra Nakhon,Bangkok
100102,10200,วังบูรพาภิรมย์,พระนคร,กรุงเทพมหานคร,Wang Burapha Phirom,Phra Nakhon,Bangkok
100103,10200,วัดราชบพิธ,พระนคร,กรุงเทพมหานคร,Wat Ratchabophit,Phra Nakhon,Bangkok
100104,10200,สำราญราษฎร์,พระนคร,กรุงเทพมหานคร,Samran Rat,Phra Nakhon,Bangkok
100105,10200,ศาลเจ้าพ่อเสือ,พระนคร,กรุงเทพมหานคร,San Chaopho Suea,Phra Nakhon,Bangkok
100106,10200,เสาชิงช้า,พระนคร,กรุงเทพมหานคร,Sao Chingcha,Phra Nakhon,Bangkok
100107,10200,บวรนิเวศ,พระนคร,กรุงเทพมหานคร,Bowon Niwet,Phra Nakhon,Bangkok
100108,10200,ตลาดยอด,พระนคร,กรุงเทพมหานคร,Talat Yot,Phra Nakhon,Bangkok
100109,10200,ชนะสงคราม,พระนคร,กรุงเทพมหานคร,Chana Songkhram,Phra Nakhon,Bangkok
100110,10200,บ้านพานถม,พระนคร,กรุงเทพมหานคร,Ban Phan Thom,Phra Nakhon,Bangkok
100111,10200,บางขุนพรหม,พระนคร,กรุงเทพมหานคร,Bang Khun Phrom,Phra Nakhon,Bangkok
100112,10200,วัดสามพระยา,พระนคร,กรุงเทพมหานคร,Wat Sam Phraya,Phra Nakhon,Bangkok
100201,10300,ดุสิต,ดุสิต,กรุงเทพมหานคร,Dusit,Dusit,Bangkok
100202,10300,วชิรพยาบาล,ดุสิต,กรุงเทพมหานคร,Wachira Phayaban,Dusit,Bangkok
100203,10300,สวนจิตรลดา,ดุสิต,กรุงเทพมหานคร,Suan Chit Lada,Dusit,Bangkok
100204,10300,สี่แยกมหานาค,ดุสิต,กรุงเทพมหานคร,Si Yaek Maha Nak,Dusit,Bangkok
100206,10300,ถนนนครไชยศรี,ดุสิต,กรุงเทพมหานคร,Thanon Nakhon Chai Si,Dusit,Bangkok
100301,10530,กระทุ่มราย,หนองจอก,กรุงเทพมหานคร,Krathum Rai,Nong Chok,Bangkok
100302,10530,หนองจอก,หนองจอก,กรุงเทพมหานคร,Nong Chok,Nong Chok,Bangkok
100303,10530,คลองสิบ,หนองจอก,กรุงเทพมหานคร,Khlong Sip,Nong Chok,Bangkok
100304,10530,คลองสิบสอง,หนองจอก,กรุงเทพมหานคร,Khlong Sip Song,Nong Chok,Bangkok
100305,10530,โคกแฝด,หนองจอก,กรุงเทพมหานคร,Khok Faet,Nong Chok,Bangkok
100306,10530,คู้ฝั่งเหนือ,หนองจอก,กรุงเทพมหานคร,Khu Fang Nuea,Nong Chok,Bangkok
100307,10530,ลำผักชี,หนองจอก,กรุงเทพมหานคร,Lam Phak Chi,Nong Chok,Bangkok
100308,10530,ลำต้อยติ่ง,หนองจอก,กรุงเทพมหานคร,Lam Toiting,Nong Chok,Bangkok
100401,10500,มหาพฤฒาราม,บางรัก,กรุงเทพมหานคร,Maha Phruettharam,Bang Rak,Bangkok
100402,10500,สีลม,บางรัก,กรุงเทพมหานคร,Si Lom,Bang Rak,Bangkok
100403,10500,สุริยวงศ์,บางรัก,กรุงเทพมหานคร,Suriyawong,Bang Rak,Bangkok
100404,10500,บางรัก,บางรัก,กรุงเทพมหานคร,Bang Rak,Bang Rak,Bangkok
100405,10500,สี่พระยา,บางรัก,กรุงเทพมหานคร,Si Phraya,Bang Rak,Bangkok
100502,10220,อนุสาวรีย์,บางเขน,กรุงเทพมหานคร,Anusawari,Bang Khen,Bangkok
100508,10220,ท่าแร้ง,บางเขน,กรุงเทพมหานคร,Tha Raeng,Bang Khen,Bangkok
100601,10240,คลองจั่น,บางกะปิ,กรุงเทพมหานคร,Khlong Chan,Bang Kapi,Bangkok
100608,10240,หัวหมาก,บางกะปิ,กรุงเทพมหานคร,Hua Mak,Bang Kapi,Bangkok
100701,10330,รองเมือง,ปทุมวัน,กรุงเทพมหานคร,Rong Mueang,Pathum Wan,Bangkok
100702,10330,วังใหม่,ปทุมวัน,กรุงเทพมหานคร,Wang Mai,Pathum Wan,Bangkok
100703,10330,ปทุมวัน,ปทุมวัน,กรุงเทพมหานคร,Pathum Wan,Pathum Wan,Bangkok
100704,10330,ลุมพินี,ปทุมวัน,กรุงเทพมหานคร,Lumphini,Pathum Wan,Bangkok
100801,10100,ป้อมปราบ,ป้อมปราบศัตรูพ่าย,กรุงเทพมหานคร,Pom Prap,Pom Prap Sattruphai,Bangkok
100802,10100,วัดเทพศิรินทร์,ป้อมปราบศัตรูพ่าย,กรุงเทพมหานคร,Wat Thep Sirin,Pom Prap Sattruphai,Bangkok
100803,10100,คลองมหานาค,ป้อมปราบศัตรูพ่าย,กรุงเทพมหานคร,Khlong Maha Nak,Pom Prap Sattruphai,Bangkok
100804,10100,บ้านบาตร,ป้อมปราบศัตรูพ่าย,กรุงเทพมหานคร,Ban Bat,Pom Prap Sattruphai,Bangkok
100805,10100,วัดโสมนัส,ป้อมปราบศัตรูพ่าย,กรุงเทพมหานคร,Wat Sommanat,Pom Prap Sattruphai,Bangkok
100905,10260,บางจาก,พระโขนง,กรุงเทพมหานคร,Bang Chak,Phra Khanong,Bangkok
100910,10260,พระโขนงใต้,พระโขนง,กรุงเทพมหานคร,Phra Khanong Tai,Phra Khanong,Bangkok
101001,10510,มีนบุรี,มีนบุรี,กรุงเทพมหานคร,Min Buri,Min Buri,Bangkok
101002,10510,แสนแสบ,มีนบุรี,กรุงเทพมหานคร,Saen Saep,Min Buri,Bangkok
101101,10520,ลาดกระบัง,ลาดกระบัง,กรุงเทพมหานคร,Lat Krabang,Lat Krabang,Bangkok
101102,10520,คลองสองต้นนุ่น,ลาดกระบัง,กรุงเทพมหานคร,Khlong Song Ton Nun,Lat Krabang,Bangkok
101103,10520,คลองสามประเวศ,ลาดกระบัง,กรุงเทพมหานคร,Khlong Sam Prawet,Lat Krabang,Bangkok
101104,10520,ลำปลาทิว,ลาดกระบัง,กรุงเทพมหานคร,Lam Pla Thio,Lat Krabang,Bangkok
101105,10520,ทับยาว,ลาดกระบัง,กรุงเทพมหานคร,Thap Yao,Lat Krabang,Bangkok
101106,10520,ขุมทอง,ลาดกระบัง,กรุงเทพมหานคร,Khum Thong,Lat Krabang,Bangkok
101203,10120,ช่องนนทรี,ยานนาวา,กรุงเทพมหานคร,Chong Nonsi,Yannawa,Bangkok
101204,10120,บางโพงพาง,ยานนาวา,กรุงเทพมหานคร,Bang Phongphang,Yannawa,Bangkok
101301,10100,จักรวรรดิ,สัมพันธวงศ์,กรุงเทพมหานคร,Chakkrawat,Samphanthawong,Bangkok
101302,10100,สัมพันธวงศ์,สัมพันธวงศ์,กรุงเทพมหานคร,Samphanthawong,Samphanthawong,Bangkok
101303,10100,ตลาดน้อย,สัมพันธวงศ์,กรุงเทพมหานคร,Talat Noi,Samphanthawong,Bangkok
101401,10400,สามเสนใน,พญาไท,กรุงเทพมหานคร,Sam Sen Nai,Phaya Thai,Bangkok
101406,10400,พญาไท,พญาไท,กรุงเทพมหานคร,Phaya Thai,Phaya Thai,Bangkok
101501,10600,วัดกัลยาณ์,ธนบุรี,กรุงเทพมหานคร,Wat Kanlaya,Thon Buri,Bangkok
101502,10600,หิรัญรูจี,ธนบุรี,กรุงเทพมหานคร,Hiran Ruchi,Thon Buri,Bangkok
101503,10600,บางยี่เรือ,ธนบุรี,กรุงเทพมหานคร,Bang Yi Ruea,Thon Buri,Bangkok
101504,10600,บุคคโล,ธนบุรี,กรุงเทพมหานคร,Bukkhalo,Thon Buri,Bangkok
101505,10600,ตลาดพลู,ธนบุรี,กรุงเทพมหานคร,Talat Phlu,Thon Buri,Bangkok
101506,10600,ดาวคะนอง,ธนบุรี,กรุงเทพมหานคร,Dao Khanong,Thon Buri,Bangkok
101507,10600,สำเหร่,ธนบุรี,กรุงเทพมหานคร,Samre,Thon Buri,Bangkok
101601,10600,วัดอรุณ,บางกอกใหญ่,กรุงเทพมหานคร,Wat Arun,Bangkok Yai,Bangkok
101602,10600,วัดท่าพระ,บางกอกใหญ่,กรุงเทพมหานคร,Wat Tha Phra,Bangkok Yai,Bangkok
101701,10310,ห้วยขวาง,ห้วยขวาง,กรุงเทพมหานคร,Huai Khwang,Huai Khwang,Bangkok
101702,10310,บางกะปิ,ห้วยขวาง,กรุงเทพมหานคร,Bang Kapi,Huai Khwang,Bangkok
101704,10310,สามเสนนอก,ห้วยขวาง,กรุงเทพมหานคร,Sam Sen Nok,Huai Khwang,Bangkok
101801,10600,สมเด็จเจ้าพระยา,คลองสาน,กรุงเทพมหานคร,Somdet Chao Phraya,Khlong San,Bangkok
101802,10600,คลองสาน,คลองสาน,กรุงเทพมหานคร,Khlong San,Khlong San,Bangkok
101803,10600,บางลำภูล่าง,คลองสาน,กรุงเทพมหานคร,Bang Lamphu Lang,Khlong San,Bangkok
101804,10600,คลองต้นไทร,คลองสาน,กรุงเทพมหานคร,Khlong Ton Sai,Khlong San,Bangkok
101901,10170,คลองชักพระ,ตลิ่งชัน,กรุงเทพมหานคร,Khlong Chak Phra,Taling Chan,Bangkok
101902,10170,ตลิ่งชัน,ตลิ่งชัน,กรุงเทพมหานคร,Taling Chan,Taling Chan,Bangkok
101903,10170,ฉิมพลี,ตลิ่งชัน,กรุงเทพมหานคร,Chimphli,Taling Chan,Bangkok
101904,10170,บางพรม,ตลิ่งชัน,กรุงเทพมหานคร,Bang Phrom,Taling Chan,Bangkok
101905,10170,บางระมาด,ตลิ่งชัน,กรุงเทพมหานคร,Bang Ramat,Taling Chan,Bangkok
101907,10170,บางเชือกหนัง,ตลิ่งชัน,กรุงเทพมหานคร,Bang Chueak Nang,Taling Chan,Bangkok
102004,10700,ศิริราช,บางกอกน้อย,กรุงเทพมหานคร,Sirirat,Bangkok Noi,Bangkok
102005,10700,บ้านช่างหล่อ,บางกอกน้อย,กรุงเทพมหานคร,Ban Chang Lo,Bangkok Noi,Bangkok
102006,10700,บางขุนนนท์,บางกอกน้อย,กรุงเทพมหานคร,Bang Khun Non,Bangkok Noi,Bangkok
102007,10700,บางขุนศรี,บางกอกน้อย,กรุงเทพมหานคร,Bang Khun Si,Bangkok Noi,Bangkok
102009,10700,อรุณอมรินทร์,บางกอกน้อย,กรุงเทพมหานคร,Arun Ammarin,Bangkok Noi,Bangkok
102105,10150,ท่าข้าม,บางขุนเทียน,กรุงเทพมหานคร,Tha Kham,Bang Khun Thian,Bangkok
102107,10150,แสมดำ,บางขุนเทียน,กรุงเทพมหานคร,Samae Dam,Bang Khun Thian,Bangkok
102201,10160,บางหว้า,ภาษีเจริญ,กรุงเทพมหานคร,Bang Wa,Phasi Charoen,Bangkok
102202,10160,บางด้วน,ภาษีเจริญ,กรุงเทพมหานคร,Bang Duan,Phasi Charoen,Bangkok
102206,10160,บางจาก,ภาษีเจริญ,กรุงเทพมหานคร,Bang Chak,Phasi Charoen,Bangkok
102207,10160,บางแวก,ภาษีเจริญ,กรุงเทพมหานคร,Bang Waek,Phasi Charoen,Bangkok
102208,10160,คลองขวาง,ภาษีเจริญ,กรุงเทพมหานคร,Khlong Khwang,Phasi Charoen,Bangkok
102209,10160,ปากคลองภาษีเจริญ,ภาษีเจริญ,กรุงเทพมหานคร,Pak Khlong Phasi Charoen,Phasi Charoen,Bangkok
102210,10160,คูหาสวรรค์,ภาษีเจริญ,กรุงเทพมหานคร,Khuha Sawan,Phasi Charoen,Bangkok
102302,10160,หนองแขม,หนองแขม,กรุงเทพมหานคร,Nong Khaem,Nong Khaem,Bangkok
102303,10160,หนองค้างพลู,หนองแขม,กรุงเทพมหานคร,Nong Khang Phlu,Nong Khaem,Bangkok
102401,10140,ราษฎร์บูรณะ,ราษฎร์บูรณะ,กรุงเทพมหานคร,Rat Burana,Rat Burana,Bangkok
102402,10140,บางปะกอก,ราษฎร์บูรณะ,กรุงเทพมหานคร,Bang Pa Kok,Rat Burana,Bangkok
102501,10700,บางพลัด,บางพลัด,กรุงเทพมหานคร,Bang Phlat,Bang Phlat,Bangkok
102502,10700,บางอ้อ,บางพลัด,กรุงเทพมหานคร,Bang O,Bang Phlat,Bangkok
102503,10700,บางบำหรุ,บางพลัด,กรุงเทพมหานคร,Bang Bamru,Bang Phlat,Bangkok
102504,10700,บางยี่ขัน,บางพลัด,กรุงเทพมหานคร,Bang Yi Khan,Bang Phlat,Bangkok
102601,10400,ดินแดง,ดินแดง,กรุงเทพมหานคร,Din Daeng,Din Daeng,Bangkok
102602,10400,รัชดาภิเษก,ดินแดง,กรุงเทพมหานคร,Ratchadaphisek,Din Daeng,Bangkok
102701,10240,คลองกุ่ม,บึงกุ่ม,กรุงเทพมหานคร,Khlong Kum,Bung Kum,Bangkok
102704,10240,นวมินทร์,บึงกุ่ม,กรุงเทพมหานคร,Nawamin,Bung Kum,Bangkok
102705,10240,นวลจันทร์,บึงกุ่ม,กรุงเทพมหานคร,Nuan Chan,Bung Kum,Bangkok
102801,10120,ทุ่งวัดดอน,สาทร,กรุงเทพมหานคร,Thung Wat Don,Sathon,Bangkok
102802,10120,ยานนาวา,สาทร,กรุงเทพมหานคร,Yan Nawa,Sathon,Bangkok
102803,10120,ทุ่งมหาเมฆ,สาทร,กรุงเทพมหานคร,Thung Maha Mek,Sathon,Bangkok
102901,10800,บางซื่อ,บางซื่อ,กรุงเทพมหานคร,Bang Sue,Bang Su,Bangkok
102902,10800,วงศ์สว่าง,บางซื่อ,กรุงเทพมหานคร,Wong Sawang,Bang Su,Bangkok
103001,10900,ลาดยาว,จตุจักร,กรุงเทพมหานคร,Lat Yao,Chatuchak,Bangkok
103002,10900,เสนานิคม,จตุจักร,กรุงเทพมหานคร,Sena Nikhom,Chatuchak,Bangkok
103003,10900,จันทรเกษม,จตุจักร,กรุงเทพมหานคร,Chan Kasem,Chatuchak,Bangkok
103004,10900,จอมพล,จตุจักร,กรุงเทพมหานคร,Chom Phon,Chatuchak,Bangkok
103005,10900,จตุจักร,จตุจักร,กรุงเทพมหานคร,Chatuchak,Chatuchak,Bangkok
103101,10120,บางคอแหลม,บางคอแหลม,กรุงเทพมหานคร,Bang Kho Laem,Bang Kho Laem,Bangkok
103102,10120,วัดพระยาไกร,บางคอแหลม,กรุงเทพมหานคร,Wat Phraya Krai,Bang Kho Laem,Bangkok
103103,10120,บางโคล่,บางคอแหลม,กรุงเทพมหานคร,Bang Khlo,Bang Kho Laem,Bangkok
103201,10250,ประเวศ,ประเวศ,กรุงเทพมหานคร,Prawet,Prawet,Bangkok
103202,10250,หนองบอน,ประเวศ,กรุงเทพมหานคร,Nong Bon,Prawet,Bangkok
103203,10250,ดอกไม้,ประเวศ,กรุงเทพมหานคร,Dok Mai,Prawet,Bangkok
103301,10110,คลองเตย,คลองเตย,กรุงเทพมหานคร,Khlong Toei,Khlong Toei,Bangkok
103302,10110,คลองตัน,คลองเตย,กรุงเทพมหานคร,Khlong Tan,Khlong Toei,Bangkok
103303,10110,พระโขนง,คลองเตย,กรุงเทพมหานคร,Phra Khanong,Khlong Toei,Bangkok
103401,10250,สวนหลวง,สวนหลวง,กรุงเทพมหานคร,Suan Luang,Suan Luang,Bangkok
103402,10250,อ่อนนุช,สวนหลวง,กรุงเทพมหานคร,On Nut,Suan Luang,Bangkok
103403,10250,พัฒนาการ,สวนหลวง,กรุงเทพมหานคร,Phatthanakan,Suan Luang,Bangkok
103501,10150,บางขุนเทียน,จอมทอง,กรุงเทพมหานคร,Bang Khun Thian,Chom Thong,Bangkok
103502,10150,บางค้อ,จอมทอง,กรุงเทพมหานคร,Bang Kho,Chom Thong,Bangkok
103503,10150,บางมด,จอมทอง,กรุงเทพมหานคร,Bang Mot,Chom Thong,Bangkok
103504,10150,จอมทอง,จอมทอง,กรุงเทพมหานคร,Chom Thong,Chom Thong,Bangkok
103602,10210,สีกัน,ดอนเมือง,กรุงเทพมหานคร,Si Kan,Don Mueang,Bangkok
103604,10210,ดอนเมือง,ดอนเมือง,กรุงเทพมหานคร,Don Mueang,Don Mueang,Bangkok
103605,10210,สนามบิน,ดอนเมือง,กรุงเทพมหานคร,Sanambin,Don Mueang,Bangkok
103701,10400,ทุ่งพญาไท,ราชเทวี,กรุงเทพมหานคร,Thung Phaya Thai,Rat Thewi,Bangkok
103702,10400,ถนนพญาไท,ราชเทวี,กรุงเทพมหานคร,Thanon Phaya Thai,Rat Thewi,Bangkok
103703,10400,ถนนเพชรบุรี,ราชเทวี,กรุงเทพมหานคร,Thanon Phetchaburi,Rat Thewi,Bangkok
103704,10400,มักกะสัน,ราชเทวี,กรุงเทพมหานคร,Makkasan,Rat Thewi,Bangkok
103801,10230,ลาดพร้าว,ลาดพร้าว,กรุงเทพมหานคร,Lat Phrao,Lat Phrao,Bangkok
103802,10230,จรเข้บัว,ลาดพร้าว,กรุงเทพมหานคร,Chorakhe Bua,Lat Phrao,Bangkok
103901,10110,คลองเตยเหนือ,วัฒนา,กรุงเทพมหานคร,Khlong Toei Nuea,Watthana,Bangkok
103902,10110,คลองตันเหนือ,วัฒนา,กรุงเทพมหานคร,Khlong Tan Nuea,Watthana,Bangkok
103903,10110,พระโขนงเหนือ,วัฒนา,กรุงเทพมหานคร,Phra Khanong Nuea,Watthana,Bangkok
104001,10160,บางแค,บางแค,กรุงเทพมหานคร,Bang Khae,Bang Khae,Bangkok
104002,10160,บางแคเหนือ,บางแค,กรุงเทพมหานคร,Bang Khae Nuea,Bang Khae,Bangkok
104003,10160,บางไผ่,บางแค,กรุงเทพมหานคร,Bang Phai,Bang Khae,Bangkok
104004,10160,หลักสอง,บางแค,กรุงเทพมหานคร,Lak Song,Bang Khae,Bangkok
104101,10210,ทุ่งสองห้อง,หลักสี่,กรุงเทพมหานคร,Thung Song Hong,Lak Si,Bangkok
104102,10210,ตลาดบางเขน,หลักสี่,กรุงเทพมหานคร,Talat Bang Khen,Lak Si,Bangkok
104201,10220,สายไหม,สายไหม,กรุงเทพมหานคร,Sai Mai,Sai Mai,Bangkok
104202,10220,ออเงิน,สายไหม,กรุงเทพมหานคร,O Ngoen,Sai Mai,Bangkok
104203,10220,คลองถนน,สายไหม,กรุงเทพมหานคร,Khlong Thanon,Sai Mai,Bangkok
104301,10230,คันนายาว,คันนายาว,กรุงเทพมหานคร,Khan Na Yao,Khanna Yao,Bangkok
104302,10230,รามอินทรา,คันนายาว,กรุงเทพมหานคร,Ram Inthra,Khanna Yao,Bangkok
104401,10240,สะพานสูง,สะพานสูง,กรุงเทพมหานคร,Saphan Sung,Saphan Sung,Bangkok
104402,10240,ราษฎร์พัฒนา,สะพานสูง,กรุงเทพมหานคร,Rat Phatthana,Saphan Sung,Bangkok
104403,10250,ทับช้าง,สะพานสูง,กรุงเทพมหานคร,Thap Chang,Saphan Sung,Bangkok
104501,10310,วังทองหลาง,วังทองหลาง,กรุงเทพมหานคร,Wang Thonglang,Wang Thong Lang,Bangkok
104502,10310,สะพานสอง,วังทองหลาง,กรุงเทพมหานคร,Saphan Song,Wang Thong Lang,Bangkok
104503,10310,คลองเจ้าคุณสิงห์,วังทองหลาง,กรุงเทพมหานคร,Khlong Chaokhun Sing,Wang Thong Lang,Bangkok
104504,10310,พลับพลา,วังทองหลาง,กรุงเทพมหานคร,Phlapphla,Wang Thong Lang,Bangkok
104601,10510,สามวาตะวันตก,คลองสามวา,กรุงเทพมหานคร,Sam Wa Tawan Tok,Khlong Sam Wa,Bangkok
104602,10510,สามวาตะวันออก,คลองสามวา,กรุงเทพมหานคร,Sam Wa Tawan Ok,Khlong Sam Wa,Bangkok
104603,10510,บางชัน,คลองสามวา,กรุงเทพมหานคร,Bang Chan,Khlong Sam Wa,Bangkok
104604,10510,ทรายกองดิน,คลองสามวา,กรุงเทพมหานคร,Sai Kong Din,Khlong Sam Wa,Bangkok
104605,10510,ทรายกองดินใต้,คลองสามวา,กรุงเทพมหานคร,Sai Kong Din Tai,Khlong Sam Wa,Bangkok
104702,10260,บางนาเหนือ,บางนา,กรุงเทพมหานคร,Bang Na Nuea,Bang Na,Bangkok
104703,10260,บางนาใต้,บางนา,กรุงเทพมหานคร,Bang Na Tai,Bang Na,Bangkok
104801,10170,ทวีวัฒนา,ทวีวัฒนา,กรุงเทพมหานคร,Thawi Watthana ,Thawi Watthana,Bangkok
104802,10170,ศาลาธรรมสพน์,ทวีวัฒนา,กรุงเทพมหานคร,Sala Thammasop,Thawi Watthana,Bangkok
104901,10140,บางมด,ทุ่งครุ,กรุงเทพมหานคร,Bang Mot,Thung Khu,Bangkok
104902,10140,ทุ่งครุ,ทุ่งครุ,กรุงเทพมหานคร,Thung Khru,Thung Khu,Bangkok
105002,10150,บางบอนเหนือ,บางบอน,กรุงเทพมหานคร,Bang Bon Nuea,Bang Bon,Bangkok
105003,10150,บางบอนใต้,บางบอน,กรุงเทพมหานคร,Bang Bon Tai,Bang Bon,Bangkok
105004,10150,คลองบางพราน,บางบอน,กรุงเทพมหานคร,Khlong Bang Phran,Bang Bon,Bangkok
105005,10150,คลองบางบอน,บางบอน,กรุงเทพมหานคร,Khlong Bang Bon,Bang Bon,Bangkok
110101,10270,ปากน้ำ,เมืองสมุทรปราการ,สมุทรปราการ,Pak Nam,Mueang Samut Prakan,Samut Prakan
110102,10270,สำโรงเหนือ,เมืองสมุทรปราการ,สมุทรปราการ,Samrong Nuea,Mueang Samut Prakan,Samut Prakan
110103,10270,บางเมือง,เมืองสมุทรปราการ,สมุทรปราการ,Bang Mueang,Mueang Samut Prakan,Samut Prakan
110104,10280,ท้ายบ้าน,เมืองสมุทรปราการ,สมุทรปราการ,Thai Ban,Mueang Samut Prakan,Samut Prakan
110108,10280,บางปูใหม่,เมืองสมุทรปราการ,สมุทรปราการ,Bang Pu Mai,Mueang Samut Prakan,Samut Prakan
110110,10280,แพรกษา,เมืองสมุทรปราการ,สมุทรปราการ,Phraek Sa,Mueang Samut Prakan,Samut Prakan
110111,10270,บางโปรง,เมืองสมุทรปราการ,สมุทรปราการ,Bang Prong,Mueang Samut Prakan,Samut Prakan
110112,10270,บางปู,เมืองสมุทรปราการ,สมุทรปราการ,Bang Pu,Mueang Samut Prakan,Samut Prakan
110113,10270,บางด้วน,เมืองสมุทรปราการ,สมุทรปราการ,Bang Duan,Mueang Samut Prakan,Samut Prakan
110114,10270,บางเมืองใหม่,เมืองสมุทรปราการ,สมุทรปราการ,Bang Mueang Mai,Mueang Samut Prakan,Samut Prakan
110115,10270,เทพารักษ์,เมืองสมุทรปราการ,สมุทรปราการ,Thepharak,Mueang Samut Prakan,Samut Prakan
110116,10280,ท้ายบ้านใหม่,เมืองสมุทรปราการ,สมุทรปราการ,Thai Ban Mai,Mueang Samut Prakan,Samut Prakan
110117,10280,แพรกษาใหม่,เมืองสมุทรปราการ,สมุทรปราการ,Phraek Sa Mai,Mueang Samut Prakan,Samut Prakan
110201,10560,บางบ่อ,บางบ่อ,สมุทรปราการ,Bang Bo,Bang Bo,Samut Prakan
110202,10560,บ้านระกาศ,บางบ่อ,สมุทรปราการ,Ban Rakat,Bang Bo,Samut Prakan
110203,10560,บางพลีน้อย,บางบ่อ,สมุทรปราการ,Bang Phli Noi,Bang Bo,Samut Prakan
110204,10560,บางเพรียง,บางบ่อ,สมุทรปราการ,Bang Phriang,Bang Bo,Samut Prakan
110205,10550,คลองด่าน,บางบ่อ,สมุทรปราการ,Khlong Dan,Bang Bo,Samut Prakan
110206,10560,คลองสวน,บางบ่อ,สมุทรปราการ,Khlong Suan,Bang Bo,Samut Prakan
110207,10560,เปร็ง,บางบ่อ,สมุทรปราการ,Preng,Bang Bo,Samut Prakan
110208,10560,คลองนิยมยาตรา,บางบ่อ,สมุทรปราการ,Khlong Niyom Yattra,Bang Bo,Samut Prakan
110301,10540,บางพลีใหญ่,บางพลี,สมุทรปราการ,Bang Phli Yai,Bang Phli,Samut Prakan
110302,10540,บางแก้ว,บางพลี,สมุทรปราการ,Bang Kaeo,Bang Phli,Samut Prakan
110303,10540,บางปลา,บางพลี,สมุทรปราการ,Bang Pla,Bang Phli,Samut Prakan
110304,10540,บางโฉลง,บางพลี,สมุทรปราการ,Bang Chalong,Bang Phli,Samut Prakan
110308,10540,ราชาเทวะ,บางพลี,สมุทรปราการ,Racha Thewa,Bang Phli,Samut Prakan
110309,10540,หนองปรือ,บางพลี,สมุทรปราการ,Nong Prue,Bang Phli,Samut Prakan
110401,10130,ตลาด,พระประแดง,สมุทรปราการ,Talat,Phra Pradaeng,Samut Prakan
110402,10130,บางพึ่ง,พระประแดง,สมุทรปราการ,Bang Phueng,Phra Pradaeng,Samut Prakan
110403,10130,บางจาก,พระประแดง,สมุทรปราการ,Bang Chak,Phra Pradaeng,Samut Prakan
110404,10130,บางครุ,พระประแดง,สมุทรปราการ,Bang Khru,Phra Pradaeng,Samut Prakan
110405,10130,บางหญ้าแพรก,พระประแดง,สมุทรปราการ,Bang Ya Phraek,Phra Pradaeng,Samut Prakan
110406,10130,บางหัวเสือ,พระประแดง,สมุทรปราการ,Bang Hua Suea,Phra Pradaeng,Samut Prakan
110407,10130,สำโรงใต้,พระประแดง,สมุทรปราการ,Samrong Tai,Phra Pradaeng,Samut Prakan
110408,10130,บางยอ,พระประแดง,สมุทรปราการ,Bang Yo,Phra Pradaeng,Samut Prakan
110409,10130,บางกะเจ้า,พระประแดง,สมุทรปราการ,Bang Kachao,Phra Pradaeng,Samut Prakan
110410,10130,บางน้ำผึ้ง,พระประแดง,สมุทรปราการ,Bang Nam Phueng,Phra Pradaeng,Samut Prakan
110411,10130,บางกระสอบ,พระประแดง,สมุทรปราการ,Bang Krasop,Phra Pradaeng,Samut Prakan
110412,10130,บางกอบัว,พระประแดง,สมุทรปราการ,Bang Ko Bua,Phra Pradaeng,Samut Prakan
110413,10130,ทรงคนอง,พระประแดง,สมุทรปราการ,Song Khanong,Phra Pradaeng,Samut Prakan
110414,10130,สำโรง,พระประแดง,สมุทรปราการ,Samrong,Phra Pradaeng,Samut Prakan
110415,10130,สำโรงกลาง,พระประแดง,สมุทรปราการ,Samrong Klang,Phra Pradaeng,Samut Prakan
110501,10290,นาเกลือ,พระสมุทรเจดีย์,สมุทรปราการ,Na Kluea,Phra Samut Chedi,Samut Prakan
110502,10290,บ้านคลองสวน,พระสมุทรเจดีย์,สมุทรปราการ,Ban Khlong Suan,Phra Samut Chedi,Samut Prakan
110503,10290,แหลมฟ้าผ่า,พระสมุทรเจดีย์,สมุทรปราการ,Laem Fa Pha,Phra Samut Chedi,Samut Prakan
110504,10290,ปากคลองบางปลากด,พระสมุทรเจดีย์,สมุทรปราการ,Pak Khlong Bang Pla Kot,Phra Samut Chedi,Samut Prakan
110505,10290,ในคลองบางปลากด,พระสมุทรเจดีย์,สมุทรปราการ,Nai Khlong Bang Pla Kot,Phra Samut Chedi,Samut Prakan
110601,10570,บางเสาธง,บางเสาธง,สมุทรปราการ,Bang Sao Thong,Bang Sao Thong,Samut Prakan
110602,10570,ศีรษะจรเข้น้อย,บางเสาธง,สมุทรปราการ,Sisa Chorakhe Noi,Bang Sao Thong,Samut Prakan
110603,10570,ศีรษะจรเข้ใหญ่,บางเสาธง,สมุทรปราการ,Sisa Chorakhe Yai,Bang Sao Thong,Samut Prakan
120101,11000,สวนใหญ่,เมืองนนทบุรี,นนทบุรี,Suan Yai,Mueang Nonthaburi,Nonthaburi
120102,11000,ตลาดขวัญ,เมืองนนทบุรี,นนทบุรี,Talat Khwan,Mueang Nonthaburi,Nonthaburi
120103,11000,บางเขน,เมืองนนทบุรี,นนทบุรี,Bang Khen,Mueang Nonthaburi,Nonthaburi
120104,11000,บางกระสอ,เมืองนนทบุรี,นนทบุรี,Bang Kraso,Mueang Nonthaburi,Nonthaburi
120105,11000,ท่าทราย,เมืองนนทบุรี,นนทบุรี,Tha Sai,Mueang Nonthaburi,Nonthaburi
120106,11000,บางไผ่,เมืองนนทบุรี,นนทบุรี,Bang Phai,Mueang Nonthaburi,Nonthaburi
120107,11000,บางศรีเมือง,เมืองนนทบุรี,นนทบุรี,Bang Si Mueang,Mueang Nonthaburi,Nonthaburi
120108,11000,บางกร่าง,เมืองนนทบุรี,นนทบุรี,Bang Krang,Mueang Nonthaburi,Nonthaburi
120109,11000,ไทรม้า,เมืองนนทบุรี,นนทบุรี,Sai Ma,Mueang Nonthaburi,Nonthaburi
120110,11000,บางรักน้อย,เมืองนนทบุรี,นนทบุรี,Bang Rak Noi,Mueang Nonthaburi,Nonthaburi
120201,11130,วัดชลอ,บางกรวย,นนทบุรี,Wat Chalo,Bang Kruai,Nonthaburi
120202,11130,บางกรวย,บางกรวย,นนทบุรี,Bang Kruai,Bang Kruai,Nonthaburi
120203,11130,บางสีทอง,บางกรวย,นนทบุรี,Bang Si Thong,Bang Kruai,Nonthaburi
120204,11130,บางขนุน,บางกรวย,นนทบุรี,Bang Khanun,Bang Kruai,Nonthaburi
120205,11130,บางขุนกอง,บางกรวย,นนทบุรี,Bang Khun Kong,Bang Kruai,Nonthaburi
120206,11130,บางคูเวียง,บางกรวย,นนทบุรี,Bang Khu Wiang,Bang Kruai,Nonthaburi
120207,11130,มหาสวัสดิ์,บางกรวย,นนทบุรี,Mahasawat,Bang Kruai,Nonthaburi
120208,11130,ปลายบาง,บางกรวย,นนทบุรี,Plai Bang,Bang Kruai,Nonthaburi
120209,11130,ศาลากลาง,บางกรวย,นนทบุรี,Sala Klang,Bang Kruai,Nonthaburi
120301,11140,บางม่วง,บางใหญ่,นนทบุรี,Bang Muang,Bang Yai,Nonthaburi
120302,11140,บางแม่นาง,บางใหญ่,นนทบุรี,Bang Mae Nang,Bang Yai,Nonthaburi
120303,11140,บางเลน,บางใหญ่,นนทบุรี,Bang Len,Bang Yai,Nonthaburi
120304,11140,เสาธงหิน,บางใหญ่,นนทบุรี,Sao Thong Hin,Bang Yai,Nonthaburi
120305,11140,บางใหญ่,บางใหญ่,นนทบุรี,Bang Yai,Bang Yai,Nonthaburi
120306,11140,บ้านใหม่,บางใหญ่,นนทบุรี,Ban Mai,Bang Yai,Nonthaburi
120401,11110,โสนลอย,บางบัวทอง,นนทบุรี,Sano Loi,Bang Bua Thong,Nonthaburi
120402,11110,บางบัวทอง,บางบัวทอง,นนทบุรี,Bang Bua Thong,Bang Bua Thong,Nonthaburi
120403,11110,บางรักใหญ่,บางบัวทอง,นนทบุรี,Bang Rak Yai,Bang Bua Thong,Nonthaburi
120404,11110,บางคูรัด,บางบัวทอง,นนทบุรี,Bang Khu Rat,Bang Bua Thong,Nonthaburi
120405,11110,ละหาร,บางบัวทอง,นนทบุรี,Lahan,Bang Bua Thong,Nonthaburi
120406,11110,ลำโพ,บางบัวทอง,นนทบุรี,Lam Pho,Bang Bua Thong,Nonthaburi
120407,11110,พิมลราช,บางบัวทอง,นนทบุรี,Phimonrat,Bang Bua Thong,Nonthaburi
120408,11110,บางรักพัฒนา,บางบัวทอง,นนทบุรี,Bang Rak Phatthana,Bang Bua Thong,Nonthaburi
120501,11150,ไทรน้อย,ไทรน้อย,นนทบุรี,Sai Noi,Sai Noi,Nonthaburi
120502,11150,ราษฎร์นิยม,ไทรน้อย,นนทบุรี,Rat Niyom,Sai Noi,Nonthaburi
120503,11150,หนองเพรางาย,ไทรน้อย,นนทบุรี,Nong Phrao Ngai,Sai Noi,Nonthaburi
120504,11150,ไทรใหญ่,ไทรน้อย,นนทบุรี,Sai Yai,Sai Noi,Nonthaburi
120505,11150,ขุนศรี,ไทรน้อย,นนทบุรี,Khun Si,Sai Noi,Nonthaburi
120506,11150,คลองขวาง,ไทรน้อย,นนทบุรี,Khlong Khwang,Sai Noi,Nonthaburi
120507,11150,ทวีวัฒนา,ไทรน้อย,นนทบุรี,Thawi Watthana,Sai Noi,Nonthaburi
120601,11120,ปากเกร็ด,ปากเกร็ด,นนทบุรี,Pak Kret,Pak Kret,Nonthaburi
120602,11120,บางตลาด,ปากเกร็ด,นนทบุรี,Bang Talat,Pak Kret,Nonthaburi
120603,11120,บ้านใหม่,ปากเกร็ด,นนทบุรี,Ban Mai,Pak Kret,Nonthaburi
120604,11120,บางพูด,ปากเกร็ด,นนทบุรี,Bang Phut,Pak Kret,Nonthaburi
120605,11120,บางตะไนย์,ปากเกร็ด,นนทบุรี,Bang Tanai,Pak Kret,Nonthaburi
120606,11120,คลองพระอุดม,ปากเกร็ด,นนทบุรี,Khlong Phra Udom,Pak Kret,Nonthaburi
120607,11120,ท่าอิฐ,ปากเกร็ด,นนทบุรี,Tha It,Pak Kret,Nonthaburi
120608,11120,เกาะเกร็ด,ปากเกร็ด,นนทบุรี,Ko Kret,Pak Kret,Nonthaburi
120609,11120,อ้อมเกร็ด,ปากเกร็ด,นนทบุรี,Om Kret,Pak Kret,Nonthaburi
120610,11120,คลองข่อย,ปากเกร็ด,นนทบุรี,Khlong Khoi,Pak Kret,Nonthaburi
120611,11120,บางพลับ,ปากเกร็ด,นนทบุรี,Bang Phlap,Pak Kret,Nonthaburi
120612,11120,คลองเกลือ,ปากเกร็ด,นนทบุรี,Khlong Kluea,Pak Kret,Nonthaburi
130101,12000,บางปรอก,เมืองปทุมธานี,ปทุมธานี,Bang Prok,Mueang Pathum Thani,Pathum Thani
130102,12000,บ้านใหม่,เมืองปทุมธานี,ปทุมธานี,Ban Mai,Mueang Pathum Thani,Pathum Thani
130103,12000,บ้านกลาง,เมืองปทุมธานี,ปทุมธานี,Ban Klang,Mueang Pathum Thani,Pathum Thani
130104,12000,บ้านฉาง,เมืองปทุมธานี,ปทุมธานี,Ban Chang,Mueang Pathum Thani,Pathum Thani
130105,12000,บ้านกระแชง,เมืองปทุมธานี,ปทุมธานี,Ban Krachaeng,Mueang Pathum Thani,Pathum Thani
130106,12000,บางขะแยง,เมืองปทุมธานี,ปทุมธานี,Bang Khayaeng,Mueang Pathum Thani,Pathum Thani
130107,12000,บางคูวัด,เมืองปทุมธานี,ปทุมธานี,Bang Khu Wat,Mueang Pathum Thani,Pathum Thani
130108,12000,บางหลวง,เมืองปทุมธานี,ปทุมธานี,Bang Luang,Mueang Pathum Thani,Pathum Thani
130109,12000,บางเดื่อ,เมืองปทุมธานี,ปทุมธานี,Bang Duea,Mueang Pathum Thani,Pathum Thani
130110,12000,บางพูด,เมืองปทุมธานี,ปทุมธานี,Bang Phut,Mueang Pathum Thani,Pathum Thani
130111,12000,บางพูน,เมืองปทุมธานี,ปทุมธานี,Bang Phun,Mueang Pathum Thani,Pathum Thani
130112,12000,บางกะดี,เมืองปทุมธานี,ปทุมธานี,Bang Kadi,Mueang Pathum Thani,Pathum Thani
130113,12000,สวนพริกไทย,เมืองปทุมธานี,ปทุมธานี,Suan Phrik Thai,Mueang Pathum Thani,Pathum Thani
130114,12000,หลักหก,เมืองปทุมธานี,ปทุมธานี,Lak Hok,Mueang Pathum Thani,Pathum Thani
130201,12120,คลองหนึ่ง,คลองหลวง,ปทุมธานี,Khlong Nueng,Khlong Luang,Pathum Thani
130202,12120,คลองสอง,คลองหลวง,ปทุมธานี,Khlong Song,Khlong Luang,Pathum Thani
130203,12120,คลองสาม,คลองหลวง,ปทุมธานี,Khlong Sam,Khlong Luang,Pathum Thani
130204,12120,คลองสี่,คลองหลวง,ปทุมธานี,Khlong Si,Khlong Luang,Pathum Thani
130205,12120,คลองห้า,คลองหลวง,ปทุมธานี,Khlong Ha,Khlong Luang,Pathum Thani
130206,12120,คลองหก,คลองหลวง,ปทุมธานี,Khlong Hok,Khlong Luang,Pathum Thani
130207,12120,คลองเจ็ด,คลองหลวง,ปทุมธานี,Khlong Chet,Khlong Luang,Pathum Thani
130301,12130,ประชาธิปัตย์,ธัญบุรี,ปทุมธานี,Pracha Thipat,Thanyaburi,Pathum Thani
130302,12130,บึงยี่โถ,ธัญบุรี,ปทุมธานี,Bueng Yitho,Thanyaburi,Pathum Thani
130303,12110,รังสิต,ธัญบุรี,ปทุมธานี,Rangsit,Thanyaburi,Pathum Thani
130304,12110,ลำผักกูด,ธัญบุรี,ปทุมธานี,Lam Phak Kut,Thanyaburi,Pathum Thani
130305,12110,บึงสนั่น,ธัญบุรี,ปทุมธานี,Bueng Sanan,Thanyaburi,Pathum Thani
130306,12110,บึงน้ำรักษ์,ธัญบุรี,ปทุมธานี,Bueng Nam Rak,Thanyaburi,Pathum Thani
130401,12170,บึงบา,หนองเสือ,ปทุมธานี,Bueng Ba,Nong Suea,Pathum Thani
130402,12170,บึงบอน,หนองเสือ,ปทุมธานี,Bueng Bon,Nong Suea,Pathum Thani
130403,12170,บึงกาสาม,หนองเสือ,ปทุมธานี,Bueng Ka Sam,Nong Suea,Pathum Thani
130404,12170,บึงชำอ้อ,หนองเสือ,ปทุมธานี,Bueng Cham O,Nong Suea,Pathum Thani
130405,12170,หนองสามวัง,หนองเสือ,ปทุมธานี,Nong Sam Wang,Nong Suea,Pathum Thani
130406,12170,ศาลาครุ,หนองเสือ,ปทุมธานี,Sala Khru,Nong Suea,Pathum Thani
130407,12170,นพรัตน์,หนองเสือ,ปทุมธานี,Noppharat,Nong Suea,Pathum Thani
130501,12140,ระแหง,ลาดหลุมแก้ว,ปทุมธานี,Rahaeng,Lat Lum Kaeo,Pathum Thani
130502,12140,ลาดหลุมแก้ว,ลาดหลุมแก้ว,ปทุมธานี,Lat Lum Kaeo,Lat Lum Kaeo,Pathum Thani
130503,12140,คูบางหลวง,ลาดหลุมแก้ว,ปทุมธานี,Khu Bang Luang,Lat Lum Kaeo,Pathum Thani
130504,12140,คูขวาง,ลาดหลุมแก้ว,ปทุมธานี,Khu Khwang,Lat Lum Kaeo,Pathum Thani
130505,12140,คลองพระอุดม,ลาดหลุมแก้ว,ปทุมธานี,Khlong Phra Udom,Lat Lum Kaeo,Pathum Thani
130506,12140,บ่อเงิน,ลาดหลุมแก้ว,ปทุมธานี,Bo Ngoen,Lat Lum Kaeo,Pathum Thani
130507,12140,หน้าไม้,ลาดหลุมแก้ว,ปทุมธานี,Na Mai,Lat Lum Kaeo,Pathum Thani
130601,12130,คูคต,ลำลูกกา,ปทุมธานี,Khu Khot,Lam Luk Ka,Pathum Thani
130602,12150,ลาดสวาย,ลำลูกกา,ปทุมธานี,Lat Sawai,Lam Luk Ka,Pathum Thani
130603,12150,บึงคำพร้อย,ลำลูกกา,ปทุมธานี,Bueng Kham Phoi,Lam Luk Ka,Pathum Thani
130604,12150,ลำลูกกา,ลำลูกกา,ปทุมธานี,Lam Luk Ka,Lam Luk Ka,Pathum Thani
130605,12150,บึงทองหลาง,ลำลูกกา,ปทุมธานี,Bueng Thong Lang,Lam Luk Ka,Pathum Thani
130606,12150,ลำไทร,ลำลูกกา,ปทุมธานี,Lam Sai,Lam Luk Ka,Pathum Thani
130607,12150,บึงคอไห,ลำลูกกา,ปทุมธานี,Bueng Kho Hai,Lam Luk Ka,Pathum Thani
130608,12150,พืชอุดม,ลำลูกกา,ปทุมธานี,Phuet Udom,Lam Luk Ka,Pathum Thani
130701,12160,บางเตย,สามโคก,ปทุมธานี,Bang Toei,Sam Khok,Pathum Thani
130702,12160,คลองควาย,สามโคก,ปทุมธานี,Khlong Khwai,Sam Khok,Pathum Thani
130703,12160,สามโคก,สามโคก,ปทุมธานี,Sam Khok,Sam Khok,Pathum Thani
130704,12160,กระแชง,สามโคก,ปทุมธานี,Krachaeng,Sam Khok,Pathum Thani
130705,12160,บางโพธิ์เหนือ,สามโคก,ปทุมธานี,Bang Pho Nuea,Sam Khok,Pathum Thani
130706,12160,เชียงรากใหญ่,สามโคก,ปทุมธานี,Chiang Rak Yai,Sam Khok,Pathum Thani
130707,12160,บ้านปทุม,สามโคก,ปทุมธานี,Ban Pathum,Sam Khok,Pathum Thani
130708,12160,บ้านงิ้ว,สามโคก,ปทุมธานี,Ban Ngio,Sam Khok,Pathum Thani
130709,12160,เชียงรากน้อย,สามโคก,ปทุมธานี,Chiang Rak Noi,Sam Khok,Pathum Thani
130710,12160,บางกระบือ,สามโคก,ปทุมธานี,Bang Krabue,Sam Khok,Pathum Thani
130711,12160,ท้ายเกาะ,สามโคก,ปทุมธานี,Thai Ko,Sam Khok,Pathum Thani
140101,13000,ประตูชัย,พระนครศรีอยุธยา,พระนครศรีอยุธยา,Pratu Chai,Phra Nakhon Si Ayutthaya,Phra Nakhon Si Ayutthaya
140102,13000,กะมัง,พระนครศรีอยุธยา,พระนครศรีอยุธยา,Kamang,Phra Nakhon Si Ayutthaya,Phra Nakhon Si Ayutthaya
140103,13000,หอรัตนไชย,พระนครศรีอยุธยา,พระนครศรีอยุธยา,Ho Rattana Chai,Phra Nakhon Si Ayutthaya,Phra Nakhon Si Ayutthaya
140104,13000,หัวรอ,พระนครศรีอยุธยา,พระนครศรีอยุธยา,Hua Ro,Phra Nakhon Si Ayutthaya,Phra Nakhon Si Ayutthaya
140105,13000,ท่าวาสุกรี,พระนครศรีอยุธยา,พระนครศรีอยุธยา,Tha Wasukri,Phra Nakhon Si Ayutthaya,Phra Nakhon Si Ayutthaya
140106,13000,ไผ่ลิง,พระนครศรีอยุธยา,พระนครศรีอยุธยา,Phai Ling,Phra Nakhon Si Ayutthaya,Phra Nakhon Si Ayutthaya
140107,13000,ปากกราน,พระนครศรีอยุธยา,พระนครศรีอยุธยา,Pak Kran,Phra Nakhon Si Ayutthaya,Phra Nakhon Si Ayutthaya
140108,13000,ภูเขาทอง,พระนครศรีอยุธยา,พระนครศรีอยุธยา,Phu Khao Thong,Phra Nakhon Si Ayutthaya,Phra Nakhon Si Ayutthaya
140109,13000,สำเภาล่ม,พระนครศรีอยุธยา,พระนครศรีอยุธยา,Samphao Lom,Phra Nakhon Si Ayutthaya,Phra Nakhon Si Ayutthaya
140110,13000,สวนพริก,พระนครศรีอยุธยา,พระนครศรีอยุธยา,Suan Phrik,Phra Nakhon Si Ayutthaya,Phra Nakhon Si Ayutthaya
140111,13000,คลองตะเคียน,พระนครศรีอยุธยา,พระนครศรีอยุธยา,Khlong Takhian,Phra Nakhon Si Ayutthaya,Phra Nakhon Si Ayutthaya
140112,13000,วัดตูม,พระนครศรีอยุธยา,พระนครศรีอยุธยา,Wat Tum,Phra Nakhon Si Ayutthaya,Phra Nakhon Si Ayutthaya
140113,13000,หันตรา,พระนครศรีอยุธยา,พระนครศรีอยุธยา,Han Tra,Phra Nakhon Si Ayutthaya,Phra Nakhon Si Ayutthaya
140114,13000,ลุมพลี,พระนครศรีอยุธยา,พระนครศรีอยุธยา,Lumphli,Phra Nakhon Si Ayutthaya,Phra Nakhon Si Ayutthaya
140115,13000,บ้านใหม่,พระนครศรีอยุธยา,พระนครศรีอยุธยา,Ban Mai,Phra Nakhon Si Ayutthaya,Phra Nakhon Si Ayutthaya
140116,13000,บ้านเกาะ,พระนครศรีอยุธยา,พระนครศรีอยุธยา,Ban Ko,Phra Nakhon Si Ayutthaya,Phra Nakhon Si Ayutthaya
140117,13000,คลองสวนพลู,พระนครศรีอยุธยา,พระนครศรีอยุธยา,Khlong Suan Phu,Phra Nakhon Si Ayutthaya,Phra Nakhon Si Ayutthaya
140118,13000,คลองสระบัว,พระนครศรีอยุธยา,พระนครศรีอยุธยา,Khlong Sa Bua,Phra Nakhon Si Ayutthaya,Phra Nakhon Si Ayutthaya
140119,13000,เกาะเรียน,พระนครศรีอยุธยา,พระนครศรีอยุธยา,Ko Rian,Phra Nakhon Si Ayutthaya,Phra Nakhon Si Ayutthaya
140120,13000,บ้านป้อม,พระนครศรีอยุธยา,พระนครศรีอยุธยา,Ban Pom,Phra Nakhon Si Ayutthaya,Phra Nakhon Si Ayutthaya
140121,13000,บ้านรุน,พระนครศรีอยุธยา,พระนครศรีอยุธยา,Ban Run,Phra Nakhon Si Ayutthaya,Phra Nakhon Si Ayutthaya
140201,13130,ท่าเรือ,ท่าเรือ,พระนครศรีอยุธยา,Tha Ruea,Tha Ruea,Phra Nakhon Si Ayutthaya
140202,13130,จำปา,ท่าเรือ,พระนครศรีอยุธยา,Champa,Tha Ruea,Phra Nakhon Si Ayutthaya
140203,13130,ท่าหลวง,ท่าเรือ,พระนครศรีอยุธยา,Tha Luang,Tha Ruea,Phra Nakhon Si Ayutthaya
140204,13130,บ้านร่อม,ท่าเรือ,พระนครศรีอยุธยา,Ban Rom,Tha Ruea,Phra Nakhon Si Ayutthaya
140205,13130,ศาลาลอย,ท่าเรือ,พระนครศรีอยุธยา,Sala Loi,Tha Ruea,Phra Nakhon Si Ayutthaya
140206,13130,วังแดง,ท่าเรือ,พระนครศรีอยุธยา,Wang Daeng,Tha Ruea,Phra Nakhon Si Ayutthaya
140207,13130,โพธิ์เอน,ท่าเรือ,พระนครศรีอยุธยา,Pho En,Tha Ruea,Phra Nakhon Si Ayutthaya
140208,13130,ปากท่า,ท่าเรือ,พระนครศรีอยุธยา,Pak Tha,Tha Ruea,Phra Nakhon Si Ayutthaya
140209,13130,หนองขนาก,ท่าเรือ,พระนครศรีอยุธยา,Nong Khanak,Tha Ruea,Phra Nakhon Si Ayutthaya
140210,13130,ท่าเจ้าสนุก,ท่าเรือ,พระนครศรีอยุธยา,Tha Chao Sanuk,Tha Ruea,Phra Nakhon Si Ayutthaya
140301,13260,นครหลวง,นครหลวง,พระนครศรีอยุธยา,Nakhon Luang,Nakhon Luang,Phra Nakhon Si Ayutthaya
140302,13260,ท่าช้าง,นครหลวง,พระนครศรีอยุธยา,Tha Chang,Nakhon Luang,Phra Nakhon Si Ayutthaya
140303,13260,บ่อโพง,นครหลวง,พระนครศรีอยุธยา,Bo Phong,Nakhon Luang,Phra Nakhon Si Ayutthaya
140304,13260,บ้านชุ้ง,นครหลวง,พระนครศรีอยุธยา,Ban Chung,Nakhon Luang,Phra Nakhon Si Ayutthaya
140305,13260,ปากจั่น,นครหลวง,พระนครศรีอยุธยา,Pak Chan,Nakhon Luang,Phra Nakhon Si Ayutthaya
140306,13260,บางระกำ,นครหลวง,พระนครศรีอยุธยา,Bang Rakam,Nakhon Luang,Phra Nakhon Si Ayutthaya
140307,13260,บางพระครู,นครหลวง,พระนครศรีอยุธยา,Bang Phrakhru,Nakhon Luang,Phra Nakhon Si Ayutthaya
140308,13260,แม่ลา,นครหลวง,พระนครศรีอยุธยา,Mae La,Nakhon Luang,Phra Nakhon Si Ayutthaya
140309,13260,หนองปลิง,นครหลวง,พระนครศรีอยุธยา,Nong Pling,Nakhon Luang,Phra Nakhon Si Ayutthaya
140310,13260,คลองสะแก,นครหลวง,พระนครศรีอยุธยา,Khlong Sakae,Nakhon Luang,Phra Nakhon Si Ayutthaya
140311,13260,สามไถ,นครหลวง,พระนครศรีอยุธยา,Sam Thai,Nakhon Luang,Phra Nakhon Si Ayutthaya
140312,13260,พระนอน,นครหลวง,พระนครศรีอยุธยา,Phra Non,Nakhon Luang,Phra Nakhon Si Ayutthaya
140401,13190,บางไทร,บางไทร,พระนครศรีอยุธยา,Bang Sai,Bang Sai,Phra Nakhon Si Ayutthaya
140402,13190,บางพลี,บางไทร,พระนครศรีอยุธยา,Bang Phli,Bang Sai,Phra Nakhon Si Ayutthaya
140403,13190,สนามชัย,บางไทร,พระนครศรีอยุธยา,Sanam Chai,Bang Sai,Phra Nakhon Si Ayutthaya
140404,13190,บ้านแป้ง,บางไทร,พระนครศรีอยุธยา,Ban Paeng,Bang Sai,Phra Nakhon Si Ayutthaya
140405,13190,หน้าไม้,บางไทร,พระนครศรีอยุธยา,Na Mai,Bang Sai,Phra Nakhon Si Ayutthaya
140406,13190,บางยี่โท,บางไทร,พระนครศรีอยุธยา,Bang Yitho,Bang Sai,Phra Nakhon Si Ayutthaya
140407,13190,แคออก,บางไทร,พระนครศรีอยุธยา,Khae Ok,Bang Sai,Phra Nakhon Si Ayutthaya
140408,13190,แคตก,บางไทร,พระนครศรีอยุธยา,Khae Tok,Bang Sai,Phra Nakhon Si Ayutthaya
140409,13190,ช่างเหล็ก,บางไทร,พระนครศรีอยุธยา,Chang Lek,Bang Sai,Phra Nakhon Si Ayutthaya
140410,13190,กระแชง,บางไทร,พระนครศรีอยุธยา,Krachaeng,Bang Sai,Phra Nakhon Si Ayutthaya
140411,13190,บ้านกลึง,บางไทร,พระนครศรีอยุธยา,Ban Klueng,Bang Sai,Phra Nakhon Si Ayutthaya
140412,13190,ช้างน้อย,บางไทร,พระนครศรีอยุธยา,Chang Noi,Bang Sai,Phra Nakhon Si Ayutthaya
140413,13190,ห่อหมก,บางไทร,พระนครศรีอยุธยา,Ho Mok,Bang Sai,Phra Nakhon Si Ayutthaya
140414,13190,ไผ่พระ,บางไทร,พระนครศรีอยุธยา,Phai Phra,Bang Sai,Phra Nakhon Si Ayutthaya
140415,13190,กกแก้วบูรพา,บางไทร,พระนครศรีอยุธยา,Kok Kaeo Burapha,Bang Sai,Phra Nakhon Si Ayutthaya
140416,13190,ไม้ตรา,บางไทร,พระนครศรีอยุธยา,Mai Tra,Bang Sai,Phra Nakhon Si Ayutthaya
140417,13190,บ้านม้า,บางไทร,พระนครศรีอยุธยา,Ban Ma,Bang Sai,Phra Nakhon Si Ayutthaya
140418,13190,บ้านเกาะ,บางไทร,พระนครศรีอยุธยา,Ban Ko,Bang Sai,Phra Nakhon Si Ayutthaya
140419,13290,ราชคราม,บางไทร,พระนครศรีอยุธยา,Ratchakhram,Bang Sai,Phra Nakhon Si Ayutthaya
140420,13290,ช้างใหญ่,บางไทร,พระนครศรีอยุธยา,Chang Yai,Bang Sai,Phra Nakhon Si Ayutthaya
140421,13290,โพแตง,บางไทร,พระนครศรีอยุธยา,Po Tang,Bang Sai,Phra Nakhon Si Ayutthaya
140422,13290,เชียงรากน้อย,บางไทร,พระนครศรีอยุธยา,Chiang Rak Noi,Bang Sai,Phra Nakhon Si Ayutthaya
140423,13190,โคกช้าง,บางไทร,พระนครศรีอยุธยา,Khok Chang,Bang Sai,Phra Nakhon Si Ayutthaya
140501,13250,บางบาล,บางบาล,พระนครศรีอยุธยา,Bang Ban,Bang Ban,Phra Nakhon Si Ayutthaya
140502,13250,วัดยม,บางบาล,พระนครศรีอยุธยา,Wat Yom,Bang Ban,Phra Nakhon Si Ayutthaya
140503,13250,ไทรน้อย,บางบาล,พระนครศรีอยุธยา,Sai Noi,Bang Ban,Phra Nakhon Si Ayutthaya
140504,13250,สะพานไทย,บางบาล,พระนครศรีอยุธยา,Saphan Thai,Bang Ban,Phra Nakhon Si Ayutthaya
140505,13250,มหาพราหมณ์,บางบาล,พระนครศรีอยุธยา,Mahaphram,Bang Ban,Phra Nakhon Si Ayutthaya
140506,13250,กบเจา,บางบาล,พระนครศรีอยุธยา,Kop Chao,Bang Ban,Phra Nakhon Si Ayutthaya
140507,13250,บ้านคลัง,บางบาล,พระนครศรีอยุธยา,Ban Khlang,Bang Ban,Phra Nakhon Si Ayutthaya
140508,13250,พระขาว,บางบาล,พระนครศรีอยุธยา,Phra Khao,Bang Ban,Phra Nakhon Si Ayutthaya
140509,13250,น้ำเต้า,บางบาล,พระนครศรีอยุธยา,Namtao,Bang Ban,Phra Nakhon Si Ayutthaya
140510,13250,ทางช้าง,บางบาล,พระนครศรีอยุธยา,Thang Chang,Bang Ban,Phra Nakhon Si Ayutthaya
140511,13250,วัดตะกู,บางบาล,พระนครศรีอยุธยา,Wat Taku,Bang Ban,Phra Nakhon Si Ayutthaya
140512,13250,บางหลวง,บางบาล,พระนครศรีอยุธยา,Bang Luang,Bang Ban,Phra Nakhon Si Ayutthaya
140513,13250,บางหลวงโดด,บางบาล,พระนครศรีอยุธยา,Bang Luang Dot,Bang Ban,Phra Nakhon Si Ayutthaya
140514,13250,บางหัก,บางบาล,พระนครศรีอยุธยา,Bang Hak,Bang Ban,Phra Nakhon Si Ayutthaya
140515,13250,บางชะนี,บางบาล,พระนครศรีอยุธยา,Bang Chani,Bang Ban,Phra Nakhon Si Ayutthaya
140516,13250,บ้านกุ่ม,บางบาล,พระนครศรีอยุธยา,Ban Kum,Bang Ban,Phra Nakhon Si Ayutthaya
140601,13160,บ้านเลน,บางปะอิน,พระนครศรีอยุธยา,Ban Len,Bang Pa-In,Phra Nakhon Si Ayutthaya
140602,13180,เชียงรากน้อย,บางปะอิน,พระนครศรีอยุธยา,Chiang Rak Noi,Bang Pa-In,Phra Nakhon Si Ayutthaya
140603,13160,บ้านโพ,บางปะอิน,พระนครศรีอยุธยา,Ban Pho,Bang Pa-In,Phra Nakhon Si Ayutthaya
140604,13160,บ้านกรด,บางปะอิน,พระนครศรีอยุธยา,Ban Krot,Bang Pa-In,Phra Nakhon Si Ayutthaya
140605,13160,บางกระสั้น,บางปะอิน,พระนครศรีอยุธยา,Bang Krasan,Bang Pa-In,Phra Nakhon Si Ayutthaya
140606,13160,คลองจิก,บางปะอิน,พระนครศรีอยุธยา,Khlong Chik,Bang Pa-In,Phra Nakhon Si Ayutthaya
140607,13160,บ้านหว้า,บางปะอิน,พระนครศรีอยุธยา,Ban Wa,Bang Pa-In,Phra Nakhon Si Ayutthaya
140608,13160,วัดยม,บางปะอิน,พระนครศรีอยุธยา,Wat Yom,Bang Pa-In,Phra Nakhon Si Ayutthaya
140609,13160,บางประแดง,บางปะอิน,พระนครศรีอยุธยา,Bang Pradaeng,Bang Pa-In,Phra Nakhon Si Ayutthaya
140610,13160,สามเรือน,บางปะอิน,พระนครศรีอยุธยา,Sam Ruean,Bang Pa-In,Phra Nakhon Si Ayutthaya
140611,13160,เกาะเกิด,บางปะอิน,พระนครศรีอยุธยา,Ko Koet,Bang Pa-In,Phra Nakhon Si Ayutthaya
140612,13160,บ้านพลับ,บางปะอิน,พระนครศรีอยุธยา,Ban Phlap,Bang Pa-In,Phra Nakhon Si Ayutthaya
140613,13160,บ้านแป้ง,บางปะอิน,พระนครศรีอยุธยา,Ban Paeng,Bang Pa-In,Phra Nakhon Si Ayutthaya
140614,13160,คุ้งลาน,บางปะอิน,พระนครศรีอยุธยา,Khung Lan,Bang Pa-In,Phra Nakhon Si Ayutthaya
140615,13160,ตลิ่งชัน,บางปะอิน,พระนครศรีอยุธยา,Taling Chan,Bang Pa-In,Phra Nakhon Si Ayutthaya
140616,13170,บ้านสร้าง,บางปะอิน,พระนครศรีอยุธยา,Ban Sang,Bang Pa-In,Phra Nakhon Si Ayutthaya
140617,13160,ตลาดเกรียบ,บางปะอิน,พระนครศรีอยุธยา,Talat Kriap,Bang Pa-In,Phra Nakhon Si Ayutthaya
140618,13160,ขนอนหลวง,บางปะอิน,พระนครศรีอยุธยา,Khanon Luang,Bang Pa-In,Phra Nakhon Si Ayutthaya
140701,13220,บางปะหัน,บางปะหัน,พระนครศรีอยุธยา,Bang Pahan,Bang Pahan,Phra Nakhon Si Ayutthaya
140702,13220,ขยาย,บางปะหัน,พระนครศรีอยุธยา,Khayai,Bang Pahan,Phra Nakhon Si Ayutthaya
140703,13220,บางเดื่อ,บางปะหัน,พระนครศรีอยุธยา,Bang Duea,Bang Pahan,Phra Nakhon Si Ayutthaya
140704,13220,เสาธง,บางปะหัน,พระนครศรีอยุธยา,Sao Thong,Bang Pahan,Phra Nakhon Si Ayutthaya
140705,13220,ทางกลาง,บางปะหัน,พระนครศรีอยุธยา,Thang Klang,Bang Pahan,Phra Nakhon Si Ayutthaya
140706,13220,บางเพลิง,บางปะหัน,พระนครศรีอยุธยา,Bang Phloeng,Bang Pahan,Phra Nakhon Si Ayutthaya
140707,13220,หันสัง,บางปะหัน,พระนครศรีอยุธยา,Han Sang,Bang Pahan,Phra Nakhon Si Ayutthaya
140708,13220,บางนางร้า,บางปะหัน,พระนครศรีอยุธยา,Bang Nang Ra,Bang Pahan,Phra Nakhon Si Ayutthaya
140709,13220,ตานิม,บางปะหัน,พระนครศรีอยุธยา,Tanim,Bang Pahan,Phra Nakhon Si Ayutthaya
140710,13220,ทับน้ำ,บางปะหัน,พระนครศรีอยุธยา,Thap Nam,Bang Pahan,Phra Nakhon Si Ayutthaya
140711,13220,บ้านม้า,บางปะหัน,พระนครศรีอยุธยา,Ban Ma,Bang Pahan,Phra Nakhon Si Ayutthaya
140712,13220,ขวัญเมือง,บางปะหัน,พระนครศรีอยุธยา,Khwan Mueang,Bang Pahan,Phra Nakhon Si Ayutthaya
140713,13220,บ้านลี่,บางปะหัน,พระนครศรีอยุธยา,Ban Li,Bang Pahan,Phra Nakhon Si Ayutthaya
140714,13220,โพธิ์สามต้น,บางปะหัน,พระนครศรีอยุธยา,Pho Sam Ton,Bang Pahan,Phra Nakhon Si Ayutthaya
140715,13220,พุทเลา,บางปะหัน,พระนครศรีอยุธยา,Phut Lao,Bang Pahan,Phra Nakhon Si Ayutthaya
140716,13220,ตาลเอน,บางปะหัน,พระนครศรีอยุธยา,Tan En,Bang Pahan,Phra Nakhon Si Ayutthaya
140717,13220,บ้านขล้อ,บางปะหัน,พระนครศรีอยุธยา,Ban Khlo,Bang Pahan,Phra Nakhon Si Ayutthaya
140801,13120,ผักไห่,ผักไห่,พระนครศรีอยุธยา,Phak Hai,Phak Hai,Phra Nakhon Si Ayutthaya
140802,13120,อมฤต,ผักไห่,พระนครศรีอยุธยา,Ammarit,Phak Hai,Phra Nakhon Si Ayutthaya
140803,13120,บ้านแค,ผักไห่,พระนครศรีอยุธยา,Ban Khae,Phak Hai,Phra Nakhon Si Ayutthaya
140804,13120,ลาดน้ำเค็ม,ผักไห่,พระนครศรีอยุธยา,Lat Nam Khem,Phak Hai,Phra Nakhon Si Ayutthaya
140805,13120,ตาลาน,ผักไห่,พระนครศรีอยุธยา,Ta Lan,Phak Hai,Phra Nakhon Si Ayutthaya
140806,13120,ท่าดินแดง,ผักไห่,พระนครศรีอยุธยา,Tha Din Daeng,Phak Hai,Phra Nakhon Si Ayutthaya
140807,13280,ดอนลาน,ผักไห่,พระนครศรีอยุธยา,Don Lan,Phak Hai,Phra Nakhon Si Ayutthaya
140808,13280,นาคู,ผักไห่,พระนครศรีอยุธยา,Na Khu,Phak Hai,Phra Nakhon Si Ayutthaya
140809,13120,กุฎี,ผักไห่,พระนครศรีอยุธยา,Ku Di,Phak Hai,Phra Nakhon Si Ayutthaya
140810,13280,ลำตะเคียน,ผักไห่,พระนครศรีอยุธยา,Lam Takhian,Phak Hai,Phra Nakhon Si Ayutthaya
140811,13120,โคกช้าง,ผักไห่,พระนครศรีอยุธยา,Khok Chang,Phak Hai,Phra Nakhon Si Ayutthaya
140812,13280,จักราช,ผักไห่,พระนครศรีอยุธยา,Chakkarat,Phak Hai,Phra Nakhon Si Ayutthaya
140813,13280,หนองน้ำใหญ่,ผักไห่,พระนครศรีอยุธยา,Nong Nam Yai,Phak Hai,Phra Nakhon Si Ayutthaya
140814,13120,ลาดชิด,ผักไห่,พระนครศรีอยุธยา,Lat Chit,Phak Hai,Phra Nakhon Si Ayutthaya
140815,13120,หน้าโคก,ผักไห่,พระนครศรีอยุธยา,Na Khok,Phak Hai,Phra Nakhon Si Ayutthaya
140816,13120,บ้านใหญ่,ผักไห่,พระนครศรีอยุธยา,Ban Yai,Phak Hai,Phra Nakhon Si Ayutthaya
140901,13140,ภาชี,ภาชี,พระนครศรีอยุธยา,Phachi,Phachi,Phra Nakhon Si Ayutthaya
140902,13140,โคกม่วง,ภาชี,พระนครศรีอยุธยา,Khok Muang,Phachi,Phra Nakhon Si Ayutthaya
140903,13140,ระโสม,ภาชี,พระนครศรีอยุธยา,Rasom,Phachi,Phra Nakhon Si Ayutthaya
140904,13140,หนองน้ำใส,ภาชี,พระนครศรีอยุธยา,Nong Nam Sai,Phachi,Phra Nakhon Si Ayutthaya
140905,13140,ดอนหญ้านาง,ภาชี,พระนครศรีอยุธยา,Don Ya Nang,Phachi,Phra Nakhon Si Ayutthaya
140906,13140,ไผ่ล้อม,ภาชี,พระนครศรีอยุธยา,Phai Lom,Phachi,Phra Nakhon Si Ayutthaya
140907,13140,กระจิว,ภาชี,พระนครศรีอยุธยา,Krachio,Phachi,Phra Nakhon Si Ayutthaya
140908,13140,พระแก้ว,ภาชี,พระนครศรีอยุธยา,Phra Kaeo,Phachi,Phra Nakhon Si Ayutthaya
141001,13230,ลาดบัวหลวง,ลาดบัวหลวง,พระนครศรีอยุธยา,Lat Bua Luang,Lat Bua Luang,Phra Nakhon Si Ayutthaya
141002,13230,หลักชัย,ลาดบัวหลวง,พระนครศรีอยุธยา,Lak Chai,Lat Bua Luang,Phra Nakhon Si Ayutthaya
141003,13230,สามเมือง,ลาดบัวหลวง,พระนครศรีอยุธยา,Sam Mueang,Lat Bua Luang,Phra Nakhon Si Ayutthaya
141004,13230,พระยาบันลือ,ลาดบัวหลวง,พระนครศรีอยุธยา,Phraya Banlue,Lat Bua Luang,Phra Nakhon Si Ayutthaya
141005,13230,สิงหนาท,ลาดบัวหลวง,พระนครศรีอยุธยา,Singhanat,Lat Bua Luang,Phra Nakhon Si Ayutthaya
141006,13230,คู้สลอด,ลาดบัวหลวง,พระนครศรีอยุธยา,Khu Salot,Lat Bua Luang,Phra Nakhon Si Ayutthaya
141007,13230,คลองพระยาบันลือ,ลาดบัวหลวง,พระนครศรีอยุธยา,Khlong Phraya Banlue,Lat Bua Luang,Phra Nakhon Si Ayutthaya
141101,13170,ลำตาเสา,วังน้อย,พระนครศรีอยุธยา,Lam Ta Sao,Wang Noi,Phra Nakhon Si Ayutthaya
141102,13170,บ่อตาโล่,วังน้อย,พระนครศรีอยุธยา,Bo Ta Lo,Wang Noi,Phra Nakhon Si Ayutthaya
141103,13170,วังน้อย,วังน้อย,พระนครศรีอยุธยา,Wang Noi,Wang Noi,Phra Nakhon Si Ayutthaya
141104,13170,ลำไทร,วังน้อย,พระนครศรีอยุธยา,Lam Sai,Wang Noi,Phra Nakhon Si Ayutthaya
141105,13170,สนับทึบ,วังน้อย,พระนครศรีอยุธยา,Sanap Thuep,Wang Noi,Phra Nakhon Si Ayutthaya
141106,13170,พยอม,วังน้อย,พระนครศรีอยุธยา,Phayom,Wang Noi,Phra Nakhon Si Ayutthaya
141107,13170,หันตะเภา,วังน้อย,พระนครศรีอยุธยา,Han Taphao,Wang Noi,Phra Nakhon Si Ayutthaya
141108,13170,วังจุฬา,วังน้อย,พระนครศรีอยุธยา,Wang Chula,Wang Noi,Phra Nakhon Si Ayutthaya
141109,13170,ข้าวงาม,วังน้อย,พระนครศรีอยุธยา,Khao Ngam,Wang Noi,Phra Nakhon Si Ayutthaya
141110,13170,ชะแมบ,วังน้อย,พระนครศรีอยุธยา,Chamaep,Wang Noi,Phra Nakhon Si Ayutthaya
141201,13110,เสนา,เสนา,พระนครศรีอยุธยา,Sena,Sena,Phra Nakhon Si Ayutthaya
141202,13110,บ้านแพน,เสนา,พระนครศรีอยุธยา,Ban Phaen,Sena,Phra Nakhon Si Ayutthaya
141203,13110,เจ้าเจ็ด,เสนา,พระนครศรีอยุธยา,Chao Chet,Sena,Phra Nakhon Si Ayutthaya
141204,13110,สามกอ,เสนา,พระนครศรีอยุธยา,Sam Ko,Sena,Phra Nakhon Si Ayutthaya
141205,13110,บางนมโค,เสนา,พระนครศรีอยุธยา,Bang Nom Kho,Sena,Phra Nakhon Si Ayutthaya
141206,13110,หัวเวียง,เสนา,พระนครศรีอยุธยา,Hua Wiang,Sena,Phra Nakhon Si Ayutthaya
141207,13110,มารวิชัย,เสนา,พระนครศรีอยุธยา,Man Wichai,Sena,Phra Nakhon Si Ayutthaya
141208,13110,บ้านโพธิ์,เสนา,พระนครศรีอยุธยา,Ban Pho,Sena,Phra Nakhon Si Ayutthaya
141209,13110,รางจรเข้,เสนา,พระนครศรีอยุธยา,Rang Chorakhe,Sena,Phra Nakhon Si Ayutthaya
141210,13110,บ้านกระทุ่ม,เสนา,พระนครศรีอยุธยา,Ban Krathum,Sena,Phra Nakhon Si Ayutthaya
141211,13110,บ้านแถว,เสนา,พระนครศรีอยุธยา,Ban Thaeo,Sena,Phra Nakhon Si Ayutthaya
141212,13110,ชายนา,เสนา,พระนครศรีอยุธยา,Chai Na,Sena,Phra Nakhon Si Ayutthaya
141213,13110,สามตุ่ม,เสนา,พระนครศรีอยุธยา,Sam Tum,Sena,Phra Nakhon Si Ayutthaya
141214,13110,ลาดงา,เสนา,พระนครศรีอยุธยา,Lat Nga,Sena,Phra Nakhon Si Ayutthaya
141215,13110,ดอนทอง,เสนา,พระนครศรีอยุธยา,Don Thong,Sena,Phra Nakhon Si Ayutthaya
141216,13110,บ้านหลวง,เสนา,พระนครศรีอยุธยา,Ban Luang,Sena,Phra Nakhon Si Ayutthaya
141217,13110,เจ้าเสด็จ,เสนา,พระนครศรีอยุธยา,Chao Sadet,Sena,Phra Nakhon Si Ayutthaya
141301,13270,บางซ้าย,บางซ้าย,พระนครศรีอยุธยา,Bang Sai,Bang Sai,Phra Nakhon Si Ayutthaya
141302,13270,แก้วฟ้า,บางซ้าย,พระนครศรีอยุธยา,Kaeo Fa,Bang Sai,Phra Nakhon Si Ayutthaya
141303,13270,เต่าเล่า,บางซ้าย,พระนครศรีอยุธยา,Tao Lao,Bang Sai,Phra Nakhon Si Ayutthaya
141304,13270,ปลายกลัด,บางซ้าย,พระนครศรีอยุธยา,Plai Klat,Bang Sai,Phra Nakhon Si Ayutthaya
141305,13270,เทพมงคล,บางซ้าย,พระนครศรีอยุธยา,Thep Mongkhon,Bang Sai,Phra Nakhon Si Ayutthaya
141306,13270,วังพัฒนา,บางซ้าย,พระนครศรีอยุธยา,Wang Phatthana,Bang Sai,Phra Nakhon Si Ayutthaya
141401,13210,คานหาม,อุทัย,พระนครศรีอยุธยา,Khan Ham,Uthai,Phra Nakhon Si Ayutthaya
141402,13210,บ้านช้าง,อุทัย,พระนครศรีอยุธยา,Ban Chang,Uthai,Phra Nakhon Si Ayutthaya
141403,13210,สามบัณฑิต,อุทัย,พระนครศรีอยุธยา,Sam Bandit,Uthai,Phra Nakhon Si Ayutthaya
141404,13210,บ้านหีบ,อุทัย,พระนครศรีอยุธยา,Ban Hip,Uthai,Phra Nakhon Si Ayutthaya
141405,13210,หนองไม้ซุง,อุทัย,พระนครศรีอยุธยา,Nong Mai Sung,Uthai,Phra Nakhon Si Ayutthaya
141406,13210,อุทัย,อุทัย,พระนครศรีอยุธยา,Uthai,Uthai,Phra Nakhon Si Ayutthaya
141407,13210,เสนา,อุทัย,พระนครศรีอยุธยา,Sena,Uthai,Phra Nakhon Si Ayutthaya
141408,13210,หนองน้ำส้ม,อุทัย,พระนครศรีอยุธยา,Nong Nam Som,Uthai,Phra Nakhon Si Ayutthaya
141409,13210,โพสาวหาญ,อุทัย,พระนครศรีอยุธยา,Pho Sao Han,Uthai,Phra Nakhon Si Ayutthaya
141410,13210,ธนู,อุทัย,พระนครศรีอยุธยา,Thanu,Uthai,Phra Nakhon Si Ayutthaya
141411,13210,ข้าวเม่า,อุทัย,พระนครศรีอยุธยา,Khao Mao,Uthai,Phra Nakhon Si Ayutthaya
141501,13150,หัวไผ่,มหาราช,พระนครศรีอยุธยา,Hua Phai,Maha Rat,Phra Nakhon Si Ayutthaya
141502,13150,กะทุ่ม,มหาราช,พระนครศรีอยุธยา,Kathum,Maha Rat,Phra Nakhon Si Ayutthaya
141503,13150,มหาราช,มหาราช,พระนครศรีอยุธยา,Maharat,Maha Rat,Phra Nakhon Si Ayutthaya
141504,13150,น้ำเต้า,มหาราช,พระนครศรีอยุธยา,Namtao,Maha Rat,Phra Nakhon Si Ayutthaya
141505,13150,บางนา,มหาราช,พระนครศรีอยุธยา,Bang Na,Maha Rat,Phra Nakhon Si Ayutthaya
141506,13150,โรงช้าง,มหาราช,พระนครศรีอยุธยา,Rong Chang,Maha Rat,Phra Nakhon Si Ayutthaya
141507,13150,เจ้าปลุก,มหาราช,พระนครศรีอยุธยา,Chao Pluk,Maha Rat,Phra Nakhon Si Ayutthaya
141508,13150,พิตเพียน,มหาราช,พระนครศรีอยุธยา,Phit Phian,Maha Rat,Phra Nakhon Si Ayutthaya
141509,13150,บ้านนา,มหาราช,พระนครศรีอยุธยา,Ban Na,Maha Rat,Phra Nakhon Si Ayutthaya
141510,13150,บ้านขวาง,มหาราช,พระนครศรีอยุธยา,Ban Khwang,Maha Rat,Phra Nakhon Si Ayutthaya
141511,13150,ท่าตอ,มหาราช,พระนครศรีอยุธยา,Tha To,Maha Rat,Phra Nakhon Si Ayutthaya
141512,13150,บ้านใหม่,มหาราช,พระนครศรีอยุธยา,Ban Mai,Maha Rat,Phra Nakhon Si Ayutthaya
141601,13240,บ้านแพรก,บ้านแพรก,พระนครศรีอยุธยา,Ban Phraek,Ban Phraek,Phra Nakhon Si Ayutthaya
141602,13240,บ้านใหม่,บ้านแพรก,พระนครศรีอยุธยา,Ban Mai,Ban Phraek,Phra Nakhon Si Ayutthaya
141603,13240,สำพะเนียง,บ้านแพรก,พระนครศรีอยุธยา,Sam Phaniang,Ban Phraek,Phra Nakhon Si Ayutthaya
141604,13240,คลองน้อย,บ้านแพรก,พระนครศรีอยุธยา,Khlong Noi,Ban Phraek,Phra Nakhon Si Ayutthaya
141605,13240,สองห้อง,บ้านแพรก,พระนครศรีอยุธยา,Song Hong,Ban Phraek,Phra Nakhon Si Ayutthaya
150101,14000,ตลาดหลวง,เมืองอ่างทอง,อ่างทอง,Talat Luang,Mueang Ang Thong,Ang Thong
150102,14000,บางแก้ว,เมืองอ่างทอง,อ่างทอง,Bang Kaeo,Mueang Ang Thong,Ang Thong
150103,14000,ศาลาแดง,เมืองอ่างทอง,อ่างทอง,Sala Daeng,Mueang Ang Thong,Ang Thong
150104,14000,ป่างิ้ว,เมืองอ่างทอง,อ่างทอง,Pa Ngio,Mueang Ang Thong,Ang Thong
150105,14000,บ้านแห,เมืองอ่างทอง,อ่างทอง,Ban Hae,Mueang Ang Thong,Ang Thong
150106,14000,ตลาดกรวด,เมืองอ่างทอง,อ่างทอง,Talat Kruat,Mueang Ang Thong,Ang Thong
150107,14000,มหาดไทย,เมืองอ่างทอง,อ่างทอง,Mahatthai,Mueang Ang Thong,Ang Thong
150108,14000,บ้านอิฐ,เมืองอ่างทอง,อ่างทอง,Ban It,Mueang Ang Thong,Ang Thong
150109,14000,หัวไผ่,เมืองอ่างทอง,อ่างทอง,Hua Phai,Mueang Ang Thong,Ang Thong
150110,14000,จำปาหล่อ,เมืองอ่างทอง,อ่างทอง,Champa Lo,Mueang Ang Thong,Ang Thong
150111,14000,โพสะ,เมืองอ่างทอง,อ่างทอง,Pho Sa,Mueang Ang Thong,Ang Thong
150112,14000,บ้านรี,เมืองอ่างทอง,อ่างทอง,Ban Ri,Mueang Ang Thong,Ang Thong
150113,14000,คลองวัว,เมืองอ่างทอง,อ่างทอง,Khlong Wua,Mueang Ang Thong,Ang Thong
150114,14000,ย่านซื่อ,เมืองอ่างทอง,อ่างทอง,Yan Sue,Mueang Ang Thong,Ang Thong
150201,14140,จรเข้ร้อง,ไชโย,อ่างทอง,Chorakhe Rong,Chaiyo,Ang Thong
150202,14140,ไชยภูมิ,ไชโย,อ่างทอง,Chaiyaphum,Chaiyo,Ang Thong
150203,14140,ชัยฤทธิ์,ไชโย,อ่างทอง,Chaiyarit,Chaiyo,Ang Thong
150204,14140,เทวราช,ไชโย,อ่างทอง,Thewarat,Chaiyo,Ang Thong
150205,14140,ราชสถิตย์,ไชโย,อ่างทอง,Ratsathit,Chaiyo,Ang Thong
150206,14140,ไชโย,ไชโย,อ่างทอง,Chaiyo,Chaiyo,Ang Thong
150207,14140,หลักฟ้า,ไชโย,อ่างทอง,Lak Fa,Chaiyo,Ang Thong
150208,14140,ชะไว,ไชโย,อ่างทอง,Chawai,Chaiyo,Ang Thong
150209,14140,ตรีณรงค์,ไชโย,อ่างทอง,Tri Narong,Chaiyo,Ang Thong
150301,14130,บางปลากด,ป่าโมก,อ่างทอง,Bang Pla Kot,Pa Mok,Ang Thong
150302,14130,ป่าโมก,ป่าโมก,อ่างทอง,Pa Mok,Pa Mok,Ang Thong
150303,14130,สายทอง,ป่าโมก,อ่างทอง,Sai Thong,Pa Mok,Ang Thong
150304,14130,โรงช้าง,ป่าโมก,อ่างทอง,Rong Chang,Pa Mok,Ang Thong
150305,14130,บางเสด็จ,ป่าโมก,อ่างทอง,Bang Sadet,Pa Mok,Ang Thong
150306,14130,นรสิงห์,ป่าโมก,อ่างทอง,Norasing,Pa Mok,Ang Thong
150307,14130,เอกราช,ป่าโมก,อ่างทอง,Ekkarat,Pa Mok,Ang Thong
150308,14130,โผงเผง,ป่าโมก,อ่างทอง,Phong Pheng,Pa Mok,Ang Thong
150401,14120,อ่างแก้ว,โพธิ์ทอง,อ่างทอง,Ang Kaeo,Pho Thong,Ang Thong
150402,14120,อินทประมูล,โพธิ์ทอง,อ่างทอง,Inthapramun,Pho Thong,Ang Thong
150403,14120,บางพลับ,โพธิ์ทอง,อ่างทอง,Bang Phlap,Pho Thong,Ang Thong
150404,14120,หนองแม่ไก่,โพธิ์ทอง,อ่างทอง,Nong Mae Kai,Pho Thong,Ang Thong
150405,14120,รำมะสัก,โพธิ์ทอง,อ่างทอง,Ram Masak,Pho Thong,Ang Thong
150406,14120,บางระกำ,โพธิ์ทอง,อ่างทอง,Bang Rakam,Pho Thong,Ang Thong
150407,14120,โพธิ์รังนก,โพธิ์ทอง,อ่างทอง,Pho Rang Nok,Pho Thong,Ang Thong
150408,14120,องครักษ์,โพธิ์ทอง,อ่างทอง,Ongkharak,Pho Thong,Ang Thong
150409,14120,โคกพุทรา,โพธิ์ทอง,อ่างทอง,Khok Phutsa,Pho Thong,Ang Thong
150410,14120,ยางช้าย,โพธิ์ทอง,อ่างทอง,Yang Chai,Pho Thong,Ang Thong
150411,14120,บ่อแร่,โพธิ์ทอง,อ่างทอง,Bo Rae,Pho Thong,Ang Thong
150412,14120,ทางพระ,โพธิ์ทอง,อ่างทอง,Thang Phra,Pho Thong,Ang Thong
150413,14120,สามง่าม,โพธิ์ทอง,อ่างทอง,Sam Ngam,Pho Thong,Ang Thong
150414,14120,บางเจ้าฉ่า,โพธิ์ทอง,อ่างทอง,Bang Chao Cha,Pho Thong,Ang Thong
150415,14120,คำหยาด,โพธิ์ทอง,อ่างทอง,Kham Yat,Pho Thong,Ang Thong
150501,14150,แสวงหา,แสวงหา,อ่างทอง,Sawaeng Ha,Sawaeng Ha,Ang Thong
150502,14150,ศรีพราน,แสวงหา,อ่างทอง,Si Phran,Sawaeng Ha,Ang Thong
150503,14150,บ้านพราน,แสวงหา,อ่างทอง,Ban Phran,Sawaeng Ha,Ang Thong
150504,14150,วังน้ำเย็น,แสวงหา,อ่างทอง,Wang Nam Yen,Sawaeng Ha,Ang Thong
150505,14150,สีบัวทอง,แสวงหา,อ่างทอง,Si Bua Thong,Sawaeng Ha,Ang Thong
150506,14150,ห้วยไผ่,แสวงหา,อ่างทอง,Huai Phai,Sawaeng Ha,Ang Thong
150507,14150,จำลอง,แสวงหา,อ่างทอง,Chamlong,Sawaeng Ha,Ang Thong
150601,14110,ไผ่จำศิล,วิเศษชัยชาญ,อ่างทอง,Phai Chamsin,Wiset Chai Chan,Ang Thong
150602,14110,ศาลเจ้าโรงทอง,วิเศษชัยชาญ,อ่างทอง,San Chao Rong Thong,Wiset Chai Chan,Ang Thong
150603,14110,ไผ่ดำพัฒนา,วิเศษชัยชาญ,อ่างทอง,Phai Dam Patthana,Wiset Chai Chan,Ang Thong
150604,14110,สาวร้องไห้,วิเศษชัยชาญ,อ่างทอง,Sao Rong Hai,Wiset Chai Chan,Ang Thong
150605,14110,ท่าช้าง,วิเศษชัยชาญ,อ่างทอง,Tha Chang,Wiset Chai Chan,Ang Thong
150606,14110,ยี่ล้น,วิเศษชัยชาญ,อ่างทอง,Yi Lon,Wiset Chai Chan,Ang Thong
150607,14110,บางจัก,วิเศษชัยชาญ,อ่างทอง,Bang Chak,Wiset Chai Chan,Ang Thong
150608,14110,ห้วยคันแหลน,วิเศษชัยชาญ,อ่างทอง,Huai Khan Laen,Wiset Chai Chan,Ang Thong
150609,14110,คลองขนาก,วิเศษชัยชาญ,อ่างทอง,Khlong Khanak,Wiset Chai Chan,Ang Thong
150610,14110,ไผ่วง,วิเศษชัยชาญ,อ่างทอง,Phai Wong,Wiset Chai Chan,Ang Thong
150611,14110,สี่ร้อย,วิเศษชัยชาญ,อ่างทอง,Si Roi,Wiset Chai Chan,Ang Thong
150612,14110,ม่วงเตี้ย,วิเศษชัยชาญ,อ่างทอง,Muang Tia,Wiset Chai Chan,Ang Thong
150613,14110,หัวตะพาน,วิเศษชัยชาญ,อ่างทอง,Hua Taphan,Wiset Chai Chan,Ang Thong
150614,14110,หลักแก้ว,วิเศษชัยชาญ,อ่างทอง,Lak Kaeo,Wiset Chai Chan,Ang Thong
150615,14110,ตลาดใหม่,วิเศษชัยชาญ,อ่างทอง,Talat Mai,Wiset Chai Chan,Ang Thong
150701,14160,สามโก้,สามโก้,อ่างทอง,Sam Ko,Samko,Ang Thong
150702,14160,ราษฎรพัฒนา,สามโก้,อ่างทอง,Ratsadon Phatthana,Samko,Ang Thong
150703,14160,อบทม,สามโก้,อ่างทอง,Optom,Samko,Ang Thong
150704,14160,โพธิ์ม่วงพันธ์,สามโก้,อ่างทอง,Pho Muang Phan,Samko,Ang Thong
150705,14160,มงคลธรรมนิมิต,สามโก้,อ่างทอง,Mongkhontham Nimit,Samko,Ang Thong
160101,15000,ทะเลชุบศร,เมืองลพบุรี,ลพบุรี,Thale Chup Son,Mueang Lop Buri,Loburi
160102,15000,ท่าหิน,เมืองลพบุรี,ลพบุรี,Tha Hin,Mueang Lop Buri,Loburi
160103,15000,กกโก,เมืองลพบุรี,ลพบุรี,Kok Ko,Mueang Lop Buri,Loburi
160104,13240,โก่งธนู,เมืองลพบุรี,ลพบุรี,Kong Thanu,Mueang Lop Buri,Loburi
160105,15000,เขาพระงาม,เมืองลพบุรี,ลพบุรี,Khao Phra Ngam,Mueang Lop Buri,Loburi
160106,15000,เขาสามยอด,เมืองลพบุรี,ลพบุรี,Khao Sam Yot,Mueang Lop Buri,Loburi
160107,15000,โคกกะเทียม,เมืองลพบุรี,ลพบุรี,Khok Kathiam,Mueang Lop Buri,Loburi
160108,15000,โคกลำพาน,เมืองลพบุรี,ลพบุรี,Khok Lamphan,Mueang Lop Buri,Loburi
160109,15210,โคกตูม,เมืองลพบุรี,ลพบุรี,Khok Tum,Mueang Lop Buri,Loburi
160110,15000,งิ้วราย,เมืองลพบุรี,ลพบุรี,Ngio Rai,Mueang Lop Buri,Loburi
160111,15000,ดอนโพธิ์,เมืองลพบุรี,ลพบุรี,Don Pho,Mueang Lop Buri,Loburi
160112,15000,ตะลุง,เมืองลพบุรี,ลพบุรี,Talung,Mueang Lop Buri,Loburi
160114,15000,ท่าแค,เมืองลพบุรี,ลพบุรี,Tha Khae,Mueang Lop Buri,Loburi
160115,15000,ท่าศาลา,เมืองลพบุรี,ลพบุรี,Tha Sala,Mueang Lop Buri,Loburi
160116,15000,นิคมสร้างตนเอง,เมืองลพบุรี,ลพบุรี,Nikhom Sang Ton-Eng,Mueang Lop Buri,Loburi
160117,15000,บางขันหมาก,เมืองลพบุรี,ลพบุรี,Bang Khan Mak,Mueang Lop Buri,Loburi
160118,15000,บ้านข่อย,เมืองลพบุรี,ลพบุรี,Ban Khoi,Mueang Lop Buri,Loburi
160119,15000,ท้ายตลาด,เมืองลพบุรี,ลพบุรี,Thai Talat,Mueang Lop Buri,Loburi
160120,15000,ป่าตาล,เมืองลพบุรี,ลพบุรี,Pa Tan,Mueang Lop Buri,Loburi
160121,15000,พรหมมาสตร์,เมืองลพบุรี,ลพบุรี,Phrommat,Mueang Lop Buri,Loburi
160122,15000,โพธิ์เก้าต้น,เมืองลพบุรี,ลพบุรี,Pho Kao Ton,Mueang Lop Buri,Loburi
160123,15000,โพธิ์ตรุ,เมืองลพบุรี,ลพบุรี,Pho Tru,Mueang Lop Buri,Loburi
160124,15000,สี่คลอง,เมืองลพบุรี,ลพบุรี,Si Khlong,Mueang Lop Buri,Loburi
160125,15000,ถนนใหญ่,เมืองลพบุรี,ลพบุรี,Thanon Yai,Mueang Lop Buri,Loburi
160201,15140,พัฒนานิคม,พัฒนานิคม,ลพบุรี,Phatthana Nikhom,Phatthana Nikhom,Loburi
160202,15220,ช่องสาริกา,พัฒนานิคม,ลพบุรี,Chong Sarika,Phatthana Nikhom,Loburi
160203,15140,มะนาวหวาน,พัฒนานิคม,ลพบุรี,Manao Wan,Phatthana Nikhom,Loburi
160204,15220,ดีลัง,พัฒนานิคม,ลพบุรี,Di Lang,Phatthana Nikhom,Loburi
160205,15140,โคกสลุง,พัฒนานิคม,ลพบุรี,Khok Salung,Phatthana Nikhom,Loburi
160206,15140,ชอนน้อย,พัฒนานิคม,ลพบุรี,Chon Noi,Phatthana Nikhom,Loburi
160207,15140,หนองบัว,พัฒนานิคม,ลพบุรี,Nong Bua,Phatthana Nikhom,Loburi
160208,18220,ห้วยขุนราม,พัฒนานิคม,ลพบุรี,Huai Khun Ram,Phatthana Nikhom,Loburi
160209,15140,น้ำสุด,พัฒนานิคม,ลพบุรี,Nam Sut,Phatthana Nikhom,Loburi
160301,15120,โคกสำโรง,โคกสำโรง,ลพบุรี,Khok Samrong,Khok Samrong,Loburi
160302,15120,เกาะแก้ว,โคกสำโรง,ลพบุรี,Ko Kaeo,Khok Samrong,Loburi
160303,15120,ถลุงเหล็ก,โคกสำโรง,ลพบุรี,Thalung Lek,Khok Samrong,Loburi
160304,15120,หลุมข้าว,โคกสำโรง,ลพบุรี,Lum Khao,Khok Samrong,Loburi
160305,15120,ห้วยโป่ง,โคกสำโรง,ลพบุรี,Huai Pong,Khok Samrong,Loburi
160306,15120,คลองเกตุ,โคกสำโรง,ลพบุรี,Khlong Ket,Khok Samrong,Loburi
160307,15120,สะแกราบ,โคกสำโรง,ลพบุรี,Sakae Rap,Khok Samrong,Loburi
160308,15120,เพนียด,โคกสำโรง,ลพบุรี,Phaniat,Khok Samrong,Loburi
160309,15120,วังเพลิง,โคกสำโรง,ลพบุรี,Wang Phloeng,Khok Samrong,Loburi
160310,15120,ดงมะรุม,โคกสำโรง,ลพบุรี,Dong Marum,Khok Samrong,Loburi
160318,15120,วังขอนขว้าง,โคกสำโรง,ลพบุรี,Wang Khon Khwang,Khok Samrong,Loburi
160320,15120,วังจั่น,โคกสำโรง,ลพบุรี,Wang Chan,Khok Samrong,Loburi
160322,15120,หนองแขม,โคกสำโรง,ลพบุรี,Nong Khaem,Khok Samrong,Loburi
160401,15130,ลำนารายณ์,ชัยบาดาล,ลพบุรี,Lam Narai,Chai Badan,Loburi
160402,15130,ชัยนารายณ์,ชัยบาดาล,ลพบุรี,Chai Narai,Chai Badan,Loburi
160403,15130,ศิลาทิพย์,ชัยบาดาล,ลพบุรี,Sila Thip,Chai Badan,Loburi
160404,15130,ห้วยหิน,ชัยบาดาล,ลพบุรี,Huai Hin,Chai Badan,Loburi
160405,15230,ม่วงค่อม,ชัยบาดาล,ลพบุรี,Muang Khom,Chai Badan,Loburi
160406,15130,บัวชุม,ชัยบาดาล,ลพบุรี,Bua Chum,Chai Badan,Loburi
160407,15130,ท่าดินดำ,ชัยบาดาล,ลพบุรี,Tha Din Dam,Chai Badan,Loburi
160408,15230,มะกอกหวาน,ชัยบาดาล,ลพบุรี,Makok Wan,Chai Badan,Loburi
160409,15130,ซับตะเคียน,ชัยบาดาล,ลพบุรี,Sap Takhian,Chai Badan,Loburi
160410,15190,นาโสม,ชัยบาดาล,ลพบุรี,Na Som,Chai Badan,Loburi
160411,15130,หนองยายโต๊ะ,ชัยบาดาล,ลพบุรี,Nong Yai To,Chai Badan,Loburi
160412,15130,เกาะรัง,ชัยบาดาล,ลพบุรี,Ko Rang,Chai Badan,Loburi
160414,15130,ท่ามะนาว,ชัยบาดาล,ลพบุรี,Tha Manao,Chai Badan,Loburi
160417,15130,นิคมลำนารายณ์,ชัยบาดาล,ลพบุรี,Nikhom Lam Narai,Chai Badan,Loburi
160418,15230,ชัยบาดาล,ชัยบาดาล,ลพบุรี,Chai Badan,Chai Badan,Loburi
160419,15130,บ้านใหม่สามัคคี,ชัยบาดาล,ลพบุรี,Ban Mai Samakkhi,Chai Badan,Loburi
160422,15130,เขาแหลม,ชัยบาดาล,ลพบุรี,Khao Laem,Chai Badan,Loburi
160501,15150,ท่าวุ้ง,ท่าวุ้ง,ลพบุรี,Tha Wung,Tha Wung,Loburi
160502,15150,บางคู้,ท่าวุ้ง,ลพบุรี,Bang Khu,Tha Wung,Loburi
160503,15150,โพตลาดแก้ว,ท่าวุ้ง,ลพบุรี,Pho Talat Kaeo,Tha Wung,Loburi
160504,15150,บางลี่,ท่าวุ้ง,ลพบุรี,Bang Li,Tha Wung,Loburi
160505,15150,บางงา,ท่าวุ้ง,ลพบุรี,Bang Nga,Tha Wung,Loburi
160506,15150,โคกสลุด,ท่าวุ้ง,ลพบุรี,Khok Salut,Tha Wung,Loburi
160507,15180,เขาสมอคอน,ท่าวุ้ง,ลพบุรี,Khao Samo Khon,Tha Wung,Loburi
160508,15150,หัวสำโรง,ท่าวุ้ง,ลพบุรี,Hua Samrong,Tha Wung,Loburi
160509,15150,ลาดสาลี่,ท่าวุ้ง,ลพบุรี,Lat Sali,Tha Wung,Loburi
160510,15150,บ้านเบิก,ท่าวุ้ง,ลพบุรี,Ban Boek,Tha Wung,Loburi
160511,15150,มุจลินท์,ท่าวุ้ง,ลพบุรี,Mutchalin,Tha Wung,Loburi
160601,15110,ไผ่ใหญ่,บ้านหมี่,ลพบุรี,Phai Yai,Ban Mi,Loburi
160602,15110,บ้านทราย,บ้านหมี่,ลพบุรี,Ban Sai,Ban Mi,Loburi
160603,15110,บ้านกล้วย,บ้านหมี่,ลพบุรี,Ban Kluai,Ban Mi,Loburi
160604,15110,ดงพลับ,บ้านหมี่,ลพบุรี,Dong Phlap,Ban Mi,Loburi
160605,15180,บ้านชี,บ้านหมี่,ลพบุรี,Ban Chi,Ban Mi,Loburi
160606,15110,พุคา,บ้านหมี่,ลพบุรี,Phu Kha,Ban Mi,Loburi
160607,15110,หินปัก,บ้านหมี่,ลพบุรี,Hin Pak,Ban Mi,Loburi
160608,15110,บางพึ่ง,บ้านหมี่,ลพบุรี,Bang Phueng,Ban Mi,Loburi
160609,15110,หนองทรายขาว,บ้านหมี่,ลพบุรี,Nong Sai Khao,Ban Mi,Loburi
160610,15110,บางกะพี้,บ้านหมี่,ลพบุรี,Bang Kaphi,Ban Mi,Loburi
160611,15110,หนองเต่า,บ้านหมี่,ลพบุรี,Nong Tao,Ban Mi,Loburi
160612,15110,โพนทอง,บ้านหมี่,ลพบุรี,Phon Thong,Ban Mi,Loburi
160613,15180,บางขาม,บ้านหมี่,ลพบุรี,Bang Kham,Ban Mi,Loburi
160614,15110,ดอนดึง,บ้านหมี่,ลพบุรี,Don Dueng,Ban Mi,Loburi
160615,15110,ชอนม่วง,บ้านหมี่,ลพบุรี,Chon Muang,Ban Mi,Loburi
160616,15110,หนองกระเบียน,บ้านหมี่,ลพบุรี,Nong Krabian,Ban Mi,Loburi
160617,15110,สายห้วยแก้ว,บ้านหมี่,ลพบุรี,Sai Huai Kaeo,Ban Mi,Loburi
160618,15110,มหาสอน,บ้านหมี่,ลพบุรี,Mahason,Ban Mi,Loburi
160619,15110,บ้านหมี่,บ้านหมี่,ลพบุรี,Ban Mi,Ban Mi,Loburi
160620,15110,เชียงงา,บ้านหมี่,ลพบุรี,Chiang Nga,Ban Mi,Loburi
160621,15110,หนองเมือง,บ้านหมี่,ลพบุรี,Nong Mueang,Ban Mi,Loburi
160622,15110,สนามแจง,บ้านหมี่,ลพบุรี,Sanam Chaeng,Ban Mi,Loburi
160701,15230,ท่าหลวง,ท่าหลวง,ลพบุรี,Tha Luang,Tha Luang,Loburi
160702,15230,แก่งผักกูด,ท่าหลวง,ลพบุรี,Kaeng Phak Kut,Tha Luang,Loburi
160703,15230,ซับจำปา,ท่าหลวง,ลพบุรี,Sap Champa,Tha Luang,Loburi
160704,15230,หนองผักแว่น,ท่าหลวง,ลพบุรี,Nong Phak Waen,Tha Luang,Loburi
160705,15230,ทะเลวังวัด,ท่าหลวง,ลพบุรี,Thale Wang Wat,Tha Luang,Loburi
160706,15230,หัวลำ,ท่าหลวง,ลพบุรี,Hua Lam,Tha Luang,Loburi
160801,15240,สระโบสถ์,สระโบสถ์,ลพบุรี,Sa Bot,Sa Bot,Loburi
160802,15240,มหาโพธิ,สระโบสถ์,ลพบุรี,Mahapho,Sa Bot,Loburi
160803,15240,ทุ่งท่าช้าง,สระโบสถ์,ลพบุรี,Thung Tha Chang,Sa Bot,Loburi
160804,15240,ห้วยใหญ่,สระโบสถ์,ลพบุรี,Huai Yai,Sa Bot,Loburi
160805,15240,นิยมชัย,สระโบสถ์,ลพบุรี,Niyom Chai,Sa Bot,Loburi
160901,15250,โคกเจริญ,โคกเจริญ,ลพบุรี,Khok Charoen,Khok Charoen,Loburi
160902,15250,ยางราก,โคกเจริญ,ลพบุรี,Yang Rak,Khok Charoen,Loburi
160903,15250,หนองมะค่า,โคกเจริญ,ลพบุรี,Nong Makha,Khok Charoen,Loburi
160904,15250,วังทอง,โคกเจริญ,ลพบุรี,Wang Thong,Khok Charoen,Loburi
160905,15250,โคกแสมสาร,โคกเจริญ,ลพบุรี,Khok Samae San,Khok Charoen,Loburi
161001,15190,ลำสนธิ,ลำสนธิ,ลพบุรี,Lam Sonthi,Lam Sonthi,Loburi
161002,15190,ซับสมบูรณ์,ลำสนธิ,ลพบุรี,Sap Sombun,Lam Sonthi,Loburi
161003,15190,หนองรี,ลำสนธิ,ลพบุรี,Nong Ri,Lam Sonthi,Loburi
161004,15190,กุดตาเพชร,ลำสนธิ,ลพบุรี,Kut Ta Phet,Lam Sonthi,Loburi
161005,15190,เขารวก,ลำสนธิ,ลพบุรี,Khao Ruak,Lam Sonthi,Loburi
161006,15130,เขาน้อย,ลำสนธิ,ลพบุรี,Khao Noi,Lam Sonthi,Loburi
161101,15170,หนองม่วง,หนองม่วง,ลพบุรี,Nong Muang,Nong Muang,Loburi
161102,15170,บ่อทอง,หนองม่วง,ลพบุรี,Bo Thong,Nong Muang,Loburi
161103,15170,ดงดินแดง,หนองม่วง,ลพบุรี,Dong Din Daeng,Nong Muang,Loburi
161104,15170,ชอนสมบูรณ์,หนองม่วง,ลพบุรี,Chon Sombun,Nong Muang,Loburi
161105,15170,ยางโทน,หนองม่วง,ลพบุรี,Yang Thon,Nong Muang,Loburi
161106,15170,ชอนสารเดช,หนองม่วง,ลพบุรี,Chon Saradet,Nong Muang,Loburi
170101,16000,บางพุทรา,เมืองสิงห์บุรี,สิงห์บุรี,Bang Phutsa,Mueang Sing Buri,Sing Buri
170102,16000,บางมัญ,เมืองสิงห์บุรี,สิงห์บุรี,Bang Man,Mueang Sing Buri,Sing Buri
170103,16000,โพกรวม,เมืองสิงห์บุรี,สิงห์บุรี,Phok Ruam,Mueang Sing Buri,Sing Buri
170104,16000,ม่วงหมู่,เมืองสิงห์บุรี,สิงห์บุรี,Muang Mu,Mueang Sing Buri,Sing Buri
170105,16000,หัวไผ่,เมืองสิงห์บุรี,สิงห์บุรี,Hua Phai,Mueang Sing Buri,Sing Buri
170106,16000,ต้นโพธิ์,เมืองสิงห์บุรี,สิงห์บุรี,Ton Pho,Mueang Sing Buri,Sing Buri
170107,16000,จักรสีห์,เมืองสิงห์บุรี,สิงห์บุรี,Chaksi,Mueang Sing Buri,Sing Buri
170108,16000,บางกระบือ,เมืองสิงห์บุรี,สิงห์บุรี,Bang Krabue,Mueang Sing Buri,Sing Buri
170201,16130,สิงห์,บางระจัน,สิงห์บุรี,Sing,Bang Rachan,Sing Buri
170202,16130,ไม้ดัด,บางระจัน,สิงห์บุรี,Mai Dat,Bang Rachan,Sing Buri
170203,16130,เชิงกลัด,บางระจัน,สิงห์บุรี,Choeng Klat,Bang Rachan,Sing Buri
170204,16130,โพชนไก่,บางระจัน,สิงห์บุรี,Pho Chon Kai,Bang Rachan,Sing Buri
170205,16130,แม่ลา,บางระจัน,สิงห์บุรี,Mae La,Bang Rachan,Sing Buri
170206,16130,บ้านจ่า,บางระจัน,สิงห์บุรี,Ban Cha,Bang Rachan,Sing Buri
170207,16130,พักทัน,บางระจัน,สิงห์บุรี,Phak Than,Bang Rachan,Sing Buri
170208,16130,สระแจง,บางระจัน,สิงห์บุรี,Sa Chaeng,Bang Rachan,Sing Buri
170301,16150,โพทะเล,ค่ายบางระจัน,สิงห์บุรี,Pho Thale,Khai Bang Rachan,Sing Buri
170302,16150,บางระจัน,ค่ายบางระจัน,สิงห์บุรี,Bang Rachan,Khai Bang Rachan,Sing Buri
170303,16150,โพสังโฆ,ค่ายบางระจัน,สิงห์บุรี,Pho Sangkho,Khai Bang Rachan,Sing Buri
170304,16150,ท่าข้าม,ค่ายบางระจัน,สิงห์บุรี,Tha Kham,Khai Bang Rachan,Sing Buri
170305,16150,คอทราย,ค่ายบางระจัน,สิงห์บุรี,Kho Sai,Khai Bang Rachan,Sing Buri
170306,16150,หนองกระทุ่ม,ค่ายบางระจัน,สิงห์บุรี,Nong Krathum,Khai Bang Rachan,Sing Buri
170401,16120,พระงาม,พรหมบุรี,สิงห์บุรี,Phra Ngam,Phrom Buri,Sing Buri
170402,16160,พรหมบุรี,พรหมบุรี,สิงห์บุรี,Phrom Buri,Phrom Buri,Sing Buri
170403,16120,บางน้ำเชี่ยว,พรหมบุรี,สิงห์บุรี,Bang Nam Chiao,Phrom Buri,Sing Buri
170404,16120,บ้านหม้อ,พรหมบุรี,สิงห์บุรี,Ban Mo,Phrom Buri,Sing Buri
170405,16120,บ้านแป้ง,พรหมบุรี,สิงห์บุรี,Ban Paeng,Phrom Buri,Sing Buri
170406,16120,หัวป่า,พรหมบุรี,สิงห์บุรี,Hua Pa,Phrom Buri,Sing Buri
170407,16120,โรงช้าง,พรหมบุรี,สิงห์บุรี,Rong Chang,Phrom Buri,Sing Buri
170501,16140,ถอนสมอ,ท่าช้าง,สิงห์บุรี,Thon Samo,Tha Chang,Sing Buri
170502,16140,โพประจักษ์,ท่าช้าง,สิงห์บุรี,Pho Prachak,Tha Chang,Sing Buri
170503,16140,วิหารขาว,ท่าช้าง,สิงห์บุรี,Wihan Khao,Tha Chang,Sing Buri
170504,16140,พิกุลทอง,ท่าช้าง,สิงห์บุรี,Phikun Thong,Tha Chang,Sing Buri
170601,16110,อินทร์บุรี,อินทร์บุรี,สิงห์บุรี,In Buri,In Buri,Sing Buri
170602,16110,ประศุก,อินทร์บุรี,สิงห์บุรี,Prasuk,In Buri,Sing Buri
170603,16110,ทับยา,อินทร์บุรี,สิงห์บุรี,Thap Ya,In Buri,Sing Buri
170604,16110,งิ้วราย,อินทร์บุรี,สิงห์บุรี,Ngio Rai,In Buri,Sing Buri
170605,16110,ชีน้ำร้าย,อินทร์บุรี,สิงห์บุรี,Chi Nam Rai,In Buri,Sing Buri
170606,16110,ท่างาม,อินทร์บุรี,สิงห์บุรี,Tha Ngam,In Buri,Sing Buri
170607,16110,น้ำตาล,อินทร์บุรี,สิงห์บุรี,Namtan,In Buri,Sing Buri
170608,16110,ทองเอน,อินทร์บุรี,สิงห์บุรี,Thong En,In Buri,Sing Buri
170609,16110,ห้วยชัน,อินทร์บุรี,สิงห์บุรี,Huai Chan,In Buri,Sing Buri
170610,16110,โพธิ์ชัย,อินทร์บุรี,สิงห์บุรี,Pho Chai,In Buri,Sing Buri
180101,17000,ในเมือง,เมืองชัยนาท,ชัยนาท,Nai Mueang,Mueang Chai Nat,Chai Nat
180102,17000,บ้านกล้วย,เมืองชัยนาท,ชัยนาท,Ban Kluai,Mueang Chai Nat,Chai Nat
180103,17000,ท่าชัย,เมืองชัยนาท,ชัยนาท,Tha Chai,Mueang Chai Nat,Chai Nat
180104,17000,ชัยนาท,เมืองชัยนาท,ชัยนาท,Chai Nat,Mueang Chai Nat,Chai Nat
180105,17000,เขาท่าพระ,เมืองชัยนาท,ชัยนาท,Khao Tha Phra,Mueang Chai Nat,Chai Nat
180106,17000,หาดท่าเสา,เมืองชัยนาท,ชัยนาท,Hat Tha Sao,Mueang Chai Nat,Chai Nat
180107,17000,ธรรมามูล,เมืองชัยนาท,ชัยนาท,Thammamun,Mueang Chai Nat,Chai Nat
180108,17000,เสือโฮก,เมืองชัยนาท,ชัยนาท,Suea Hok,Mueang Chai Nat,Chai Nat
180109,17000,นางลือ,เมืองชัยนาท,ชัยนาท,Nang Lue,Mueang Chai Nat,Chai Nat
180201,17110,คุ้งสำเภา,มโนรมย์,ชัยนาท,Khung Samphao,Manorom,Chai Nat
180202,17110,วัดโคก,มโนรมย์,ชัยนาท,Wat Khok,Manorom,Chai Nat
180203,17110,ศิลาดาน,มโนรมย์,ชัยนาท,Sila Dan,Manorom,Chai Nat
180204,17110,ท่าฉนวน,มโนรมย์,ชัยนาท,Tha Chanuan,Manorom,Chai Nat
180205,17170,หางน้ำสาคร,มโนรมย์,ชัยนาท,Hang Nam Sakhon,Manorom,Chai Nat
180206,17170,ไร่พัฒนา,มโนรมย์,ชัยนาท,Rai Phatthana,Manorom,Chai Nat
180207,17170,อู่ตะเภา,มโนรมย์,ชัยนาท,U Taphao,Manorom,Chai Nat
180301,17120,วัดสิงห์,วัดสิงห์,ชัยนาท,Wat Sing,Wat Sing,Chai Nat
180302,17120,มะขามเฒ่า,วัดสิงห์,ชัยนาท,Makham Thao,Wat Sing,Chai Nat
180303,17120,หนองน้อย,วัดสิงห์,ชัยนาท,Nong Noi,Wat Sing,Chai Nat
180304,17120,หนองบัว,วัดสิงห์,ชัยนาท,Nong Bua,Wat Sing,Chai Nat
180306,17120,หนองขุ่น,วัดสิงห์,ชัยนาท,Nong Khun,Wat Sing,Chai Nat
180307,17120,บ่อแร่,วัดสิงห์,ชัยนาท,Bo Rae,Wat Sing,Chai Nat
180311,17120,วังหมัน,วัดสิงห์,ชัยนาท,Wang Man,Wat Sing,Chai Nat
180401,17150,สรรพยา,สรรพยา,ชัยนาท,Sapphaya,Sapphaya,Chai Nat
180402,17150,ตลุก,สรรพยา,ชัยนาท,Taluk,Sapphaya,Chai Nat
180403,17150,เขาแก้ว,สรรพยา,ชัยนาท,Khao Kaeo,Sapphaya,Chai Nat
180404,17150,โพนางดำตก,สรรพยา,ชัยนาท,Pho Nang Dam Tok,Sapphaya,Chai Nat
180405,17150,โพนางดำออก,สรรพยา,ชัยนาท,Pho Nang Dam Ok,Sapphaya,Chai Nat
180406,17150,บางหลวง,สรรพยา,ชัยนาท,Bang Luang,Sapphaya,Chai Nat
180407,17150,หาดอาษา,สรรพยา,ชัยนาท,Hat A Sa,Sapphaya,Chai Nat
180501,17140,แพรกศรีราชา,สรรคบุรี,ชัยนาท,Phraek Si Racha,Sankhaburi,Chai Nat
180502,17140,เที่ยงแท้,สรรคบุรี,ชัยนาท,Thiang Thae,Sankhaburi,Chai Nat
180503,17140,ห้วยกรด,สรรคบุรี,ชัยนาท,Huai Krot,Sankhaburi,Chai Nat
180504,17140,โพงาม,สรรคบุรี,ชัยนาท,Pho Ngam,Sankhaburi,Chai Nat
180505,17140,บางขุด,สรรคบุรี,ชัยนาท,Bang Khut,Sankhaburi,Chai Nat
180506,17140,ดงคอน,สรรคบุรี,ชัยนาท,Dong Khon,Sankhaburi,Chai Nat
180507,17140,ดอนกำ,สรรคบุรี,ชัยนาท,Don Kam,Sankhaburi,Chai Nat
180508,17140,ห้วยกรดพัฒนา,สรรคบุรี,ชัยนาท,Huai Krot Phatthana,Sankhaburi,Chai Nat
180601,17130,หันคา,หันคา,ชัยนาท,Han Kha,Hankha,Chai Nat
180602,17130,บ้านเชี่ยน,หันคา,ชัยนาท,Ban Chian,Hankha,Chai Nat
180605,17130,ไพรนกยูง,หันคา,ชัยนาท,Phrai Nok Yung,Hankha,Chai Nat
180606,17160,หนองแซง,หันคา,ชัยนาท,Nong Saeng,Hankha,Chai Nat
180607,17160,ห้วยงู,หันคา,ชัยนาท,Huai Ngu,Hankha,Chai Nat
180608,17130,วังไก่เถื่อน,หันคา,ชัยนาท,Wang Kai Thuean,Hankha,Chai Nat
180609,17130,เด่นใหญ่,หันคา,ชัยนาท,Den Yai,Hankha,Chai Nat
180611,17160,สามง่ามท่าโบสถ์,หันคา,ชัยนาท,Sam Ngam Tha Bot,Hankha,Chai Nat
180701,17120,หนองมะโมง,หนองมะโมง,ชัยนาท,Nong Mamong,Nong Mamong,Chai Nat
180702,17120,วังตะเคียน,หนองมะโมง,ชัยนาท,Wang Takhian,Nong Mamong,Chai Nat
180703,17120,สะพานหิน,หนองมะโมง,ชัยนาท,Saphan Hin,Nong Mamong,Chai Nat
180704,17120,กุดจอก,หนองมะโมง,ชัยนาท,Kut Chok,Nong Mamong,Chai Nat
180801,17130,เนินขาม,เนินขาม,ชัยนาท,Noen Kham,Noen Kham,Chai Nat
180802,17130,กะบกเตี้ย,เนินขาม,ชัยนาท,Kabok Tia,Noen Kham,Chai Nat
180803,17130,สุขเดือนห้า,เนินขาม,ชัยนาท,Suk Duean Ha,Noen Kham,Chai Nat
190101,18000,ปากเพรียว,เมืองสระบุรี,สระบุรี,Pak Phriao,Mueang Saraburi,Saraburi
190105,18000,ดาวเรือง,เมืองสระบุรี,สระบุรี,Dao Rueang,Mueang Saraburi,Saraburi
190106,18000,นาโฉง,เมืองสระบุรี,สระบุรี,Na Chong,Mueang Saraburi,Saraburi
190107,18000,โคกสว่าง,เมืองสระบุรี,สระบุรี,Khok Sawang,Mueang Saraburi,Saraburi
190108,18000,หนองโน,เมืองสระบุรี,สระบุรี,Nong No,Mueang Saraburi,Saraburi
190109,18000,หนองยาว,เมืองสระบุรี,สระบุรี,Nong Yao,Mueang Saraburi,Saraburi
190110,18000,ปากข้าวสาร,เมืองสระบุรี,สระบุรี,Pak Khao San,Mueang Saraburi,Saraburi
190111,18000,หนองปลาไหล,เมืองสระบุรี,สระบุรี,Nong Pla Lai,Mueang Saraburi,Saraburi
190112,18000,กุดนกเปล้า,เมืองสระบุรี,สระบุรี,Kut Nok Plao,Mueang Saraburi,Saraburi
190113,18000,ตลิ่งชัน,เมืองสระบุรี,สระบุรี,Taling Chan,Mueang Saraburi,Saraburi
190114,18000,ตะกุด,เมืองสระบุรี,สระบุรี,Takut,Mueang Saraburi,Saraburi
190201,18110,แก่งคอย,แก่งคอย,สระบุรี,Kaeng Khoi,Kaeng Khoi,Saraburi
190202,18260,ทับกวาง,แก่งคอย,สระบุรี,Thap Kwang,Kaeng Khoi,Saraburi
190203,18110,ตาลเดี่ยว,แก่งคอย,สระบุรี,Tan Diao,Kaeng Khoi,Saraburi
190204,18110,ห้วยแห้ง,แก่งคอย,สระบุรี,Huai Haeng,Kaeng Khoi,Saraburi
190205,18110,ท่าคล้อ,แก่งคอย,สระบุรี,Tha Khlo,Kaeng Khoi,Saraburi
190206,18110,หินซ้อน,แก่งคอย,สระบุรี,Hin Son,Kaeng Khoi,Saraburi
190207,18110,บ้านธาตุ,แก่งคอย,สระบุรี,Ban That,Kaeng Khoi,Saraburi
190208,18110,บ้านป่า,แก่งคอย,สระบุรี,Ban Pa,Kaeng Khoi,Saraburi
190209,18110,ท่าตูม,แก่งคอย,สระบุรี,Tha Tum,Kaeng Khoi,Saraburi
190210,18110,ชะอม,แก่งคอย,สระบุรี,Cha-Om,Kaeng Khoi,Saraburi
190211,18110,สองคอน,แก่งคอย,สระบุรี,Song Khon,Kaeng Khoi,Saraburi
190212,18110,เตาปูน,แก่งคอย,สระบุรี,Tao Pun,Kaeng Khoi,Saraburi
190213,18110,ชำผักแพว,แก่งคอย,สระบุรี,Cham Phak Phaeo,Kaeng Khoi,Saraburi
190215,18110,ท่ามะปราง,แก่งคอย,สระบุรี,Tha Maprang,Kaeng Khoi,Saraburi
190301,18140,หนองแค,หนองแค,สระบุรี,Nong Khae,Nong Khae,Saraburi
190302,18140,กุ่มหัก,หนองแค,สระบุรี,Kum Hak,Nong Khae,Saraburi
190303,18250,คชสิทธิ์,หนองแค,สระบุรี,Khotchasit,Nong Khae,Saraburi
190304,18250,โคกตูม,หนองแค,สระบุรี,Khok Tum,Nong Khae,Saraburi
190305,18230,โคกแย้,หนองแค,สระบุรี,Khok Yae,Nong Khae,Saraburi
190306,18230,บัวลอย,หนองแค,สระบุรี,Bua Loi,Nong Khae,Saraburi
190307,18140,ไผ่ต่ำ,หนองแค,สระบุรี,Phai Tam,Nong Khae,Saraburi
190308,18250,โพนทอง,หนองแค,สระบุรี,Phon Thong,Nong Khae,Saraburi
190309,18230,ห้วยขมิ้น,หนองแค,สระบุรี,Huai Khamin,Nong Khae,Saraburi
190310,18230,ห้วยทราย,หนองแค,สระบุรี,Huai Sai,Nong Khae,Saraburi
190311,18140,หนองไข่น้ำ,หนองแค,สระบุรี,Nong Khai Nam,Nong Khae,Saraburi
190312,18140,หนองแขม,หนองแค,สระบุรี,Nong Khaem,Nong Khae,Saraburi
190313,18230,หนองจิก,หนองแค,สระบุรี,Nong Chik,Nong Khae,Saraburi
190314,18140,หนองจรเข้,หนองแค,สระบุรี,Nong Chorakhe,Nong Khae,Saraburi
190315,18230,หนองนาก,หนองแค,สระบุรี,Nong Nak,Nong Khae,Saraburi
190316,18140,หนองปลาหมอ,หนองแค,สระบุรี,Nong Pla Mo,Nong Khae,Saraburi
190317,18140,หนองปลิง,หนองแค,สระบุรี,Nong Pling,Nong Khae,Saraburi
190318,18140,หนองโรง,หนองแค,สระบุรี,Nong Rong,Nong Khae,Saraburi
190401,18150,หนองหมู,วิหารแดง,สระบุรี,Nong Mu,Wihan Daeng,Saraburi
190402,18150,บ้านลำ,วิหารแดง,สระบุรี,Ban Lam,Wihan Daeng,Saraburi
190403,18150,คลองเรือ,วิหารแดง,สระบุรี,Khlong Ruea,Wihan Daeng,Saraburi
190404,18150,วิหารแดง,วิหารแดง,สระบุรี,Wihan Daeng,Wihan Daeng,Saraburi
190405,18150,หนองสรวง,วิหารแดง,สระบุรี,Nong Suang,Wihan Daeng,Saraburi
190406,18150,เจริญธรรม,วิหารแดง,สระบุรี,Charoen Tham,Wihan Daeng,Saraburi
190501,18170,หนองแซง,หนองแซง,สระบุรี,Nong Saeng,Nong Saeng,Saraburi
190502,18170,หนองควายโซ,หนองแซง,สระบุรี,Nong Khwai So,Nong Saeng,Saraburi
190503,18170,หนองหัวโพ,หนองแซง,สระบุรี,Nong Hua Pho,Nong Saeng,Saraburi
190504,18170,หนองสีดา,หนองแซง,สระบุรี,Nong Sida,Nong Saeng,Saraburi
190505,18170,หนองกบ,หนองแซง,สระบุรี,Nong Kop,Nong Saeng,Saraburi
190506,18170,ไก่เส่า,หนองแซง,สระบุรี,Kai Sao,Nong Saeng,Saraburi
190507,18170,โคกสะอาด,หนองแซง,สระบุรี,Khok Sa-At,Nong Saeng,Saraburi
190508,18170,ม่วงหวาน,หนองแซง,สระบุรี,Muang Wan,Nong Saeng,Saraburi
190509,18170,เขาดิน,หนองแซง,สระบุรี,Khao Din,Nong Saeng,Saraburi
190601,18130,บ้านหมอ,บ้านหมอ,สระบุรี,Ban Mo,Ban Mo,Saraburi
190602,18130,บางโขมด,บ้านหมอ,สระบุรี,Bang Khamot,Ban Mo,Saraburi
190603,18130,สร่างโศก,บ้านหมอ,สระบุรี,Sang Sok,Ban Mo,Saraburi
190604,18130,ตลาดน้อย,บ้านหมอ,สระบุรี,Talat Noi,Ban Mo,Saraburi
190605,18130,หรเทพ,บ้านหมอ,สระบุรี,Horathep,Ban Mo,Saraburi
190606,18130,โคกใหญ่,บ้านหมอ,สระบุรี,Khok Yai,Ban Mo,Saraburi
190607,18130,ไผ่ขวาง,บ้านหมอ,สระบุรี,Phai Khwang,Ban Mo,Saraburi
190608,18270,บ้านครัว,บ้านหมอ,สระบุรี,Ban Khrua,Ban Mo,Saraburi
190609,18130,หนองบัว,บ้านหมอ,สระบุรี,Nong Bua,Ban Mo,Saraburi
190701,18210,ดอนพุด,ดอนพุด,สระบุรี,Don Phut,Don Phut,Saraburi
190702,18210,ไผ่หลิ่ว,ดอนพุด,สระบุรี,Phai Lio,Don Phut,Saraburi
190703,18210,บ้านหลวง,ดอนพุด,สระบุรี,Ban Luang,Don Phut,Saraburi
190704,18210,ดงตะงาว,ดอนพุด,สระบุรี,Dong Ta-Ngao,Don Phut,Saraburi
190801,18190,หนองโดน,หนองโดน,สระบุรี,Nong Don,Nong Don,Saraburi
190802,18190,บ้านกลับ,หนองโดน,สระบุรี,Ban Klap,Nong Don,Saraburi
190803,18190,ดอนทอง,หนองโดน,สระบุรี,Don Thong,Nong Don,Saraburi
190804,18190,บ้านโปร่ง,หนองโดน,สระบุรี,Ban Prong,Nong Don,Saraburi
190901,18120,พระพุทธบาท,พระพุทธบาท,สระบุรี,Phraphutthabat,Phra Phutthabat,Saraburi
190902,18120,ขุนโขลน,พระพุทธบาท,สระบุรี,Khun Khlon,Phra Phutthabat,Saraburi
190903,18120,ธารเกษม,พระพุทธบาท,สระบุรี,Than Kasem,Phra Phutthabat,Saraburi
190904,18120,นายาว,พระพุทธบาท,สระบุรี,Na Yao,Phra Phutthabat,Saraburi
190905,18120,พุคำจาน,พระพุทธบาท,สระบุรี,Phu Kham Chan,Phra Phutthabat,Saraburi
190906,18120,เขาวง,พระพุทธบาท,สระบุรี,Khao Wong,Phra Phutthabat,Saraburi
190907,18120,ห้วยป่าหวาย,พระพุทธบาท,สระบุรี,Huai Pa Wai,Phra Phutthabat,Saraburi
190908,18120,พุกร่าง,พระพุทธบาท,สระบุรี,Phu Krang,Phra Phutthabat,Saraburi
190909,18120,หนองแก,พระพุทธบาท,สระบุรี,Nong Kae,Phra Phutthabat,Saraburi
191001,18160,เสาไห้,เสาไห้,สระบุรี,Sao Hai,Sao Hai,Saraburi
191002,18160,บ้านยาง,เสาไห้,สระบุรี,Ban Yang,Sao Hai,Saraburi
191003,18160,หัวปลวก,เสาไห้,สระบุรี,Hua Pluak,Sao Hai,Saraburi
191004,18160,งิ้วงาม,เสาไห้,สระบุรี,Ngio Ngam,Sao Hai,Saraburi
191005,18160,ศาลารีไทย,เสาไห้,สระบุรี,Sala Ri Thai,Sao Hai,Saraburi
191006,18160,ต้นตาล,เสาไห้,สระบุรี,Ton Tan,Sao Hai,Saraburi
191007,18160,ท่าช้าง,เสาไห้,สระบุรี,Tha Chang,Sao Hai,Saraburi
191008,18160,พระยาทด,เสาไห้,สระบุรี,Phraya Thot,Sao Hai,Saraburi
191009,18160,ม่วงงาม,เสาไห้,สระบุรี,Muang Ngam,Sao Hai,Saraburi
191010,18160,เริงราง,เสาไห้,สระบุรี,Roeng Rang,Sao Hai,Saraburi
191011,18160,เมืองเก่า,เสาไห้,สระบุรี,Mueang Kao,Sao Hai,Saraburi
191012,18160,สวนดอกไม้,เสาไห้,สระบุรี,Suan Dokmai,Sao Hai,Saraburi
191101,18180,มวกเหล็ก,มวกเหล็ก,สระบุรี,Muak Lek,Muak Lek,Saraburi
191102,18180,มิตรภาพ,มวกเหล็ก,สระบุรี,Mittraphap,Muak Lek,Saraburi
191104,18180,หนองย่างเสือ,มวกเหล็ก,สระบุรี,Nong Yang Suea,Muak Lek,Saraburi
191105,18180,ลำสมพุง,มวกเหล็ก,สระบุรี,Lam Somphung,Muak Lek,Saraburi
191107,18180,ลำพญากลาง,มวกเหล็ก,สระบุรี,Lam Phaya Klang,Muak Lek,Saraburi
191109,18220,ซับสนุ่น,มวกเหล็ก,สระบุรี,Sap Sanun,Muak Lek,Saraburi
191201,18220,แสลงพัน,วังม่วง,สระบุรี,Salaeng Phan,Wang Muang,Saraburi
191202,18220,คำพราน,วังม่วง,สระบุรี,Kham Phran,Wang Muang,Saraburi
191203,18220,วังม่วง,วังม่วง,สระบุรี,Wang Muang,Wang Muang,Saraburi
191301,18000,เขาดินพัฒนา,เฉลิมพระเกียรติ,สระบุรี,Khao Din Phatthana,Chaloem Phra Kiet,Saraburi
191302,18000,บ้านแก้ง,เฉลิมพระเกียรติ,สระบุรี,Ban Kaeng,Chaloem Phra Kiet,Saraburi
191303,18000,ผึ้งรวง,เฉลิมพระเกียรติ,สระบุรี,Phueng Ruang,Chaloem Phra Kiet,Saraburi
191304,18240,พุแค,เฉลิมพระเกียรติ,สระบุรี,Phu Khae,Chaloem Phra Kiet,Saraburi
191305,18000,ห้วยบง,เฉลิมพระเกียรติ,สระบุรี,Huai Bong,Chaloem Phra Kiet,Saraburi
191306,18240,หน้าพระลาน,เฉลิมพระเกียรติ,สระบุรี,Na Phralan,Chaloem Phra Kiet,Saraburi
200101,20000,บางปลาสร้อย,เมืองชลบุรี,ชลบุรี,Bang Pla Soi,Mueang Chon Buri,Chon Buri
200102,20000,มะขามหย่ง,เมืองชลบุรี,ชลบุรี,Makham Yong,Mueang Chon Buri,Chon Buri
200103,20000,บ้านโขด,เมืองชลบุรี,ชลบุรี,Ban Khot,Mueang Chon Buri,Chon Buri
200104,20000,แสนสุข,เมืองชลบุรี,ชลบุรี,Saen Suk,Mueang Chon Buri,Chon Buri
200105,20000,บ้านสวน,เมืองชลบุรี,ชลบุรี,Ban Suan,Mueang Chon Buri,Chon Buri
200106,20000,หนองรี,เมืองชลบุรี,ชลบุรี,Nong Ri,Mueang Chon Buri,Chon Buri
200107,20000,นาป่า,เมืองชลบุรี,ชลบุรี,Na Pa,Mueang Chon Buri,Chon Buri
200108,20000,หนองข้างคอก,เมืองชลบุรี,ชลบุรี,Nong Khang Khok,Mueang Chon Buri,Chon Buri
200109,20000,ดอนหัวฬ่อ,เมืองชลบุรี,ชลบุรี,Don Hua Lo,Mueang Chon Buri,Chon Buri
200110,20000,หนองไม้แดง,เมืองชลบุรี,ชลบุรี,Nong Mai Daeng,Mueang Chon Buri,Chon Buri
200111,20000,บางทราย,เมืองชลบุรี,ชลบุรี,Bang Sai,Mueang Chon Buri,Chon Buri
200112,20000,คลองตำหรุ,เมืองชลบุรี,ชลบุรี,Khlong Tamru,Mueang Chon Buri,Chon Buri
200113,20130,เหมือง,เมืองชลบุรี,ชลบุรี,Mueang,Mueang Chon Buri,Chon Buri
200114,20130,บ้านปึก,เมืองชลบุรี,ชลบุรี,Ban Puek,Mueang Chon Buri,Chon Buri
200115,20000,ห้วยกะปิ,เมืองชลบุรี,ชลบุรี,Huai Kapi,Mueang Chon Buri,Chon Buri
200116,20130,เสม็ด,เมืองชลบุรี,ชลบุรี,Samet,Mueang Chon Buri,Chon Buri
200117,20000,อ่างศิลา,เมืองชลบุรี,ชลบุรี,Ang Sila,Mueang Chon Buri,Chon Buri
200118,20000,สำนักบก,เมืองชลบุรี,ชลบุรี,Samnak Bok,Mueang Chon Buri,Chon Buri
200201,20170,บ้านบึง,บ้านบึง,ชลบุรี,Ban Bueng,Ban Bueng,Chon Buri
200202,20220,คลองกิ่ว,บ้านบึง,ชลบุรี,Khlong Kio,Ban Bueng,Chon Buri
200203,20170,มาบไผ่,บ้านบึง,ชลบุรี,Map Phai,Ban Bueng,Chon Buri
200204,20170,หนองซ้ำซาก,บ้านบึง,ชลบุรี,Nong Samsak,Ban Bueng,Chon Buri
200205,20170,หนองบอนแดง,บ้านบึง,ชลบุรี,Nong Bon Daeng,Ban Bueng,Chon Buri
200206,20170,หนองชาก,บ้านบึง,ชลบุรี,Nong Chak,Ban Bueng,Chon Buri
200207,20220,หนองอิรุณ,บ้านบึง,ชลบุรี,Nong I Run,Ban Bueng,Chon Buri
200208,20220,หนองไผ่แก้ว,บ้านบึง,ชลบุรี,Nong Phai Kaeo,Ban Bueng,Chon Buri
200301,20190,หนองใหญ่,หนองใหญ่,ชลบุรี,Nong Yai,Nong Yai,Chon Buri
200302,20190,คลองพลู,หนองใหญ่,ชลบุรี,Khlong Phlu,Nong Yai,Chon Buri
200303,20190,หนองเสือช้าง,หนองใหญ่,ชลบุรี,Nong Suea Chang,Nong Yai,Chon Buri
200304,20190,ห้างสูง,หนองใหญ่,ชลบุรี,Hang Sung,Nong Yai,Chon Buri
200305,20190,เขาซก,หนองใหญ่,ชลบุรี,Khao Sok,Nong Yai,Chon Buri
200401,20150,บางละมุง,บางละมุง,ชลบุรี,Bang Lamung,Bang Lamung,Chon Buri
200402,20150,หนองปรือ,บางละมุง,ชลบุรี,Nong Prue,Bang Lamung,Chon Buri
200403,20150,หนองปลาไหล,บางละมุง,ชลบุรี,Nong Pla Lai,Bang Lamung,Chon Buri
200404,20150,โป่ง,บางละมุง,ชลบุรี,Pong,Bang Lamung,Chon Buri
200405,20150,เขาไม้แก้ว,บางละมุง,ชลบุรี,Khao Mai Kaeo,Bang Lamung,Chon Buri
200406,20150,ห้วยใหญ่,บางละมุง,ชลบุรี,Huai Yai,Bang Lamung,Chon Buri
200407,20150,ตะเคียนเตี้ย,บางละมุง,ชลบุรี,Takhian Tia,Bang Lamung,Chon Buri
200408,20150,นาเกลือ,บางละมุง,ชลบุรี,Na Kluea,Bang Lamung,Chon Buri
200501,20160,พานทอง,พานทอง,ชลบุรี,Phan Thong,Phan Thong,Chon Buri
200502,20160,หนองตำลึง,พานทอง,ชลบุรี,Nong Tamlueng,Phan Thong,Chon Buri
200503,20160,มาบโป่ง,พานทอง,ชลบุรี,Map Pong,Phan Thong,Chon Buri
200504,20160,หนองกะขะ,พานทอง,ชลบุรี,Nong Kakha,Phan Thong,Chon Buri
200505,20160,หนองหงษ์,พานทอง,ชลบุรี,Nong Hong,Phan Thong,Chon Buri
200506,20160,โคกขี้หนอน,พานทอง,ชลบุรี,Khok Khi Non,Phan Thong,Chon Buri
200507,20160,บ้านเก่า,พานทอง,ชลบุรี,Ban Kao,Phan Thong,Chon Buri
200508,20160,หน้าประดู่,พานทอง,ชลบุรี,Na Pradu,Phan Thong,Chon Buri
200509,20160,บางนาง,พานทอง,ชลบุรี,Bang Nang,Phan Thong,Chon Buri
200510,20160,เกาะลอย,พานทอง,ชลบุรี,Ko Loi,Phan Thong,Chon Buri
200511,20160,บางหัก,พานทอง,ชลบุรี,Bang Hak,Phan Thong,Chon Buri
200601,20140,พนัสนิคม,พนัสนิคม,ชลบุรี,Phanat Nikhom,Phanat Nikhom,Chon Buri
200602,20140,หน้าพระธาตุ,พนัสนิคม,ชลบุรี,Na Phrathat,Phanat Nikhom,Chon Buri
200603,20140,วัดหลวง,พนัสนิคม,ชลบุรี,Wat Luang,Phanat Nikhom,Chon Buri
200604,20140,บ้านเซิด,พนัสนิคม,ชลบุรี,Ban Soet,Phanat Nikhom,Chon Buri
200605,20140,นาเริก,พนัสนิคม,ชลบุรี,Na Roek,Phanat Nikhom,Chon Buri
200606,20140,หมอนนาง,พนัสนิคม,ชลบุรี,Mon Nang,Phanat Nikhom,Chon Buri
200607,20140,สระสี่เหลี่ยม,พนัสนิคม,ชลบุรี,Sa Si Liam,Phanat Nikhom,Chon Buri
200608,20140,วัดโบสถ์,พนัสนิคม,ชลบุรี,Wat Bot,Phanat Nikhom,Chon Buri
200609,20140,กุฎโง้ง,พนัสนิคม,ชลบุรี,Kut Ngong,Phanat Nikhom,Chon Buri
200610,20140,หัวถนน,พนัสนิคม,ชลบุรี,Hua Thanon,Phanat Nikhom,Chon Buri
200611,20140,ท่าข้าม,พนัสนิคม,ชลบุรี,Tha Kham,Phanat Nikhom,Chon Buri
200613,20140,หนองปรือ,พนัสนิคม,ชลบุรี,Nong Prue,Phanat Nikhom,Chon Buri
200614,20140,หนองขยาด,พนัสนิคม,ชลบุรี,Nong Khayat,Phanat Nikhom,Chon Buri
200615,20140,ทุ่งขวาง,พนัสนิคม,ชลบุรี,Thung Khwang,Phanat Nikhom,Chon Buri
200616,20140,หนองเหียง,พนัสนิคม,ชลบุรี,Nong Hiang,Phanat Nikhom,Chon Buri
200617,20140,นาวังหิน,พนัสนิคม,ชลบุรี,Na Wang Hin,Phanat Nikhom,Chon Buri
200618,20140,บ้านช้าง,พนัสนิคม,ชลบุรี,Ban Chang,Phanat Nikhom,Chon Buri
200620,20140,โคกเพลาะ,พนัสนิคม,ชลบุรี,Khok Phlo,Phanat Nikhom,Chon Buri
200621,20140,ไร่หลักทอง,พนัสนิคม,ชลบุรี,Rai Lak Thong,Phanat Nikhom,Chon Buri
200622,20140,นามะตูม,พนัสนิคม,ชลบุรี,Na Matum,Phanat Nikhom,Chon Buri
200701,20110,ศรีราชา,ศรีราชา,ชลบุรี,Si Racha,Si Racha,Chon Buri
200702,20110,สุรศักดิ์,ศรีราชา,ชลบุรี,Surasak,Si Racha,Chon Buri
200703,20230,ทุ่งสุขลา,ศรีราชา,ชลบุรี,Thung Sukhla,Si Racha,Chon Buri
200704,20230,บึง,ศรีราชา,ชลบุรี,Bueng,Si Racha,Chon Buri
200705,20110,หนองขาม,ศรีราชา,ชลบุรี,Nong Kham,Si Racha,Chon Buri
200706,20110,เขาคันทรง,ศรีราชา,ชลบุรี,Khao Khan Song,Si Racha,Chon Buri
200707,20110,บางพระ,ศรีราชา,ชลบุรี,Bang Phra,Si Racha,Chon Buri
200708,20230,บ่อวิน,ศรีราชา,ชลบุรี,Bo Win,Si Racha,Chon Buri
200801,20120,ท่าเทววงษ์,เกาะสีชัง,ชลบุรี,Tha Thewawong,Ko Sichang,Chon Buri
200901,20180,สัตหีบ,สัตหีบ,ชลบุรี,Sattahip,Sattahip,Chon Buri
200902,20250,นาจอมเทียน,สัตหีบ,ชลบุรี,Na Chom Thian,Sattahip,Chon Buri
200903,20180,พลูตาหลวง,สัตหีบ,ชลบุรี,Phlu Ta Luang,Sattahip,Chon Buri
200904,20250,บางเสร่,สัตหีบ,ชลบุรี,Bang Sare,Sattahip,Chon Buri
200905,20180,แสมสาร,สัตหีบ,ชลบุรี,Samae San,Sattahip,Chon Buri
201001,20270,บ่อทอง,บ่อทอง,ชลบุรี,Bo Thong,Bo Thong,Chon Buri
201002,20270,วัดสุวรรณ,บ่อทอง,ชลบุรี,Wat Suwan,Bo Thong,Chon Buri
201003,20270,บ่อกวางทอง,บ่อทอง,ชลบุรี,Bo Kwang Thong,Bo Thong,Chon Buri
201004,20270,ธาตุทอง,บ่อทอง,ชลบุรี,That Thong,Bo Thong,Chon Buri
201005,20270,เกษตรสุวรรณ,บ่อทอง,ชลบุรี,Kaset Suwan,Bo Thong,Chon Buri
201006,20270,พลวงทอง,บ่อทอง,ชลบุรี,Phluang Thong,Bo Thong,Chon Buri
201101,20240,เกาะจันทร์,เกาะจันทร์,ชลบุรี,Ko Chan,Ko Chan,Chon Buri
201102,20240,ท่าบุญมี,เกาะจันทร์,ชลบุรี,Tha Bunmi,Ko Chan,Chon Buri
210101,21000,ท่าประดู่,เมืองระยอง,ระยอง,Tha Pradu,Mueang Rayong,Rayong
210102,21000,เชิงเนิน,เมืองระยอง,ระยอง,Choeng Noen,Mueang Rayong,Rayong
210103,21000,ตะพง,เมืองระยอง,ระยอง,Taphong,Mueang Rayong,Rayong
210104,21000,ปากน้ำ,เมืองระยอง,ระยอง,Pak Nam,Mueang Rayong,Rayong
210105,21160,เพ,เมืองระยอง,ระยอง,Phe,Mueang Rayong,Rayong
210106,21160,แกลง,เมืองระยอง,ระยอง,Klaeng,Mueang Rayong,Rayong
210107,21000,บ้านแลง,เมืองระยอง,ระยอง,Ban Laeng,Mueang Rayong,Rayong
210108,21000,นาตาขวัญ,เมืองระยอง,ระยอง,Na Ta Khwan,Mueang Rayong,Rayong
210109,21000,เนินพระ,เมืองระยอง,ระยอง,Noen Phra,Mueang Rayong,Rayong
210110,21100,กะเฉด,เมืองระยอง,ระยอง,Kachet,Mueang Rayong,Rayong
210111,21000,ทับมา,เมืองระยอง,ระยอง,Thap Ma,Mueang Rayong,Rayong
210112,21000,น้ำคอก,เมืองระยอง,ระยอง,Nam Khok,Mueang Rayong,Rayong
210113,21150,ห้วยโป่ง,เมืองระยอง,ระยอง,Huai Pong,Mueang Rayong,Rayong
210114,21150,มาบตาพุด,เมืองระยอง,ระยอง,Maptaphut,Mueang Rayong,Rayong
210115,21100,สำนักทอง,เมืองระยอง,ระยอง,Samnak Thong,Mueang Rayong,Rayong
210201,21130,สำนักท้อน,บ้านฉาง,ระยอง,Samnak Thon,Ban Chang,Rayong
210202,21130,พลา,บ้านฉาง,ระยอง,Phla,Ban Chang,Rayong
210203,21130,บ้านฉาง,บ้านฉาง,ระยอง,Ban Chang,Ban Chang,Rayong
210301,21110,ทางเกวียน,แกลง,ระยอง,Thang Kwian,Klaeng,Rayong
210302,21110,วังหว้า,แกลง,ระยอง,Wang Wa,Klaeng,Rayong
210303,21110,ชากโดน,แกลง,ระยอง,Chak Don,Klaeng,Rayong
210304,21110,เนินฆ้อ,แกลง,ระยอง,Noen Kho,Klaeng,Rayong
210305,21190,กร่ำ,แกลง,ระยอง,Kram,Klaeng,Rayong
210306,21190,ชากพง,แกลง,ระยอง,Chak Phong,Klaeng,Rayong
210307,21110,กระแสบน,แกลง,ระยอง,Krasae Bon,Klaeng,Rayong
210308,21110,บ้านนา,แกลง,ระยอง,Ban Na,Klaeng,Rayong
210309,21110,ทุ่งควายกิน,แกลง,ระยอง,Thung Khwai Kin,Klaeng,Rayong
210310,22160,กองดิน,แกลง,ระยอง,Kong Din,Klaeng,Rayong
210311,21170,คลองปูน,แกลง,ระยอง,Khlong Pun,Klaeng,Rayong
210312,21110,พังราด,แกลง,ระยอง,Phang Rat,Klaeng,Rayong
210313,21170,ปากน้ำกระแส,แกลง,ระยอง,Pak Nam Krasae,Klaeng,Rayong
210317,21110,ห้วยยาง,แกลง,ระยอง,Huai Yang,Klaeng,Rayong
210318,21110,สองสลึง,แกลง,ระยอง,Song Salueng,Klaeng,Rayong
210401,21210,วังจันทร์,วังจันทร์,ระยอง,Wang Chan,Wang Chan,Rayong
210402,21210,ชุมแสง,วังจันทร์,ระยอง,Chum Saeng,Wang Chan,Rayong
210403,21210,ป่ายุบใน,วังจันทร์,ระยอง,Pa Yup Nai,Wang Chan,Rayong
210404,21210,พลงตาเอี่ยม,วังจันทร์,ระยอง,Phong Ta Iam,Wang Chan,Rayong
210501,21120,บ้านค่าย,บ้านค่าย,ระยอง,Ban Khai,Ban Khai,Rayong
210502,21120,หนองละลอก,บ้านค่าย,ระยอง,Nong Lalok,Ban Khai,Rayong
210503,21120,หนองตะพาน,บ้านค่าย,ระยอง,Nong Taphan,Ban Khai,Rayong
210504,21120,ตาขัน,บ้านค่าย,ระยอง,Ta Khan,Ban Khai,Rayong
210505,21120,บางบุตร,บ้านค่าย,ระยอง,Bang But,Ban Khai,Rayong
210506,21120,หนองบัว,บ้านค่าย,ระยอง,Nong Bua,Ban Khai,Rayong
210507,21120,ชากบก,บ้านค่าย,ระยอง,Chak Bok,Ban Khai,Rayong
210601,21140,ปลวกแดง,ปลวกแดง,ระยอง,Pluak Daeng,Pluak Daeng,Rayong
210602,21140,ตาสิทธิ์,ปลวกแดง,ระยอง,Ta Sit,Pluak Daeng,Rayong
210603,21140,ละหาร,ปลวกแดง,ระยอง,Lahan,Pluak Daeng,Rayong
210604,21140,แม่น้ำคู้,ปลวกแดง,ระยอง,Maenam Khu,Pluak Daeng,Rayong
210605,21140,มาบยางพร,ปลวกแดง,ระยอง,Map Yang Phon,Pluak Daeng,Rayong
210606,21140,หนองไร่,ปลวกแดง,ระยอง,Nong Rai,Pluak Daeng,Rayong
210701,21110,น้ำเป็น,เขาชะเมา,ระยอง,Nam Pen,Khao Chamao,Rayong
210702,21110,ห้วยทับมอญ,เขาชะเมา,ระยอง,Huai Thap Mon,Khao Chamao,Rayong
210703,21110,ชำฆ้อ,เขาชะเมา,ระยอง,Cham Noi,Khao Chamao,Rayong
210704,21110,เขาน้อย,เขาชะเมา,ระยอง,Khao Noi,Khao Chamao,Rayong
210801,21180,นิคมพัฒนา,นิคมพัฒนา,ระยอง,Nikhom Phatthana,Nikhom Phatthana,Rayong
210802,21180,มาบข่า,นิคมพัฒนา,ระยอง,Map Kha,Nikhom Phatthana,Rayong
210803,21180,พนานิคม,นิคมพัฒนา,ระยอง,Phana Nikhom,Nikhom Phatthana,Rayong
210804,21180,มะขามคู่,นิคมพัฒนา,ระยอง,Makham Khu,Nikhom Phatthana,Rayong
220101,22000,ตลาด,เมืองจันทบุรี,จันทบุรี,Talat,Mueang Chanthaburi,Chanthaburi
220102,22000,วัดใหม่,เมืองจันทบุรี,จันทบุรี,Wat Mai,Mueang Chanthaburi,Chanthaburi
220103,22000,คลองนารายณ์,เมืองจันทบุรี,จันทบุรี,Khlong Narai,Mueang Chanthaburi,Chanthaburi
220104,22000,เกาะขวาง,เมืองจันทบุรี,จันทบุรี,Ko Khwang,Mueang Chanthaburi,Chanthaburi
220105,22000,คมบาง,เมืองจันทบุรี,จันทบุรี,Kom Bang,Mueang Chanthaburi,Chanthaburi
220106,22000,ท่าช้าง,เมืองจันทบุรี,จันทบุรี,Tha Chang,Mueang Chanthaburi,Chanthaburi
220107,22000,จันทนิมิต,เมืองจันทบุรี,จันทบุรี,Chanthanimit,Mueang Chanthaburi,Chanthaburi
220108,22000,บางกะจะ,เมืองจันทบุรี,จันทบุรี,Bang Kacha,Mueang Chanthaburi,Chanthaburi
220109,22000,แสลง,เมืองจันทบุรี,จันทบุรี,Salaeng,Mueang Chanthaburi,Chanthaburi
220110,22000,หนองบัว,เมืองจันทบุรี,จันทบุรี,Nong Bua,Mueang Chanthaburi,Chanthaburi
220111,22000,พลับพลา,เมืองจันทบุรี,จันทบุรี,Phlapphla,Mueang Chanthaburi,Chanthaburi
220201,22110,ขลุง,ขลุง,จันทบุรี,Khlung,Khlung,Chanthaburi
220202,22110,บ่อ,ขลุง,จันทบุรี,Bo,Khlung,Chanthaburi
220203,22110,เกวียนหัก,ขลุง,จันทบุรี,Kwian Hak,Khlung,Chanthaburi
220204,22110,ตะปอน,ขลุง,จันทบุรี,Tapon,Khlung,Chanthaburi
220205,22110,บางชัน,ขลุง,จันทบุรี,Bang Chan,Khlung,Chanthaburi
220206,22110,วันยาว,ขลุง,จันทบุรี,Wan Yao,Khlung,Chanthaburi
220207,22110,ซึ้ง,ขลุง,จันทบุรี,Sueng,Khlung,Chanthaburi
220208,22110,มาบไพ,ขลุง,จันทบุรี,Map Phai,Khlung,Chanthaburi
220209,22110,วังสรรพรส,ขลุง,จันทบุรี,Wang Sappharot,Khlung,Chanthaburi
220210,22110,ตรอกนอง,ขลุง,จันทบุรี,Trok Nong,Khlung,Chanthaburi
220211,22110,ตกพรม,ขลุง,จันทบุรี,Tok Phrom,Khlung,Chanthaburi
220212,22150,บ่อเวฬุ,ขลุง,จันทบุรี,Bo Weru,Khlung,Chanthaburi
220301,22120,ท่าใหม่,ท่าใหม่,จันทบุรี,Tha Mai,Tha Mai,Chanthaburi
220302,22120,ยายร้า,ท่าใหม่,จันทบุรี,Yai Ra,Tha Mai,Chanthaburi
220303,22120,สีพยา,ท่าใหม่,จันทบุรี,Si Phaya,Tha Mai,Chanthaburi
220304,22120,บ่อพุ,ท่าใหม่,จันทบุรี,Bo Phu,Tha Mai,Chanthaburi
220305,22120,พลอยแหวน,ท่าใหม่,จันทบุรี,Phloi Waen,Tha Mai,Chanthaburi
220306,22120,เขาวัว,ท่าใหม่,จันทบุรี,Khao Wua,Tha Mai,Chanthaburi
220307,22120,เขาบายศรี,ท่าใหม่,จันทบุรี,Khao Baisi,Tha Mai,Chanthaburi
220308,22120,สองพี่น้อง,ท่าใหม่,จันทบุรี,Song Phi Nong,Tha Mai,Chanthaburi
220309,22170,ทุ่งเบญจา,ท่าใหม่,จันทบุรี,Thung Bencha,Tha Mai,Chanthaburi
220311,22170,รำพัน,ท่าใหม่,จันทบุรี,Ramphan,Tha Mai,Chanthaburi
220312,22170,โขมง,ท่าใหม่,จันทบุรี,Khamong,Tha Mai,Chanthaburi
220313,22120,ตะกาดเง้า,ท่าใหม่,จันทบุรี,Takat Ngao,Tha Mai,Chanthaburi
220314,22120,คลองขุด,ท่าใหม่,จันทบุรี,Khlong Khut,Tha Mai,Chanthaburi
220324,22170,เขาแก้ว,ท่าใหม่,จันทบุรี,Khao Kaeo,Tha Mai,Chanthaburi
220401,22140,ทับไทร,โป่งน้ำร้อน,จันทบุรี,Thap Sai,Pong Nam Ron,Chanthaburi
220402,22140,โป่งน้ำร้อน,โป่งน้ำร้อน,จันทบุรี,Pong Nam Ron,Pong Nam Ron,Chanthaburi
220404,22140,หนองตาคง,โป่งน้ำร้อน,จันทบุรี,Nong Ta Khong,Pong Nam Ron,Chanthaburi
220409,22140,เทพนิมิต,โป่งน้ำร้อน,จันทบุรี,Thep Nimit,Pong Nam Ron,Chanthaburi
220410,22140,คลองใหญ่,โป่งน้ำร้อน,จันทบุรี,Khlong Yai,Pong Nam Ron,Chanthaburi
220501,22150,มะขาม,มะขาม,จันทบุรี,Makham,Makham,Chanthaburi
220502,22150,ท่าหลวง,มะขาม,จันทบุรี,Tha Luang,Makham,Chanthaburi
220503,22150,ปัถวี,มะขาม,จันทบุรี,Patthawi,Makham,Chanthaburi
220504,22150,วังแซ้ม,มะขาม,จันทบุรี,Wang Saem,Makham,Chanthaburi
220506,22150,ฉมัน,มะขาม,จันทบุรี,Cha Man,Makham,Chanthaburi
220508,22150,อ่างคีรี,มะขาม,จันทบุรี,Ang Khiri,Makham,Chanthaburi
220601,22130,ปากน้ำแหลมสิงห์,แหลมสิงห์,จันทบุรี,Pak Nam Laem Sing,Laem Sing,Chanthaburi
220602,22130,เกาะเปริด,แหลมสิงห์,จันทบุรี,Ko Proet,Laem Sing,Chanthaburi
220603,22130,หนองชิ่ม,แหลมสิงห์,จันทบุรี,Nong Chim,Laem Sing,Chanthaburi
220604,22190,พลิ้ว,แหลมสิงห์,จันทบุรี,Phlio,Laem Sing,Chanthaburi
220605,22190,คลองน้ำเค็ม,แหลมสิงห์,จันทบุรี,Khlong Nam Khem,Laem Sing,Chanthaburi
220606,22190,บางสระเก้า,แหลมสิงห์,จันทบุรี,Bang Sa Kao,Laem Sing,Chanthaburi
220607,22120,บางกะไชย,แหลมสิงห์,จันทบุรี,Bang Kachai,Laem Sing,Chanthaburi
220701,22180,ปะตง,สอยดาว,จันทบุรี,Patong,Soi Dao,Chanthaburi
220702,22180,ทุ่งขนาน,สอยดาว,จันทบุรี,Thung Khanan,Soi Dao,Chanthaburi
220703,22180,ทับช้าง,สอยดาว,จันทบุรี,Thap Chang,Soi Dao,Chanthaburi
220704,22180,ทรายขาว,สอยดาว,จันทบุรี,Sai Khao,Soi Dao,Chanthaburi
220705,22180,สะตอน,สอยดาว,จันทบุรี,Saton,Soi Dao,Chanthaburi
220801,22160,แก่งหางแมว,แก่งหางแมว,จันทบุรี,Kaeng Hang Maeo,Kaeng Hang Maeo,Chanthaburi
220802,22160,ขุนซ่อง,แก่งหางแมว,จันทบุรี,Khun Song,Kaeng Hang Maeo,Chanthaburi
220803,22160,สามพี่น้อง,แก่งหางแมว,จันทบุรี,Sam Phi Nong,Kaeng Hang Maeo,Chanthaburi
220804,22160,พวา,แก่งหางแมว,จันทบุรี,Phawa,Kaeng Hang Maeo,Chanthaburi
220805,22160,เขาวงกต,แก่งหางแมว,จันทบุรี,Khao Wongkot,Kaeng Hang Maeo,Chanthaburi
220901,22160,นายายอาม,นายายอาม,จันทบุรี,Na Yai Am,Na Yai Am,Chanthaburi
220902,22170,วังโตนด,นายายอาม,จันทบุรี,Wang Tanot,Na Yai Am,Chanthaburi
220903,22170,กระแจะ,นายายอาม,จันทบุรี,Krachae,Na Yai Am,Chanthaburi
220904,22170,สนามไชย,นายายอาม,จันทบุรี,Sanam Chai,Na Yai Am,Chanthaburi
220905,22160,ช้างข้าม,นายายอาม,จันทบุรี,Chang Kham,Na Yai Am,Chanthaburi
220906,22170,วังใหม่,นายายอาม,จันทบุรี,Wang Mai,Na Yai Am,Chanthaburi
221001,22210,ชากไทย,เขาคิชฌกูฏ,จันทบุรี,Chak Thai,Khao Khitchakut,Chanthaburi
221002,22210,พลวง,เขาคิชฌกูฏ,จันทบุรี,Phluang,Khao Khitchakut,Chanthaburi
221003,22210,ตะเคียนทอง,เขาคิชฌกูฏ,จันทบุรี,Takhian Thong,Khao Khitchakut,Chanthaburi
221004,22210,คลองพลู,เขาคิชฌกูฏ,จันทบุรี,Khlong Phlu,Khao Khitchakut,Chanthaburi
221005,22210,จันทเขลม,เขาคิชฌกูฏ,จันทบุรี,Chanthakhlem,Khao Khitchakut,Chanthaburi
230101,23000,บางพระ,เมืองตราด,ตราด,Bang Phra,Mueang Trat,Trat
230102,23000,หนองเสม็ด,เมืองตราด,ตราด,Nong Samet,Mueang Trat,Trat
230103,23000,หนองโสน,เมืองตราด,ตราด,Nong Sano,Mueang Trat,Trat
230104,23000,หนองคันทรง,เมืองตราด,ตราด,Nong Khan Song,Mueang Trat,Trat
230105,23000,ห้วงน้ำขาว,เมืองตราด,ตราด,Huang Nam Khao,Mueang Trat,Trat
230106,23000,อ่าวใหญ่,เมืองตราด,ตราด,Ao Yai,Mueang Trat,Trat
230107,23000,วังกระแจะ,เมืองตราด,ตราด,Wang Krachae,Mueang Trat,Trat
230108,23000,ห้วยแร้ง,เมืองตราด,ตราด,Huai Raeng,Mueang Trat,Trat
230109,23000,เนินทราย,เมืองตราด,ตราด,Noen Sai,Mueang Trat,Trat
230110,23000,ท่าพริก,เมืองตราด,ตราด,Tha Phrik,Mueang Trat,Trat
230111,23000,ท่ากุ่ม,เมืองตราด,ตราด,Tha Kum,Mueang Trat,Trat
230112,23000,ตะกาง,เมืองตราด,ตราด,Takang,Mueang Trat,Trat
230113,23000,ชำราก,เมืองตราด,ตราด,Cham Rak,Mueang Trat,Trat
230114,23000,แหลมกลัด,เมืองตราด,ตราด,Laem Klat,Mueang Trat,Trat
230201,23110,คลองใหญ่,คลองใหญ่,ตราด,Khlong Yai,Khlong Yai,Trat
230202,23110,ไม้รูด,คลองใหญ่,ตราด,Mai Rut,Khlong Yai,Trat
230203,23110,หาดเล็ก,คลองใหญ่,ตราด,Hat Lek,Khlong Yai,Trat
230301,23130,เขาสมิง,เขาสมิง,ตราด,Khao Saming,Khao Saming,Trat
230302,23150,แสนตุ้ง,เขาสมิง,ตราด,Saen Tung,Khao Saming,Trat
230303,23130,วังตะเคียน,เขาสมิง,ตราด,Wang Takhian,Khao Saming,Trat
230304,23150,ท่าโสม,เขาสมิง,ตราด,Tha Som,Khao Saming,Trat
230305,23150,สะตอ,เขาสมิง,ตราด,Sato,Khao Saming,Trat
230306,23150,ประณีต,เขาสมิง,ตราด,Pranit,Khao Saming,Trat
230307,23150,เทพนิมิต,เขาสมิง,ตราด,Thep Nimit,Khao Saming,Trat
230308,23130,ทุ่งนนทรี,เขาสมิง,ตราด,Thung Nonsi,Khao Saming,Trat
230401,23140,บ่อพลอย,บ่อไร่,ตราด,Bo Phloi,Bo Rai,Trat
230402,23140,ช้างทูน,บ่อไร่,ตราด,Chang Thun,Bo Rai,Trat
230403,23140,ด่านชุมพล,บ่อไร่,ตราด,Dan Chumphon,Bo Rai,Trat
230404,23140,หนองบอน,บ่อไร่,ตราด,Nong Bon,Bo Rai,Trat
230405,23140,นนทรีย์,บ่อไร่,ตราด,Nonsi,Bo Rai,Trat
230501,23120,แหลมงอบ,แหลมงอบ,ตราด,Laem Ngop,Laem Ngop,Trat
230502,23120,น้ำเชี่ยว,แหลมงอบ,ตราด,Nam Chiao,Laem Ngop,Trat
230503,23120,บางปิด,แหลมงอบ,ตราด,Bang Pit,Laem Ngop,Trat
230507,23120,คลองใหญ่,แหลมงอบ,ตราด,Khlong Yai,Laem Ngop,Trat
230601,23000,เกาะหมาก,เกาะกูด,ตราด,Ko Mak,Ko Kut,Trat
230602,23000,เกาะกูด,เกาะกูด,ตราด,Ko Kut,Ko Kut,Trat
230701,23170,เกาะช้าง,เกาะช้าง,ตราด,Ko Chang,Ko Chang,Trat
230702,23170,เกาะช้างใต้,เกาะช้าง,ตราด,Ko Chang Tai,Ko Chang,Trat
240101,24000,หน้าเมือง,เมืองฉะเชิงเทรา,ฉะเชิงเทรา,Na Mueang,Mueang Chachoengsao,Chachoengsao
240102,24000,ท่าไข่,เมืองฉะเชิงเทรา,ฉะเชิงเทรา,Tha Khai,Mueang Chachoengsao,Chachoengsao
240103,24000,บ้านใหม่,เมืองฉะเชิงเทรา,ฉะเชิงเทรา,Ban Mai,Mueang Chachoengsao,Chachoengsao
240104,24000,คลองนา,เมืองฉะเชิงเทรา,ฉะเชิงเทรา,Khlong Na,Mueang Chachoengsao,Chachoengsao
240105,24000,บางตีนเป็ด,เมืองฉะเชิงเทรา,ฉะเชิงเทรา,Bang Tin Pet,Mueang Chachoengsao,Chachoengsao
240106,24000,บางไผ่,เมืองฉะเชิงเทรา,ฉะเชิงเทรา,Bang Phai,Mueang Chachoengsao,Chachoengsao
240107,24000,คลองจุกกระเฌอ,เมืองฉะเชิงเทรา,ฉะเชิงเทรา,Khlong Chuk Khachoe,Mueang Chachoengsao,Chachoengsao
240108,24000,บางแก้ว,เมืองฉะเชิงเทรา,ฉะเชิงเทรา,Bang Kaeo,Mueang Chachoengsao,Chachoengsao
240109,24000,บางขวัญ,เมืองฉะเชิงเทรา,ฉะเชิงเทรา,Bang Khwan,Mueang Chachoengsao,Chachoengsao
240110,24000,คลองนครเนื่องเขต,เมืองฉะเชิงเทรา,ฉะเชิงเทรา,Khlong Nakhon Nueang Khet,Mueang Chachoengsao,Chachoengsao
240111,24000,วังตะเคียน,เมืองฉะเชิงเทรา,ฉะเชิงเทรา,Wang Takhian,Mueang Chachoengsao,Chachoengsao
240112,24000,โสธร,เมืองฉะเชิงเทรา,ฉะเชิงเทรา,Sothon,Mueang Chachoengsao,Chachoengsao
240113,24000,บางพระ,เมืองฉะเชิงเทรา,ฉะเชิงเทรา,Bang Phra,Mueang Chachoengsao,Chachoengsao
240114,24000,บางกะไห,เมืองฉะเชิงเทรา,ฉะเชิงเทรา,Bang Kahai,Mueang Chachoengsao,Chachoengsao
240115,24000,หนามแดง,เมืองฉะเชิงเทรา,ฉะเชิงเทรา,Nam Daeng,Mueang Chachoengsao,Chachoengsao
240116,24000,คลองเปรง,เมืองฉะเชิงเทรา,ฉะเชิงเทรา,Khlong Preng,Mueang Chachoengsao,Chachoengsao
240117,24000,คลองอุดมชลจร,เมืองฉะเชิงเทรา,ฉะเชิงเทรา,Khlong Udom Chonlachon,Mueang Chachoengsao,Chachoengsao
240118,24000,คลองหลวงแพ่ง,เมืองฉะเชิงเทรา,ฉะเชิงเทรา,Khlong Luang Phaeng,Mueang Chachoengsao,Chachoengsao
240119,24000,บางเตย,เมืองฉะเชิงเทรา,ฉะเชิงเทรา,Bang Toei,Mueang Chachoengsao,Chachoengsao
240201,24110,บางคล้า,บางคล้า,ฉะเชิงเทรา,Bang Khla,Bang Khla,Chachoengsao
240204,24110,บางสวน,บางคล้า,ฉะเชิงเทรา,Bang Suan,Bang Khla,Chachoengsao
240208,24110,บางกระเจ็ด,บางคล้า,ฉะเชิงเทรา,Bang Krachet,Bang Khla,Chachoengsao
240209,24110,ปากน้ำ,บางคล้า,ฉะเชิงเทรา,Pak Nam,Bang Khla,Chachoengsao
240210,24110,ท่าทองหลาง,บางคล้า,ฉะเชิงเทรา,Tha Thong Lang,Bang Khla,Chachoengsao
240211,24110,สาวชะโงก,บางคล้า,ฉะเชิงเทรา,Sao Cha-Ngo,Bang Khla,Chachoengsao
240212,24110,เสม็ดเหนือ,บางคล้า,ฉะเชิงเทรา,Samet Nuea,Bang Khla,Chachoengsao
240213,24110,เสม็ดใต้,บางคล้า,ฉะเชิงเทรา,Samet Tai,Bang Khla,Chachoengsao
240214,24110,หัวไทร,บางคล้า,ฉะเชิงเทรา,Hua Sai,Bang Khla,Chachoengsao
240301,24150,บางน้ำเปรี้ยว,บางน้ำเปรี้ยว,ฉะเชิงเทรา,Bang Nam Priao,Bang Nam Priao,Chachoengsao
240302,24150,บางขนาก,บางน้ำเปรี้ยว,ฉะเชิงเทรา,Bang Khanak,Bang Nam Priao,Chachoengsao
240303,24150,สิงโตทอง,บางน้ำเปรี้ยว,ฉะเชิงเทรา,Singto Thong,Bang Nam Priao,Chachoengsao
240304,24150,หมอนทอง,บางน้ำเปรี้ยว,ฉะเชิงเทรา,Mon Thong,Bang Nam Priao,Chachoengsao
240305,24170,บึงน้ำรักษ์,บางน้ำเปรี้ยว,ฉะเชิงเทรา,Bueng Nam Rak,Bang Nam Priao,Chachoengsao
240306,24170,ดอนเกาะกา,บางน้ำเปรี้ยว,ฉะเชิงเทรา,Don Ko Ka,Bang Nam Priao,Chachoengsao
240307,24150,โยธะกา,บางน้ำเปรี้ยว,ฉะเชิงเทรา,Yothaka,Bang Nam Priao,Chachoengsao
240308,24170,ดอนฉิมพลี,บางน้ำเปรี้ยว,ฉะเชิงเทรา,Don Chimphli,Bang Nam Priao,Chachoengsao
240309,24000,ศาลาแดง,บางน้ำเปรี้ยว,ฉะเชิงเทรา,Sala Daeng,Bang Nam Priao,Chachoengsao
240310,24150,โพรงอากาศ,บางน้ำเปรี้ยว,ฉะเชิงเทรา,Phrong Akat,Bang Nam Priao,Chachoengsao
240401,24130,บางปะกง,บางปะกง,ฉะเชิงเทรา,Bang Pakong,Bang Pakong,Chachoengsao
240402,24130,ท่าสะอ้าน,บางปะกง,ฉะเชิงเทรา,Tha Sa-An,Bang Pakong,Chachoengsao
240403,24180,บางวัว,บางปะกง,ฉะเชิงเทรา,Bang Wua,Bang Pakong,Chachoengsao
240404,24180,บางสมัคร,บางปะกง,ฉะเชิงเทรา,Bang Samak,Bang Pakong,Chachoengsao
240405,24130,บางผึ้ง,บางปะกง,ฉะเชิงเทรา,Bang Phueng,Bang Pakong,Chachoengsao
240406,24180,บางเกลือ,บางปะกง,ฉะเชิงเทรา,Bang Kluea,Bang Pakong,Chachoengsao
240407,24130,สองคลอง,บางปะกง,ฉะเชิงเทรา,Song Khlong,Bang Pakong,Chachoengsao
240408,24130,หนองจอก,บางปะกง,ฉะเชิงเทรา,Nong Chok,Bang Pakong,Chachoengsao
240409,24130,พิมพา,บางปะกง,ฉะเชิงเทรา,Phimpha,Bang Pakong,Chachoengsao
240410,24130,ท่าข้าม,บางปะกง,ฉะเชิงเทรา,Tha Kham,Bang Pakong,Chachoengsao
240411,24180,หอมศีล,บางปะกง,ฉะเชิงเทรา,Hom Sin,Bang Pakong,Chachoengsao
240412,24130,เขาดิน,บางปะกง,ฉะเชิงเทรา,Khao Din,Bang Pakong,Chachoengsao
240501,24140,บ้านโพธิ์,บ้านโพธิ์,ฉะเชิงเทรา,Ban Pho,Ban Pho,Chachoengsao
240502,24140,เกาะไร่,บ้านโพธิ์,ฉะเชิงเทรา,Ko Rai,Ban Pho,Chachoengsao
240503,24140,คลองขุด,บ้านโพธิ์,ฉะเชิงเทรา,Khlong Khut,Ban Pho,Chachoengsao
240504,24140,คลองบ้านโพธิ์,บ้านโพธิ์,ฉะเชิงเทรา,Khlong Ban Pho,Ban Pho,Chachoengsao
240505,24140,คลองประเวศ,บ้านโพธิ์,ฉะเชิงเทรา,Khlong Prawet,Ban Pho,Chachoengsao
240506,24140,ดอนทราย,บ้านโพธิ์,ฉะเชิงเทรา,Don Sai,Ban Pho,Chachoengsao
240507,24140,เทพราช,บ้านโพธิ์,ฉะเชิงเทรา,Theppharat,Ban Pho,Chachoengsao
240508,24140,ท่าพลับ,บ้านโพธิ์,ฉะเชิงเทรา,Tha Phlap,Ban Pho,Chachoengsao
240509,24140,หนองตีนนก,บ้านโพธิ์,ฉะเชิงเทรา,Nong Tin Nok,Ban Pho,Chachoengsao
240510,24140,หนองบัว,บ้านโพธิ์,ฉะเชิงเทรา,Nong Bua,Ban Pho,Chachoengsao
240511,24140,บางซ่อน,บ้านโพธิ์,ฉะเชิงเทรา,Bang Son,Ban Pho,Chachoengsao
240512,24140,บางกรูด,บ้านโพธิ์,ฉะเชิงเทรา,Bang Krut,Ban Pho,Chachoengsao
240513,24140,แหลมประดู่,บ้านโพธิ์,ฉะเชิงเทรา,Laem Pradu,Ban Pho,Chachoengsao
240514,24140,ลาดขวาง,บ้านโพธิ์,ฉะเชิงเทรา,Lat Khwang,Ban Pho,Chachoengsao
240515,24140,สนามจันทร์,บ้านโพธิ์,ฉะเชิงเทรา,Sanam Chan,Ban Pho,Chachoengsao
240516,24140,แสนภูดาษ,บ้านโพธิ์,ฉะเชิงเทรา,Saen Phu Dat,Ban Pho,Chachoengsao
240517,24140,สิบเอ็ดศอก,บ้านโพธิ์,ฉะเชิงเทรา,Sip Et Sok,Ban Pho,Chachoengsao
240601,24120,เกาะขนุน,พนมสารคาม,ฉะเชิงเทรา,Ko Khanun,Phanom Sarakham,Chachoengsao
240602,24120,บ้านซ่อง,พนมสารคาม,ฉะเชิงเทรา,Ban Song,Phanom Sarakham,Chachoengsao
240603,24120,พนมสารคาม,พนมสารคาม,ฉะเชิงเทรา,Phanom Sarakham,Phanom Sarakham,Chachoengsao
240604,24120,เมืองเก่า,พนมสารคาม,ฉะเชิงเทรา,Mueang Kao,Phanom Sarakham,Chachoengsao
240605,24120,หนองยาว,พนมสารคาม,ฉะเชิงเทรา,Nong Yao,Phanom Sarakham,Chachoengsao
240606,24120,ท่าถ่าน,พนมสารคาม,ฉะเชิงเทรา,Tha Than,Phanom Sarakham,Chachoengsao
240607,24120,หนองแหน,พนมสารคาม,ฉะเชิงเทรา,Nong Nae,Phanom Sarakham,Chachoengsao
240608,24120,เขาหินซ้อน,พนมสารคาม,ฉะเชิงเทรา,Khao Hin Son,Phanom Sarakham,Chachoengsao
240701,24120,บางคา,ราชสาส์น,ฉะเชิงเทรา,Bang Kha,Ratchasan,Chachoengsao
240702,24120,เมืองใหม่,ราชสาส์น,ฉะเชิงเทรา,Mueang Mai,Ratchasan,Chachoengsao
240703,24120,ดงน้อย,ราชสาส์น,ฉะเชิงเทรา,Dong Noi,Ratchasan,Chachoengsao
240801,24160,คู้ยายหมี,สนามชัยเขต,ฉะเชิงเทรา,Khu Yai Mi,Sanam Chai Khet,Chachoengsao
240802,24160,ท่ากระดาน,สนามชัยเขต,ฉะเชิงเทรา,Tha Kradan,Sanam Chai Khet,Chachoengsao
240803,24160,ทุ่งพระยา,สนามชัยเขต,ฉะเชิงเทรา,Thung Phraya,Sanam Chai Khet,Chachoengsao
240805,24160,ลาดกระทิง,สนามชัยเขต,ฉะเชิงเทรา,Lat Krathing,Sanam Chai Khet,Chachoengsao
240901,24190,แปลงยาว,แปลงยาว,ฉะเชิงเทรา,Plaeng Yao,Pleang Yao,Chachoengsao
240902,24190,วังเย็น,แปลงยาว,ฉะเชิงเทรา,Wang Yen,Pleang Yao,Chachoengsao
240903,24190,หัวสำโรง,แปลงยาว,ฉะเชิงเทรา,Hua Samrong,Pleang Yao,Chachoengsao
240904,24190,หนองไม้แก่น,แปลงยาว,ฉะเชิงเทรา,Nong Mai Kaen,Pleang Yao,Chachoengsao
241001,24160,ท่าตะเกียบ,ท่าตะเกียบ,ฉะเชิงเทรา,Tha Takiap,Tha Takiap,Chachoengsao
241002,24160,คลองตะเกรา,ท่าตะเกียบ,ฉะเชิงเทรา,Khlong Takrao,Tha Takiap,Chachoengsao
241101,24000,ก้อนแก้ว,คลองเขื่อน,ฉะเชิงเทรา,Kon Kaeo,Khlong Khuean,Chachoengsao
241102,24000,คลองเขื่อน,คลองเขื่อน,ฉะเชิงเทรา,Khlong Khuean,Khlong Khuean,Chachoengsao
241103,24000,บางเล่า,คลองเขื่อน,ฉะเชิงเทรา,Bang Lao,Khlong Khuean,Chachoengsao
241104,24000,บางโรง,คลองเขื่อน,ฉะเชิงเทรา,Bang Rong,Khlong Khuean,Chachoengsao
241105,24110,บางตลาด,คลองเขื่อน,ฉะเชิงเทรา,Bang Talat,Khlong Khuean,Chachoengsao
250101,25000,หน้าเมือง,เมืองปราจีนบุรี,ปราจีนบุรี,Na Mueang,Mueang Prachin Buri,Prachin Buri
250102,25000,รอบเมือง,เมืองปราจีนบุรี,ปราจีนบุรี,Rop Mueang,Mueang Prachin Buri,Prachin Buri
250103,25000,วัดโบสถ์,เมืองปราจีนบุรี,ปราจีนบุรี,Wat Bot,Mueang Prachin Buri,Prachin Buri
250104,25000,บางเดชะ,เมืองปราจีนบุรี,ปราจีนบุรี,Bang Decha,Mueang Prachin Buri,Prachin Buri
250105,25000,ท่างาม,เมืองปราจีนบุรี,ปราจีนบุรี,Tha Ngam,Mueang Prachin Buri,Prachin Buri
250106,25000,บางบริบูรณ์,เมืองปราจีนบุรี,ปราจีนบุรี,Bang Boribun,Mueang Prachin Buri,Prachin Buri
250107,25000,ดงพระราม,เมืองปราจีนบุรี,ปราจีนบุรี,Dong Phraram,Mueang Prachin Buri,Prachin Buri
250108,25230,บ้านพระ,เมืองปราจีนบุรี,ปราจีนบุรี,Ban Phra,Mueang Prachin Buri,Prachin Buri
250109,25230,โคกไม้ลาย,เมืองปราจีนบุรี,ปราจีนบุรี,Khok Mai Lai,Mueang Prachin Buri,Prachin Buri
250110,25230,ไม้เค็ด,เมืองปราจีนบุรี,ปราจีนบุรี,Mai Khet,Mueang Prachin Buri,Prachin Buri
250111,25000,ดงขี้เหล็ก,เมืองปราจีนบุรี,ปราจีนบุรี,Dong Khi Lek,Mueang Prachin Buri,Prachin Buri
250112,25230,เนินหอม,เมืองปราจีนบุรี,ปราจีนบุรี,Noen Hom,Mueang Prachin Buri,Prachin Buri
250113,25000,โนนห้อม,เมืองปราจีนบุรี,ปราจีนบุรี,Non Hom,Mueang Prachin Buri,Prachin Buri
250201,25110,กบินทร์,กบินทร์บุรี,ปราจีนบุรี,Kabin,Kabin Buri,Prachin Buri
250202,25240,เมืองเก่า,กบินทร์บุรี,ปราจีนบุรี,Mueang Kao,Kabin Buri,Prachin Buri
250203,25110,วังดาล,กบินทร์บุรี,ปราจีนบุรี,Wang Dan,Kabin Buri,Prachin Buri
250204,25110,นนทรี,กบินทร์บุรี,ปราจีนบุรี,Nonsi,Kabin Buri,Prachin Buri
250205,25110,ย่านรี,กบินทร์บุรี,ปราจีนบุรี,Yan Ri,Kabin Buri,Prachin Buri
250206,25110,วังตะเคียน,กบินทร์บุรี,ปราจีนบุรี,Wang Takhian,Kabin Buri,Prachin Buri
250207,25110,หาดนางแก้ว,กบินทร์บุรี,ปราจีนบุรี,Hat Nang Kaeo,Kabin Buri,Prachin Buri
250208,25110,ลาดตะเคียน,กบินทร์บุรี,ปราจีนบุรี,Lat Takhian,Kabin Buri,Prachin Buri
250209,25110,บ้านนา,กบินทร์บุรี,ปราจีนบุรี,Ban Na,Kabin Buri,Prachin Buri
250210,25110,บ่อทอง,กบินทร์บุรี,ปราจีนบุรี,Bo Thong,Kabin Buri,Prachin Buri
250211,25110,หนองกี่,กบินทร์บุรี,ปราจีนบุรี,Nong Ki,Kabin Buri,Prachin Buri
250212,25110,นาแขม,กบินทร์บุรี,ปราจีนบุรี,Na Khaem,Kabin Buri,Prachin Buri
250213,25110,เขาไม้แก้ว,กบินทร์บุรี,ปราจีนบุรี,Khao Mai Kaeo,Kabin Buri,Prachin Buri
250214,25110,วังท่าช้าง,กบินทร์บุรี,ปราจีนบุรี,Wang Tha Chang,Kabin Buri,Prachin Buri
250301,25220,นาดี,นาดี,ปราจีนบุรี,Na Di,Na Di,Prachin Buri
250302,25220,สำพันตา,นาดี,ปราจีนบุรี,Sam Phan Ta,Na Di,Prachin Buri
250303,25220,สะพานหิน,นาดี,ปราจีนบุรี,Saphan Hin,Na Di,Prachin Buri
250304,25220,ทุ่งโพธิ์,นาดี,ปราจีนบุรี,Thung Pho,Na Di,Prachin Buri
250305,25220,แก่งดินสอ,นาดี,ปราจีนบุรี,Kaeng Dinso,Na Di,Prachin Buri
250306,25220,บุพราหมณ์,นาดี,ปราจีนบุรี,Bu Phram,Na Di,Prachin Buri
250601,25150,บ้านสร้าง,บ้านสร้าง,ปราจีนบุรี,Ban Sang,Ban Sang,Prachin Buri
250602,25150,บางกระเบา,บ้านสร้าง,ปราจีนบุรี,Bang Krabao,Ban Sang,Prachin Buri
250603,25150,บางเตย,บ้านสร้าง,ปราจีนบุรี,Bang Toei,Ban Sang,Prachin Buri
250604,25150,บางยาง,บ้านสร้าง,ปราจีนบุรี,Bang Yang,Ban Sang,Prachin Buri
250605,25150,บางแตน,บ้านสร้าง,ปราจีนบุรี,Bang Taen,Ban Sang,Prachin Buri
250606,25150,บางพลวง,บ้านสร้าง,ปราจีนบุรี,Bang Phluang,Ban Sang,Prachin Buri
250607,25150,บางปลาร้า,บ้านสร้าง,ปราจีนบุรี,Bang Pla Ra,Ban Sang,Prachin Buri
250608,25150,บางขาม,บ้านสร้าง,ปราจีนบุรี,Bang Kham,Ban Sang,Prachin Buri
250609,25150,กระทุ่มแพ้ว,บ้านสร้าง,ปราจีนบุรี,Krathum Phaeo,Ban Sang,Prachin Buri
250701,25130,ประจันตคาม,ประจันตคาม,ปราจีนบุรี,Prachantakham,Prachantakham,Prachin Buri
250702,25130,เกาะลอย,ประจันตคาม,ปราจีนบุรี,Ko Loi,Prachantakham,Prachin Buri
250703,25130,บ้านหอย,ประจันตคาม,ปราจีนบุรี,Ban Hoi,Prachantakham,Prachin Buri
250704,25130,หนองแสง,ประจันตคาม,ปราจีนบุรี,Nong Saeng,Prachantakham,Prachin Buri
250705,25130,ดงบัง,ประจันตคาม,ปราจีนบุรี,Dong Bang,Prachantakham,Prachin Buri
250706,25130,คำโตนด,ประจันตคาม,ปราจีนบุรี,Kham Tanot,Prachantakham,Prachin Buri
250707,25130,บุฝ้าย,ประจันตคาม,ปราจีนบุรี,Bu Fai,Prachantakham,Prachin Buri
250708,25130,หนองแก้ว,ประจันตคาม,ปราจีนบุรี,Nong Kaeo,Prachantakham,Prachin Buri
250709,25130,โพธิ์งาม,ประจันตคาม,ปราจีนบุรี,Pho Ngam,Prachantakham,Prachin Buri
250801,25140,ศรีมหาโพธิ,ศรีมหาโพธิ,ปราจีนบุรี,Si Mahapho,Si Maha Phot,Prachin Buri
250802,25140,สัมพันธ์,ศรีมหาโพธิ,ปราจีนบุรี,Samphan,Si Maha Phot,Prachin Buri
250803,25140,บ้านทาม,ศรีมหาโพธิ,ปราจีนบุรี,Ban Tham,Si Maha Phot,Prachin Buri
250804,25140,ท่าตูม,ศรีมหาโพธิ,ปราจีนบุรี,Tha Tum,Si Maha Phot,Prachin Buri
250805,25140,บางกุ้ง,ศรีมหาโพธิ,ปราจีนบุรี,Bang Kung,Si Maha Phot,Prachin Buri
250806,25140,ดงกระทงยาม,ศรีมหาโพธิ,ปราจีนบุรี,Dong Krathong Yam,Si Maha Phot,Prachin Buri
250807,25140,หนองโพรง,ศรีมหาโพธิ,ปราจีนบุรี,Nong Phrong,Si Maha Phot,Prachin Buri
250808,25140,หัวหว้า,ศรีมหาโพธิ,ปราจีนบุรี,Hua Wa,Si Maha Phot,Prachin Buri
250809,25140,หาดยาง,ศรีมหาโพธิ,ปราจีนบุรี,Hat Yang,Si Maha Phot,Prachin Buri
250810,25140,กรอกสมบูรณ์,ศรีมหาโพธิ,ปราจีนบุรี,Krok Sombun,Si Maha Phot,Prachin Buri
250901,25190,โคกปีบ,ศรีมโหสถ,ปราจีนบุรี,Khok Pip,Si Mahosot,Prachin Buri
250902,25190,โคกไทย,ศรีมโหสถ,ปราจีนบุรี,Khok Thai,Si Mahosot,Prachin Buri
250903,25190,คู้ลำพัน,ศรีมโหสถ,ปราจีนบุรี,Khu Lamphan,Si Mahosot,Prachin Buri
250904,25190,ไผ่ชะเลือด,ศรีมโหสถ,ปราจีนบุรี,Phai Chalueat,Si Mahosot,Prachin Buri
260101,26000,นครนายก,เมืองนครนายก,นครนายก,Nakhon Nayok,Mueang Nakhon Nayok,Nakhon Nayok
260102,26000,ท่าช้าง,เมืองนครนายก,นครนายก,Tha Chang,Mueang Nakhon Nayok,Nakhon Nayok
260103,26000,บ้านใหญ่,เมืองนครนายก,นครนายก,Ban Yai,Mueang Nakhon Nayok,Nakhon Nayok
260104,26000,วังกระโจม,เมืองนครนายก,นครนายก,Wang Krachom,Mueang Nakhon Nayok,Nakhon Nayok
260105,26000,ท่าทราย,เมืองนครนายก,นครนายก,Tha Sai,Mueang Nakhon Nayok,Nakhon Nayok
260106,26000,ดอนยอ,เมืองนครนายก,นครนายก,Don Yo,Mueang Nakhon Nayok,Nakhon Nayok
260107,26000,ศรีจุฬา,เมืองนครนายก,นครนายก,Si Chula,Mueang Nakhon Nayok,Nakhon Nayok
260108,26000,ดงละคร,เมืองนครนายก,นครนายก,Dong Lakhon,Mueang Nakhon Nayok,Nakhon Nayok
260109,26000,ศรีนาวา,เมืองนครนายก,นครนายก,Si Nawa,Mueang Nakhon Nayok,Nakhon Nayok
260110,26000,สาริกา,เมืองนครนายก,นครนายก,Sarika,Mueang Nakhon Nayok,Nakhon Nayok
260111,26000,หินตั้ง,เมืองนครนายก,นครนายก,Hin Tang,Mueang Nakhon Nayok,Nakhon Nayok
260112,26000,เขาพระ,เมืองนครนายก,นครนายก,Khao Phra,Mueang Nakhon Nayok,Nakhon Nayok
260113,26000,พรหมณี,เมืองนครนายก,นครนายก,Phrommani,Mueang Nakhon Nayok,Nakhon Nayok
260201,26130,เกาะหวาย,ปากพลี,นครนายก,Ko Wai,Pak Phli,Nakhon Nayok
260202,26130,เกาะโพธิ์,ปากพลี,นครนายก,Ko Pho,Pak Phli,Nakhon Nayok
260203,26130,ปากพลี,ปากพลี,นครนายก,Pak Phli,Pak Phli,Nakhon Nayok
260204,26130,โคกกรวด,ปากพลี,นครนายก,Khok Kruat,Pak Phli,Nakhon Nayok
260205,26130,ท่าเรือ,ปากพลี,นครนายก,Tha Ruea,Pak Phli,Nakhon Nayok
260206,26130,หนองแสง,ปากพลี,นครนายก,Nong Saeng,Pak Phli,Nakhon Nayok
260207,26130,นาหินลาด,ปากพลี,นครนายก,Na Hin Lat,Pak Phli,Nakhon Nayok
260301,26110,บ้านนา,บ้านนา,นครนายก,Ban Na,Ban Na,Nakhon Nayok
260302,26110,บ้านพร้าว,บ้านนา,นครนายก,Ban Phrao,Ban Na,Nakhon Nayok
260303,26110,บ้านพริก,บ้านนา,นครนายก,Ban Phrik,Ban Na,Nakhon Nayok
260304,26110,อาษา,บ้านนา,นครนายก,A Sa,Ban Na,Nakhon Nayok
260305,26110,ทองหลาง,บ้านนา,นครนายก,Thong Lang,Ban Na,Nakhon Nayok
260306,26110,บางอ้อ,บ้านนา,นครนายก,Bang O,Ban Na,Nakhon Nayok
260307,26110,พิกุลออก,บ้านนา,นครนายก,Phikun Ok,Ban Na,Nakhon Nayok
260308,26110,ป่าขะ,บ้านนา,นครนายก,Pa Kha,Ban Na,Nakhon Nayok
260309,26110,เขาเพิ่ม,บ้านนา,นครนายก,Khao Phoem,Ban Na,Nakhon Nayok
260310,26110,ศรีกะอาง,บ้านนา,นครนายก,Si Ka-Ang,Ban Na,Nakhon Nayok
260401,26120,พระอาจารย์,องครักษ์,นครนายก,Phra Achan,Ongkharak,Nakhon Nayok
260402,26120,บึงศาล,องครักษ์,นครนายก,Bueng San,Ongkharak,Nakhon Nayok
260403,26120,ศีรษะกระบือ,องครักษ์,นครนายก,Sisa Krabue,Ongkharak,Nakhon Nayok
260404,26120,โพธิ์แทน,องครักษ์,นครนายก,Pho Thaen,Ongkharak,Nakhon Nayok
260405,26120,บางสมบูรณ์,องครักษ์,นครนายก,Bang Sombun,Ongkharak,Nakhon Nayok
260406,26120,ทรายมูล,องครักษ์,นครนายก,Sai Mun,Ongkharak,Nakhon Nayok
260407,26120,บางปลากด,องครักษ์,นครนายก,Bang Pla Kot,Ongkharak,Nakhon Nayok
260408,26120,บางลูกเสือ,องครักษ์,นครนายก,Bang Luk Suea,Ongkharak,Nakhon Nayok
260409,26120,องครักษ์,องครักษ์,นครนายก,Ongkharak,Ongkharak,Nakhon Nayok
260410,26120,ชุมพล,องครักษ์,นครนายก,Chum Phon,Ongkharak,Nakhon Nayok
260411,26120,คลองใหญ่,องครักษ์,นครนายก,Khlong Yai,Ongkharak,Nakhon Nayok
270101,27000,สระแก้ว,เมืองสระแก้ว,สระแก้ว,Sa Kaeo,Mueang Sa Kaeo,Sa Kaeo
270102,27000,บ้านแก้ง,เมืองสระแก้ว,สระแก้ว,Ban Kaeng,Mueang Sa Kaeo,Sa Kaeo
270103,27000,ศาลาลำดวน,เมืองสระแก้ว,สระแก้ว,Sala Lamduan,Mueang Sa Kaeo,Sa Kaeo
270104,27000,โคกปี่ฆ้อง,เมืองสระแก้ว,สระแก้ว,Khok Pi Khong,Mueang Sa Kaeo,Sa Kaeo
270105,27000,ท่าแยก,เมืองสระแก้ว,สระแก้ว,Tha Yaek,Mueang Sa Kaeo,Sa Kaeo
270106,27000,ท่าเกษม,เมืองสระแก้ว,สระแก้ว,Tha Kasem,Mueang Sa Kaeo,Sa Kaeo
270108,27000,สระขวัญ,เมืองสระแก้ว,สระแก้ว,Sa Khwan,Mueang Sa Kaeo,Sa Kaeo
270111,27000,หนองบอน,เมืองสระแก้ว,สระแก้ว,Nong Bon,Mueang Sa Kaeo,Sa Kaeo
270201,27260,คลองหาด,คลองหาด,สระแก้ว,Khlong Hat,Khlong Hat,Sa Kaeo
270202,27260,ไทยอุดม,คลองหาด,สระแก้ว,Thai Udom,Khlong Hat,Sa Kaeo
270203,27260,ซับมะกรูด,คลองหาด,สระแก้ว,Sap Makrut,Khlong Hat,Sa Kaeo
270204,27260,ไทรเดี่ยว,คลองหาด,สระแก้ว,Sai Diao,Khlong Hat,Sa Kaeo
270205,27260,คลองไก่เถื่อน,คลองหาด,สระแก้ว,Khlong Kai Thuean,Khlong Hat,Sa Kaeo
270206,27260,เบญจขร,คลองหาด,สระแก้ว,Benchakhon,Khlong Hat,Sa Kaeo
270207,27260,ไทรทอง,คลองหาด,สระแก้ว,Sai Thong,Khlong Hat,Sa Kaeo
270301,27180,ตาพระยา,ตาพระยา,สระแก้ว,Ta Phraya,Ta Phraya,Sa Kaeo
270302,27180,ทัพเสด็จ,ตาพระยา,สระแก้ว,Thap Sadet,Ta Phraya,Sa Kaeo
270306,27180,ทัพราช,ตาพระยา,สระแก้ว,Thappharat,Ta Phraya,Sa Kaeo
270307,27180,ทัพไทย,ตาพระยา,สระแก้ว,Thap Thai,Ta Phraya,Sa Kaeo
270309,27180,โคคลาน,ตาพระยา,สระแก้ว,Khot Lan,Ta Phraya,Sa Kaeo
270401,27210,วังน้ำเย็น,วังน้ำเย็น,สระแก้ว,Wang Nam Yen,Wang Nam Yen,Sa Kaeo
270403,27210,ตาหลังใน,วังน้ำเย็น,สระแก้ว,Ta Lang Nai,Wang Nam Yen,Sa Kaeo
270405,27210,คลองหินปูน,วังน้ำเย็น,สระแก้ว,Khlong Hin Pun,Wang Nam Yen,Sa Kaeo
270406,27210,ทุ่งมหาเจริญ,วังน้ำเย็น,สระแก้ว,Thung Mahacharoen,Wang Nam Yen,Sa Kaeo
270501,27160,วัฒนานคร,วัฒนานคร,สระแก้ว,Watthana Nakhon,Watthana Nakhon,Sa Kaeo
270502,27160,ท่าเกวียน,วัฒนานคร,สระแก้ว,Tha Kwian,Watthana Nakhon,Sa Kaeo
270503,27160,ผักขะ,วัฒนานคร,สระแก้ว,Phak Kha,Watthana Nakhon,Sa Kaeo
270504,27160,โนนหมากเค็ง,วัฒนานคร,สระแก้ว,Non Mak Kheng,Watthana Nakhon,Sa Kaeo
270505,27160,หนองน้ำใส,วัฒนานคร,สระแก้ว,Nong Nam Sai,Watthana Nakhon,Sa Kaeo
270506,27160,ช่องกุ่ม,วัฒนานคร,สระแก้ว,Chong Kum,Watthana Nakhon,Sa Kaeo
270507,27160,หนองแวง,วัฒนานคร,สระแก้ว,Nong Waeng,Watthana Nakhon,Sa Kaeo
270508,27160,แซร์ออ,วัฒนานคร,สระแก้ว,Sae-O,Watthana Nakhon,Sa Kaeo
270509,27160,หนองหมากฝ้าย,วัฒนานคร,สระแก้ว,Nong Mak Fai,Watthana Nakhon,Sa Kaeo
270510,27160,หนองตะเคียนบอน,วัฒนานคร,สระแก้ว,Nong Takhian Bon,Watthana Nakhon,Sa Kaeo
270511,27160,ห้วยโจด,วัฒนานคร,สระแก้ว,Huai Chot,Watthana Nakhon,Sa Kaeo
270601,27120,อรัญประเทศ,อรัญประเทศ,สระแก้ว,Aranya Prathet,Aranyaprathet,Sa Kaeo
270602,27120,เมืองไผ่,อรัญประเทศ,สระแก้ว,Mueang Phai,Aranyaprathet,Sa Kaeo
270603,27120,หันทราย,อรัญประเทศ,สระแก้ว,Han Sai,Aranyaprathet,Sa Kaeo
270604,27120,คลองน้ำใส,อรัญประเทศ,สระแก้ว,Khlong Nam Sai,Aranyaprathet,Sa Kaeo
270605,27120,ท่าข้าม,อรัญประเทศ,สระแก้ว,Tha Kham,Aranyaprathet,Sa Kaeo
270606,27120,ป่าไร่,อรัญประเทศ,สระแก้ว,Pa Rai,Aranyaprathet,Sa Kaeo
270607,27120,ทับพริก,อรัญประเทศ,สระแก้ว,Thap Phrik,Aranyaprathet,Sa Kaeo
270608,27120,บ้านใหม่หนองไทร,อรัญประเทศ,สระแก้ว,Ban Mai Nong Sai,Aranyaprathet,Sa Kaeo
270609,27120,ผ่านศึก,อรัญประเทศ,สระแก้ว,Phan Suek,Aranyaprathet,Sa Kaeo
270610,27120,หนองสังข์,อรัญประเทศ,สระแก้ว,Nong Sang,Aranyaprathet,Sa Kaeo
270611,27120,คลองทับจันทร์,อรัญประเทศ,สระแก้ว,Khlong Thap Chan,Aranyaprathet,Sa Kaeo
270612,27120,ฟากห้วย,อรัญประเทศ,สระแก้ว,Fak Huai,Aranyaprathet,Sa Kaeo
270613,27120,บ้านด่าน,อรัญประเทศ,สระแก้ว,Ban Dan,Aranyaprathet,Sa Kaeo
270701,27000,เขาฉกรรจ์,เขาฉกรรจ์,สระแก้ว,Khao Chakan,Khao Chakan,Sa Kaeo
270702,27000,หนองหว้า,เขาฉกรรจ์,สระแก้ว,Nong Wa,Khao Chakan,Sa Kaeo
270703,27000,พระเพลิง,เขาฉกรรจ์,สระแก้ว,Phra Phloeng,Khao Chakan,Sa Kaeo
270704,27000,เขาสามสิบ,เขาฉกรรจ์,สระแก้ว,Khao Sam Sip,Khao Chakan,Sa Kaeo
270801,27120,โคกสูง,โคกสูง,สระแก้ว,Khok Sung,Khok Sung,Sa Kaeo
270802,27180,หนองม่วง,โคกสูง,สระแก้ว,Nong Muang,Khok Sung,Sa Kaeo
270803,27180,หนองแวง,โคกสูง,สระแก้ว,Nong Waeng,Khok Sung,Sa Kaeo
270804,27120,โนนหมากมุ่น,โคกสูง,สระแก้ว,Non Mak Mun,Khok Sung,Sa Kaeo
270901,27250,วังสมบูรณ์,วังสมบูรณ์,สระแก้ว,Wang Sombun,Wang Sombun,Sa Kaeo
270902,27250,วังใหม่,วังสมบูรณ์,สระแก้ว,Wang Mai,Wang Sombun,Sa Kaeo
270903,27250,วังทอง,วังสมบูรณ์,สระแก้ว,Wang Thong,Wang Sombun,Sa Kaeo
300101,30000,ในเมือง,เมืองนครราชสีมา,นครราชสีมา,Nai Mueang,Mueang Nakhon Ratchasima,Nakhon Ratchasima
300102,30000,โพธิ์กลาง,เมืองนครราชสีมา,นครราชสีมา,Pho Klang,Mueang Nakhon Ratchasima,Nakhon Ratchasima
300103,30000,หนองจะบก,เมืองนครราชสีมา,นครราชสีมา,Nong Chabok,Mueang Nakhon Ratchasima,Nakhon Ratchasima
300104,30310,โคกสูง,เมืองนครราชสีมา,นครราชสีมา,Khok Sung,Mueang Nakhon Ratchasima,Nakhon Ratchasima
300105,30000,มะเริง,เมืองนครราชสีมา,นครราชสีมา,Maroeng,Mueang Nakhon Ratchasima,Nakhon Ratchasima
300106,30000,หนองระเวียง,เมืองนครราชสีมา,นครราชสีมา,Nong Rawiang,Mueang Nakhon Ratchasima,Nakhon Ratchasima
300107,30000,ปรุใหญ่,เมืองนครราชสีมา,นครราชสีมา,Pru Yai,Mueang Nakhon Ratchasima,Nakhon Ratchasima
300108,30000,หมื่นไวย,เมืองนครราชสีมา,นครราชสีมา,Muen Wai,Mueang Nakhon Ratchasima,Nakhon Ratchasima
300109,30000,พลกรัง,เมืองนครราชสีมา,นครราชสีมา,Phon Krang,Mueang Nakhon Ratchasima,Nakhon Ratchasima
300110,30000,หนองไผ่ล้อม,เมืองนครราชสีมา,นครราชสีมา,Nong Phai Lom,Mueang Nakhon Ratchasima,Nakhon Ratchasima
300111,30000,หัวทะเล,เมืองนครราชสีมา,นครราชสีมา,Hua Thale,Mueang Nakhon Ratchasima,Nakhon Ratchasima
300112,30000,บ้านเกาะ,เมืองนครราชสีมา,นครราชสีมา,Ban Ko,Mueang Nakhon Ratchasima,Nakhon Ratchasima
300113,30000,บ้านใหม่,เมืองนครราชสีมา,นครราชสีมา,Ban Mai,Mueang Nakhon Ratchasima,Nakhon Ratchasima
300114,30000,พุดซา,เมืองนครราชสีมา,นครราชสีมา,Phut Sa,Mueang Nakhon Ratchasima,Nakhon Ratchasima
300115,30310,บ้านโพธิ์,เมืองนครราชสีมา,นครราชสีมา,Ban Pho,Mueang Nakhon Ratchasima,Nakhon Ratchasima
300116,30310,จอหอ,เมืองนครราชสีมา,นครราชสีมา,Cho Ho,Mueang Nakhon Ratchasima,Nakhon Ratchasima
300117,30280,โคกกรวด,เมืองนครราชสีมา,นครราชสีมา,Khok Kruat,Mueang Nakhon Ratchasima,Nakhon Ratchasima
300118,30000,ไชยมงคล,เมืองนครราชสีมา,นครราชสีมา,Chai Mongkhon,Mueang Nakhon Ratchasima,Nakhon Ratchasima
300119,30000,หนองบัวศาลา,เมืองนครราชสีมา,นครราชสีมา,Nong Bua Sala,Mueang Nakhon Ratchasima,Nakhon Ratchasima
300120,30000,สุรนารี,เมืองนครราชสีมา,นครราชสีมา,Suranari,Mueang Nakhon Ratchasima,Nakhon Ratchasima
300121,30000,สีมุม,เมืองนครราชสีมา,นครราชสีมา,Si Mum,Mueang Nakhon Ratchasima,Nakhon Ratchasima
300122,30310,ตลาด,เมืองนครราชสีมา,นครราชสีมา,Talat,Mueang Nakhon Ratchasima,Nakhon Ratchasima
300123,30000,พะเนา,เมืองนครราชสีมา,นครราชสีมา,Phanao,Mueang Nakhon Ratchasima,Nakhon Ratchasima
300124,30000,หนองกระทุ่ม,เมืองนครราชสีมา,นครราชสีมา,Nong Krathum,Mueang Nakhon Ratchasima,Nakhon Ratchasima
300125,30310,หนองไข่น้ำ,เมืองนครราชสีมา,นครราชสีมา,Nong Khai Nam,Mueang Nakhon Ratchasima,Nakhon Ratchasima
300201,30250,แชะ,ครบุรี,นครราชสีมา,Chae,Khon Buri,Nakhon Ratchasima
300202,30250,เฉลียง,ครบุรี,นครราชสีมา,Chaliang,Khon Buri,Nakhon Ratchasima
300203,30250,ครบุรี,ครบุรี,นครราชสีมา,Khon Buri,Khon Buri,Nakhon Ratchasima
300204,30250,โคกกระชาย,ครบุรี,นครราชสีมา,Khok Krachai,Khon Buri,Nakhon Ratchasima
300205,30250,จระเข้หิน,ครบุรี,นครราชสีมา,Chorakhe Hin,Khon Buri,Nakhon Ratchasima
300206,30250,มาบตะโกเอน,ครบุรี,นครราชสีมา,Map Tako En,Khon Buri,Nakhon Ratchasima
300207,30250,อรพิมพ์,ครบุรี,นครราชสีมา,Oraphim,Khon Buri,Nakhon Ratchasima
300208,30250,บ้านใหม่,ครบุรี,นครราชสีมา,Ban Mai,Khon Buri,Nakhon Ratchasima
300209,30250,ลำเพียก,ครบุรี,นครราชสีมา,Lamphiak,Khon Buri,Nakhon Ratchasima
300210,30250,ครบุรีใต้,ครบุรี,นครราชสีมา,Khon Buri Tai,Khon Buri,Nakhon Ratchasima
300211,30250,ตะแบกบาน,ครบุรี,นครราชสีมา,Tabaek Ban,Khon Buri,Nakhon Ratchasima
300212,30250,สระว่านพระยา,ครบุรี,นครราชสีมา,Sa Wan Phraya,Khon Buri,Nakhon Ratchasima
300301,30330,เสิงสาง,เสิงสาง,นครราชสีมา,Soeng Sang,Soeng Sang,Nakhon Ratchasima
300302,30330,สระตะเคียน,เสิงสาง,นครราชสีมา,Sa Takhian,Soeng Sang,Nakhon Ratchasima
300303,30330,โนนสมบูรณ์,เสิงสาง,นครราชสีมา,Non Sombun,Soeng Sang,Nakhon Ratchasima
300304,30330,กุดโบสถ์,เสิงสาง,นครราชสีมา,Kut Bot,Soeng Sang,Nakhon Ratchasima
300305,30330,สุขไพบูลย์,เสิงสาง,นครราชสีมา,Suk Phaibun,Soeng Sang,Nakhon Ratchasima
300306,30330,บ้านราษฎร์,เสิงสาง,นครราชสีมา,Ban Rat,Soeng Sang,Nakhon Ratchasima
300401,30260,เมืองคง,คง,นครราชสีมา,Mueang Khong,Khong,Nakhon Ratchasima
300402,30260,คูขาด,คง,นครราชสีมา,Khu Khat,Khong,Nakhon Ratchasima
300403,30260,เทพาลัย,คง,นครราชสีมา,Thephalai,Khong,Nakhon Ratchasima
300404,30260,ตาจั่น,คง,นครราชสีมา,Ta Chan,Khong,Nakhon Ratchasima
300405,30260,บ้านปรางค์,คง,นครราชสีมา,Ban Prang,Khong,Nakhon Ratchasima
300406,30260,หนองมะนาว,คง,นครราชสีมา,Nong Manao,Khong,Nakhon Ratchasima
300407,30260,หนองบัว,คง,นครราชสีมา,Nong Bua,Khong,Nakhon Ratchasima
300408,30260,โนนเต็ง,คง,นครราชสีมา,Non Teng,Khong,Nakhon Ratchasima
300409,30260,ดอนใหญ่,คง,นครราชสีมา,Don Yai,Khong,Nakhon Ratchasima
300410,30260,ขามสมบูรณ์,คง,นครราชสีมา,Kham Sombun,Khong,Nakhon Ratchasima
300501,30350,บ้านเหลื่อม,บ้านเหลื่อม,นครราชสีมา,Ban Lueam,Ban Lueam,Nakhon Ratchasima
300502,30350,วังโพธิ์,บ้านเหลื่อม,นครราชสีมา,Wang Pho,Ban Lueam,Nakhon Ratchasima
300503,30350,โคกกระเบื้อง,บ้านเหลื่อม,นครราชสีมา,Khok Krabueang,Ban Lueam,Nakhon Ratchasima
300504,30350,ช่อระกา,บ้านเหลื่อม,นครราชสีมา,Cho Raka,Ban Lueam,Nakhon Ratchasima
300601,30230,จักราช,จักราช,นครราชสีมา,Chakkarat,Chakkarat,Nakhon Ratchasima
300603,30230,ทองหลาง,จักราช,นครราชสีมา,Thong Lang,Chakkarat,Nakhon Ratchasima
300604,30230,สีสุก,จักราช,นครราชสีมา,Si Suk,Chakkarat,Nakhon Ratchasima
300605,30230,หนองขาม,จักราช,นครราชสีมา,Nong Kham,Chakkarat,Nakhon Ratchasima
300607,30230,หนองพลวง,จักราช,นครราชสีมา,Nong Phluang,Chakkarat,Nakhon Ratchasima
300610,30230,ศรีละกอ,จักราช,นครราชสีมา,Si Lako,Chakkarat,Nakhon Ratchasima
300611,30230,คลองเมือง,จักราช,นครราชสีมา,Khlong Mueang,Chakkarat,Nakhon Ratchasima
300613,30230,หินโคน,จักราช,นครราชสีมา,Hin Khon,Chakkarat,Nakhon Ratchasima
300701,30190,กระโทก,โชคชัย,นครราชสีมา,Krathok,Chok Chai,Nakhon Ratchasima
300702,30190,พลับพลา,โชคชัย,นครราชสีมา,Phlapphla,Chok Chai,Nakhon Ratchasima
300703,30190,ท่าอ่าง,โชคชัย,นครราชสีมา,Tha Ang,Chok Chai,Nakhon Ratchasima
300704,30190,ทุ่งอรุณ,โชคชัย,นครราชสีมา,Thung Arun,Chok Chai,Nakhon Ratchasima
300705,30190,ท่าลาดขาว,โชคชัย,นครราชสีมา,Tha Lat Khao,Chok Chai,Nakhon Ratchasima
300706,30190,ท่าจะหลุง,โชคชัย,นครราชสีมา,Tha Chalung,Chok Chai,Nakhon Ratchasima
300707,30190,ท่าเยี่ยม,โชคชัย,นครราชสีมา,Tha Yiam,Chok Chai,Nakhon Ratchasima
300708,30190,โชคชัย,โชคชัย,นครราชสีมา,Chok Chai,Chok Chai,Nakhon Ratchasima
300709,30190,ละลมใหม่พัฒนา,โชคชัย,นครราชสีมา,Lalom Mai Phatthana,Chok Chai,Nakhon Ratchasima
300710,30190,ด่านเกวียน,โชคชัย,นครราชสีมา,Dan Kwian,Chok Chai,Nakhon Ratchasima
300801,30210,กุดพิมาน,ด่านขุนทด,นครราชสีมา,Kut Phiman,Dan Khun Thot,Nakhon Ratchasima
300802,30210,ด่านขุนทด,ด่านขุนทด,นครราชสีมา,Dan Khun Thot,Dan Khun Thot,Nakhon Ratchasima
300803,30210,ด่านนอก,ด่านขุนทด,นครราชสีมา,Dan Nok,Dan Khun Thot,Nakhon Ratchasima
300804,30210,ด่านใน,ด่านขุนทด,นครราชสีมา,Dan Nai,Dan Khun Thot,Nakhon Ratchasima
300805,30210,ตะเคียน,ด่านขุนทด,นครราชสีมา,Takhian,Dan Khun Thot,Nakhon Ratchasima
300806,30210,บ้านเก่า,ด่านขุนทด,นครราชสีมา,Ban Kao,Dan Khun Thot,Nakhon Ratchasima
300807,36220,บ้านแปรง,ด่านขุนทด,นครราชสีมา,Ban Praeng,Dan Khun Thot,Nakhon Ratchasima
300808,30210,พันชนะ,ด่านขุนทด,นครราชสีมา,Phan Chana,Dan Khun Thot,Nakhon Ratchasima
300809,30210,สระจรเข้,ด่านขุนทด,นครราชสีมา,Sa Chorakhe,Dan Khun Thot,Nakhon Ratchasima
300810,30210,หนองกราด,ด่านขุนทด,นครราชสีมา,Nong Krat,Dan Khun Thot,Nakhon Ratchasima
300811,30210,หนองบัวตะเกียด,ด่านขุนทด,นครราชสีมา,Nong Bua Takiat,Dan Khun Thot,Nakhon Ratchasima
300812,30210,หนองบัวละคร,ด่านขุนทด,นครราชสีมา,Nong Bua Lakhon,Dan Khun Thot,Nakhon Ratchasima
300813,30210,หินดาด,ด่านขุนทด,นครราชสีมา,Hin Dat,Dan Khun Thot,Nakhon Ratchasima
300815,30210,ห้วยบง,ด่านขุนทด,นครราชสีมา,Huai Bong,Dan Khun Thot,Nakhon Ratchasima
300817,30210,โนนเมืองพัฒนา,ด่านขุนทด,นครราชสีมา,Non Mueang Phatthana,Dan Khun Thot,Nakhon Ratchasima
300818,36220,หนองไทร,ด่านขุนทด,นครราชสีมา,Nong Sai,Dan Khun Thot,Nakhon Ratchasima
300901,30220,โนนไทย,โนนไทย,นครราชสีมา,Non Thai,Non Thai,Nakhon Ratchasima
300902,30220,ด่านจาก,โนนไทย,นครราชสีมา,Dan Chak,Non Thai,Nakhon Ratchasima
300903,30220,กำปัง,โนนไทย,นครราชสีมา,Kampang,Non Thai,Nakhon Ratchasima
300904,30220,สำโรง,โนนไทย,นครราชสีมา,Samrong,Non Thai,Nakhon Ratchasima
300905,30220,ค้างพลู,โนนไทย,นครราชสีมา,Khang Phlu,Non Thai,Nakhon Ratchasima
300906,30220,บ้านวัง,โนนไทย,นครราชสีมา,Ban Wang,Non Thai,Nakhon Ratchasima
300907,30220,บัลลังก์,โนนไทย,นครราชสีมา,Banlang,Non Thai,Nakhon Ratchasima
300908,30220,สายออ,โนนไทย,นครราชสีมา,Sai-O,Non Thai,Nakhon Ratchasima
300909,30220,ถนนโพธิ์,โนนไทย,นครราชสีมา,Thanon Pho,Non Thai,Nakhon Ratchasima
300914,30220,มะค่า,โนนไทย,นครราชสีมา,Makha,Non Thai,Nakhon Ratchasima
301001,30160,โนนสูง,โนนสูง,นครราชสีมา,Non Sung,Non Sung,Nakhon Ratchasima
301002,30160,ใหม่,โนนสูง,นครราชสีมา,Mai,Non Sung,Nakhon Ratchasima
301003,30160,โตนด,โนนสูง,นครราชสีมา,Tanot,Non Sung,Nakhon Ratchasima
301004,30160,บิง,โนนสูง,นครราชสีมา,Bing,Non Sung,Nakhon Ratchasima
301005,30160,ดอนชมพู,โนนสูง,นครราชสีมา,Don Chomphu,Non Sung,Nakhon Ratchasima
301006,30240,ธารปราสาท,โนนสูง,นครราชสีมา,Than Prasat,Non Sung,Nakhon Ratchasima
301007,30160,หลุมข้าว,โนนสูง,นครราชสีมา,Lum Khao,Non Sung,Nakhon Ratchasima
301008,30160,มะค่า,โนนสูง,นครราชสีมา,Makha,Non Sung,Nakhon Ratchasima
301009,30160,พลสงคราม,โนนสูง,นครราชสีมา,Phon Songkhram,Non Sung,Nakhon Ratchasima
301010,30160,จันอัด,โนนสูง,นครราชสีมา,Chan-At,Non Sung,Nakhon Ratchasima
301011,30160,ขามเฒ่า,โนนสูง,นครราชสีมา,Kham Thao,Non Sung,Nakhon Ratchasima
301012,30160,ด่านคล้า,โนนสูง,นครราชสีมา,Dan Khla,Non Sung,Nakhon Ratchasima
301013,30160,ลำคอหงษ์,โนนสูง,นครราชสีมา,Lam Kho Hong,Non Sung,Nakhon Ratchasima
301014,30160,เมืองปราสาท,โนนสูง,นครราชสีมา,Mueang Prasat,Non Sung,Nakhon Ratchasima
301015,30160,ดอนหวาย,โนนสูง,นครราชสีมา,Don Wai,Non Sung,Nakhon Ratchasima
301016,30160,ลำมูล,โนนสูง,นครราชสีมา,Lammun,Non Sung,Nakhon Ratchasima
301101,30290,ขามสะแกแสง,ขามสะแกแสง,นครราชสีมา,Kham Sakae Saeng,Kham Sakaesaeng,Nakhon Ratchasima
301102,30290,โนนเมือง,ขามสะแกแสง,นครราชสีมา,Non Mueang,Kham Sakaesaeng,Nakhon Ratchasima
301103,30290,เมืองนาท,ขามสะแกแสง,นครราชสีมา,Mueang Nat,Kham Sakaesaeng,Nakhon Ratchasima
301104,30290,ชีวึก,ขามสะแกแสง,นครราชสีมา,Chiwuek,Kham Sakaesaeng,Nakhon Ratchasima
301105,30290,พะงาด,ขามสะแกแสง,นครราชสีมา,Phangat,Kham Sakaesaeng,Nakhon Ratchasima
301106,30290,หนองหัวฟาน,ขามสะแกแสง,นครราชสีมา,Nong Hua Fan,Kham Sakaesaeng,Nakhon Ratchasima
301107,30290,เมืองเกษตร,ขามสะแกแสง,นครราชสีมา,Mueang Kaset,Kham Sakaesaeng,Nakhon Ratchasima
301201,30120,บัวใหญ่,บัวใหญ่,นครราชสีมา,Bua Yai,Bua Yai,Nakhon Ratchasima
301203,30120,ห้วยยาง,บัวใหญ่,นครราชสีมา,Huai Yang,Bua Yai,Nakhon Ratchasima
301204,30120,เสมาใหญ่,บัวใหญ่,นครราชสีมา,Sema Yai,Bua Yai,Nakhon Ratchasima
301206,30120,ดอนตะหนิน,บัวใหญ่,นครราชสีมา,Don Tanin,Bua Yai,Nakhon Ratchasima
301207,30120,หนองบัวสะอาด,บัวใหญ่,นครราชสีมา,Nong Bua Sa-At,Bua Yai,Nakhon Ratchasima
301208,30120,โนนทองหลาง,บัวใหญ่,นครราชสีมา,Non Thong Lang,Bua Yai,Nakhon Ratchasima
301214,30120,กุดจอก,บัวใหญ่,นครราชสีมา,Kut Chok,Bua Yai,Nakhon Ratchasima
301215,30120,ด่านช้าง,บัวใหญ่,นครราชสีมา,Dan Chang,Bua Yai,Nakhon Ratchasima
301220,30120,ขุนทอง,บัวใหญ่,นครราชสีมา,Khun Thong,Bua Yai,Nakhon Ratchasima
301224,30120,หนองแจ้งใหญ่,บัวใหญ่,นครราชสีมา,Nong Chaeng Yai,Bua Yai,Nakhon Ratchasima
301301,30180,ประทาย,ประทาย,นครราชสีมา,Prathai,Prathai,Nakhon Ratchasima
301303,30180,กระทุ่มราย,ประทาย,นครราชสีมา,Krathum Rai,Prathai,Nakhon Ratchasima
301304,30180,วังไม้แดง,ประทาย,นครราชสีมา,Wang Mai Daeng,Prathai,Nakhon Ratchasima
301306,30180,ตลาดไทร,ประทาย,นครราชสีมา,Talat Sai,Prathai,Nakhon Ratchasima
301307,30180,หนองพลวง,ประทาย,นครราชสีมา,Nong Phluang,Prathai,Nakhon Ratchasima
301308,30180,หนองค่าย,ประทาย,นครราชสีมา,Nong Khai,Prathai,Nakhon Ratchasima
301309,30180,หันห้วยทราย,ประทาย,นครราชสีมา,Han Huai Sai,Prathai,Nakhon Ratchasima
301310,30180,ดอนมัน,ประทาย,นครราชสีมา,Don Man,Prathai,Nakhon Ratchasima
301313,30180,นางรำ,ประทาย,นครราชสีมา,Nang Ram,Prathai,Nakhon Ratchasima
301314,30180,โนนเพ็ด,ประทาย,นครราชสีมา,Non Phet,Prathai,Nakhon Ratchasima
301315,30180,ทุ่งสว่าง,ประทาย,นครราชสีมา,Thung Sawang,Prathai,Nakhon Ratchasima
301317,30180,โคกกลาง,ประทาย,นครราชสีมา,Khok Klang,Prathai,Nakhon Ratchasima
301318,30180,เมืองโดน,ประทาย,นครราชสีมา,Mueang Don,Prathai,Nakhon Ratchasima
301401,30150,เมืองปัก,ปักธงชัย,นครราชสีมา,Mueang Pak,Pak Thong Chai,Nakhon Ratchasima
301402,30150,ตะคุ,ปักธงชัย,นครราชสีมา,Takhu,Pak Thong Chai,Nakhon Ratchasima
301403,30150,โคกไทย,ปักธงชัย,นครราชสีมา,Khok Thai,Pak Thong Chai,Nakhon Ratchasima
301404,30150,สำโรง,ปักธงชัย,นครราชสีมา,Samrong,Pak Thong Chai,Nakhon Ratchasima
301405,30150,ตะขบ,ปักธงชัย,นครราชสีมา,Takhop,Pak Thong Chai,Nakhon Ratchasima
301406,30150,นกออก,ปักธงชัย,นครราชสีมา,Nok Ok,Pak Thong Chai,Nakhon Ratchasima
301407,30150,ดอน,ปักธงชัย,นครราชสีมา,Don,Pak Thong Chai,Nakhon Ratchasima
301409,30150,ตูม,ปักธงชัย,นครราชสีมา,Tum,Pak Thong Chai,Nakhon Ratchasima
301410,30150,งิ้ว,ปักธงชัย,นครราชสีมา,Ngio,Pak Thong Chai,Nakhon Ratchasima
301411,30150,สะแกราช,ปักธงชัย,นครราชสีมา,Sakae Rat,Pak Thong Chai,Nakhon Ratchasima
301412,30150,ลำนางแก้ว,ปักธงชัย,นครราชสีมา,Lam Nang Kaeo,Pak Thong Chai,Nakhon Ratchasima
301416,30150,ภูหลวง,ปักธงชัย,นครราชสีมา,Phu Luang,Pak Thong Chai,Nakhon Ratchasima
301417,30150,ธงชัยหนือ,ปักธงชัย,นครราชสีมา,Thong Chai Nuea,Pak Thong Chai,Nakhon Ratchasima
301418,30150,สุขเกษม,ปักธงชัย,นครราชสีมา,Suk Kasem,Pak Thong Chai,Nakhon Ratchasima
301419,30150,เกษมทรัพย์,ปักธงชัย,นครราชสีมา,Kasem Sap,Pak Thong Chai,Nakhon Ratchasima
301420,30150,บ่อปลาทอง,ปักธงชัย,นครราชสีมา,Bo Pla Thong,Pak Thong Chai,Nakhon Ratchasima
301501,30110,ในเมือง,พิมาย,นครราชสีมา,Nai Mueang,Phimai,Nakhon Ratchasima
301502,30110,สัมฤทธิ์,พิมาย,นครราชสีมา,Samrit,Phimai,Nakhon Ratchasima
301503,30110,โบสถ์,พิมาย,นครราชสีมา,Bot,Phimai,Nakhon Ratchasima
301504,30110,กระเบื้องใหญ่,พิมาย,นครราชสีมา,Krabueang Yai,Phimai,Nakhon Ratchasima
301505,30110,ท่าหลวง,พิมาย,นครราชสีมา,Tha Luang,Phimai,Nakhon Ratchasima
301506,30110,รังกาใหญ่,พิมาย,นครราชสีมา,Rang Ka Yai,Phimai,Nakhon Ratchasima
301507,30110,ชีวาน,พิมาย,นครราชสีมา,Chiwan,Phimai,Nakhon Ratchasima
301508,30110,นิคมสร้างตนเอง,พิมาย,นครราชสีมา,Nikhom Sang Ton-Eng,Phimai,Nakhon Ratchasima
301509,30110,กระชอน,พิมาย,นครราชสีมา,Krachon,Phimai,Nakhon Ratchasima
301510,30110,ดงใหญ่,พิมาย,นครราชสีมา,Dong Yai,Phimai,Nakhon Ratchasima
301511,30110,ธารละหลอด,พิมาย,นครราชสีมา,Than Lalot,Phimai,Nakhon Ratchasima
301512,30110,หนองระเวียง,พิมาย,นครราชสีมา,Nong Rawiang,Phimai,Nakhon Ratchasima
301601,30240,ห้วยแถลง,ห้วยแถลง,นครราชสีมา,Huai Thalaeng,Huai Thalaeng,Nakhon Ratchasima
301602,30240,ทับสวาย,ห้วยแถลง,นครราชสีมา,Thap Sawai,Huai Thalaeng,Nakhon Ratchasima
301603,30240,เมืองพลับพลา,ห้วยแถลง,นครราชสีมา,Mueang Phlapphla,Huai Thalaeng,Nakhon Ratchasima
301604,30240,หลุ่งตะเคียน,ห้วยแถลง,นครราชสีมา,Lung Takhian,Huai Thalaeng,Nakhon Ratchasima
301605,30240,หินดาด,ห้วยแถลง,นครราชสีมา,Hin Dat,Huai Thalaeng,Nakhon Ratchasima
301606,30240,งิ้ว,ห้วยแถลง,นครราชสีมา,Ngio,Huai Thalaeng,Nakhon Ratchasima
301607,30240,กงรถ,ห้วยแถลง,นครราชสีมา,Kong Rot,Huai Thalaeng,Nakhon Ratchasima
301608,30240,หลุ่งประดู่,ห้วยแถลง,นครราชสีมา,Lung Pradu,Huai Thalaeng,Nakhon Ratchasima
301609,30240,ตะโก,ห้วยแถลง,นครราชสีมา,Tako,Huai Thalaeng,Nakhon Ratchasima
301610,30240,ห้วยแคน,ห้วยแถลง,นครราชสีมา,Huai Khaen,Huai Thalaeng,Nakhon Ratchasima
301701,30270,ชุมพวง,ชุมพวง,นครราชสีมา,Chum Phuang,Chum Phuang,Nakhon Ratchasima
301702,30270,ประสุข,ชุมพวง,นครราชสีมา,Prasuk,Chum Phuang,Nakhon Ratchasima
301703,30270,ท่าลาด,ชุมพวง,นครราชสีมา,Tha Lat,Chum Phuang,Nakhon Ratchasima
301704,30270,สาหร่าย,ชุมพวง,นครราชสีมา,Sarai,Chum Phuang,Nakhon Ratchasima
301705,30270,ตลาดไทร,ชุมพวง,นครราชสีมา,Talat Sai,Chum Phuang,Nakhon Ratchasima
301710,30270,โนนรัง,ชุมพวง,นครราชสีมา,Non Rang,Chum Phuang,Nakhon Ratchasima
301714,30270,หนองหลัก,ชุมพวง,นครราชสีมา,Nong Lak,Chum Phuang,Nakhon Ratchasima
301716,30270,โนนตูม,ชุมพวง,นครราชสีมา,Non Tum,Chum Phuang,Nakhon Ratchasima
301717,30270,โนนยอ,ชุมพวง,นครราชสีมา,Non Yo,Chum Phuang,Nakhon Ratchasima
301801,30170,สูงเนิน,สูงเนิน,นครราชสีมา,Sung Noen,Sung Noen,Nakhon Ratchasima
301802,30170,เสมา,สูงเนิน,นครราชสีมา,Sema,Sung Noen,Nakhon Ratchasima
301803,30170,โคราช,สูงเนิน,นครราชสีมา,Khorat,Sung Noen,Nakhon Ratchasima
301804,30170,บุ่งขี้เหล็ก,สูงเนิน,นครราชสีมา,Bung Khi Lek,Sung Noen,Nakhon Ratchasima
301805,30170,โนนค่า,สูงเนิน,นครราชสีมา,Non Kha,Sung Noen,Nakhon Ratchasima
301806,30170,โค้งยาง,สูงเนิน,นครราชสีมา,Khong Yang,Sung Noen,Nakhon Ratchasima
301807,30170,มะเกลือเก่า,สูงเนิน,นครราชสีมา,Makluea Kao,Sung Noen,Nakhon Ratchasima
301808,30170,มะเกลือใหม่,สูงเนิน,นครราชสีมา,Makluea Mai,Sung Noen,Nakhon Ratchasima
301809,30380,นากลาง,สูงเนิน,นครราชสีมา,Na Klang,Sung Noen,Nakhon Ratchasima
301810,30380,หนองตะไก้,สูงเนิน,นครราชสีมา,Nong Takai,Sung Noen,Nakhon Ratchasima
301811,30380,กุดจิก,สูงเนิน,นครราชสีมา,Kut Chik,Sung Noen,Nakhon Ratchasima
301901,30280,ขามทะเลสอ,ขามทะเลสอ,นครราชสีมา,Kham Thale So,Kham Thale So,Nakhon Ratchasima
301902,30280,โป่งแดง,ขามทะเลสอ,นครราชสีมา,Pong Daeng,Kham Thale So,Nakhon Ratchasima
301903,30280,พันดุง,ขามทะเลสอ,นครราชสีมา,Phan Dung,Kham Thale So,Nakhon Ratchasima
301904,30280,หนองสรวง,ขามทะเลสอ,นครราชสีมา,Nong Suang,Kham Thale So,Nakhon Ratchasima
301905,30280,บึงอ้อ,ขามทะเลสอ,นครราชสีมา,Bueng O,Kham Thale So,Nakhon Ratchasima
302001,30140,สีคิ้ว,สีคิ้ว,นครราชสีมา,Sikhio,Si Khio,Nakhon Ratchasima
302002,30140,บ้านหัน,สีคิ้ว,นครราชสีมา,Ban Han,Si Khio,Nakhon Ratchasima
302003,30140,กฤษณา,สีคิ้ว,นครราชสีมา,Kritsana,Si Khio,Nakhon Ratchasima
302004,30340,ลาดบัวขาว,สีคิ้ว,นครราชสีมา,Lat Bua Khao,Si Khio,Nakhon Ratchasima
302005,30140,หนองหญ้าขาว,สีคิ้ว,นครราชสีมา,Nong Ya Khao,Si Khio,Nakhon Ratchasima
302006,30140,กุดน้อย,สีคิ้ว,นครราชสีมา,Kut Noi,Si Khio,Nakhon Ratchasima
302007,30140,หนองน้ำใส,สีคิ้ว,นครราชสีมา,Nong Nam Sai,Si Khio,Nakhon Ratchasima
302008,30140,วังโรงใหญ่,สีคิ้ว,นครราชสีมา,Wang Rong Yai,Si Khio,Nakhon Ratchasima
302009,30140,มิตรภาพ,สีคิ้ว,นครราชสีมา,Mittraphap,Si Khio,Nakhon Ratchasima
302010,30340,คลองไผ่,สีคิ้ว,นครราชสีมา,Khlong Phai,Si Khio,Nakhon Ratchasima
302011,30140,ดอนเมือง,สีคิ้ว,นครราชสีมา,Don Mueang,Si Khio,Nakhon Ratchasima
302012,30140,หนองบัวน้อย,สีคิ้ว,นครราชสีมา,Nong Bua Noi,Si Khio,Nakhon Ratchasima
302101,30130,ปากช่อง,ปากช่อง,นครราชสีมา,Pak Chong,Pak Chong,Nakhon Ratchasima
302102,30320,กลางดง,ปากช่อง,นครราชสีมา,Klang Dong,Pak Chong,Nakhon Ratchasima
302103,30130,จันทึก,ปากช่อง,นครราชสีมา,Chan Thuek,Pak Chong,Nakhon Ratchasima
302104,30130,วังกะทะ,ปากช่อง,นครราชสีมา,Wang Katha,Pak Chong,Nakhon Ratchasima
302105,30130,หมูสี,ปากช่อง,นครราชสีมา,Mu Si,Pak Chong,Nakhon Ratchasima
302106,30130,หนองสาหร่าย,ปากช่อง,นครราชสีมา,Nong Sarai,Pak Chong,Nakhon Ratchasima
302107,30130,ขนงพระ,ปากช่อง,นครราชสีมา,Khanong Phra,Pak Chong,Nakhon Ratchasima
302108,30130,โป่งตาลอง,ปากช่อง,นครราชสีมา,Pong Ta Long,Pak Chong,Nakhon Ratchasima
302109,30130,คลองม่วง,ปากช่อง,นครราชสีมา,Khlong Muang,Pak Chong,Nakhon Ratchasima
302110,30130,หนองน้ำแดง,ปากช่อง,นครราชสีมา,Nong Nam Daeng,Pak Chong,Nakhon Ratchasima
302111,30130,วังไทร,ปากช่อง,นครราชสีมา,Wang Sai,Pak Chong,Nakhon Ratchasima
302112,30320,พญาเย็น,ปากช่อง,นครราชสีมา,Phaya Yen,Pak Chong,Nakhon Ratchasima
302201,30410,หนองบุนนาก,หนองบุญมาก,นครราชสีมา,Nong Bunnak,Nong Bunmak,Nakhon Ratchasima
302202,30410,สารภี,หนองบุญมาก,นครราชสีมา,Saraphi,Nong Bunmak,Nakhon Ratchasima
302203,30410,ไทยเจริญ,หนองบุญมาก,นครราชสีมา,Thai Charoen,Nong Bunmak,Nakhon Ratchasima
302204,30410,หนองหัวแรต,หนองบุญมาก,นครราชสีมา,Nong Hua Raet,Nong Bunmak,Nakhon Ratchasima
302205,30410,แหลมทอง,หนองบุญมาก,นครราชสีมา,Laem Thong,Nong Bunmak,Nakhon Ratchasima
302206,30410,หนองตะไก้,หนองบุญมาก,นครราชสีมา,Nong Takai,Nong Bunmak,Nakhon Ratchasima
302207,30410,ลุงเขว้า,หนองบุญมาก,นครราชสีมา,Lung Khwao,Nong Bunmak,Nakhon Ratchasima
302208,30410,หนองไม้ไผ่,หนองบุญมาก,นครราชสีมา,Nong Mai Phai,Nong Bunmak,Nakhon Ratchasima
302209,30410,บ้านใหม่,หนองบุญมาก,นครราชสีมา,Ban Mai,Nong Bunmak,Nakhon Ratchasima
302301,30440,แก้งสนามนาง,แก้งสนามนาง,นครราชสีมา,Kaeng Sanam Nang,Kaeng Sanam Nang,Nakhon Ratchasima
302302,30440,โนนสำราญ,แก้งสนามนาง,นครราชสีมา,Non Samran,Kaeng Sanam Nang,Nakhon Ratchasima
302303,30440,บึงพะไล,แก้งสนามนาง,นครราชสีมา,Bueng Phalai,Kaeng Sanam Nang,Nakhon Ratchasima
302304,30440,สีสุก,แก้งสนามนาง,นครราชสีมา,Si Suk,Kaeng Sanam Nang,Nakhon Ratchasima
302305,30440,บึงสำโรง,แก้งสนามนาง,นครราชสีมา,Bueng Samrong,Kaeng Sanam Nang,Nakhon Ratchasima
302401,30360,โนนแดง,โนนแดง,นครราชสีมา,Non Daeng,Non Daeng,Nakhon Ratchasima
302402,30360,โนนตาเถร,โนนแดง,นครราชสีมา,Non Ta Then,Non Daeng,Nakhon Ratchasima
302403,30360,สำพะเนียง,โนนแดง,นครราชสีมา,Sam Phaniang,Non Daeng,Nakhon Ratchasima
302404,30360,วังหิน,โนนแดง,นครราชสีมา,Wang Hin,Non Daeng,Nakhon Ratchasima
302405,30360,ดอนยาวใหญ่,โนนแดง,นครราชสีมา,Don Yao Yai,Non Daeng,Nakhon Ratchasima
302501,30370,วังน้ำเขียว,วังน้ำเขียว,นครราชสีมา,Wang Nam Khiao,Wang Nam Khiao,Nakhon Ratchasima
302502,30370,วังหมี,วังน้ำเขียว,นครราชสีมา,Wang Mi,Wang Nam Khiao,Nakhon Ratchasima
302503,30150,ระเริง,วังน้ำเขียว,นครราชสีมา,Raroeng,Wang Nam Khiao,Nakhon Ratchasima
302504,30370,อุดมทรัพย์,วังน้ำเขียว,นครราชสีมา,Udom Sap,Wang Nam Khiao,Nakhon Ratchasima
302505,30370,ไทยสามัคคี,วังน้ำเขียว,นครราชสีมา,Thai Samakkhi,Wang Nam Khiao,Nakhon Ratchasima
302601,30210,สำนักตะคร้อ,เทพารักษ์,นครราชสีมา,Samnak Takhro,Thepharak,Nakhon Ratchasima
302602,30210,หนองแวง,เทพารักษ์,นครราชสีมา,Nong Waeng,Thepharak,Nakhon Ratchasima
302603,30210,บึงปรือ,เทพารักษ์,นครราชสีมา,Bueng Prue,Thepharak,Nakhon Ratchasima
302604,30210,วังยายทอง,เทพารักษ์,นครราชสีมา,Wang Yai Thong,Thepharak,Nakhon Ratchasima
302701,30270,เมืองยาง,เมืองยาง,นครราชสีมา,Mueang Yang,Mueang Yang,Nakhon Ratchasima
302702,30270,กระเบื้องนอก,เมืองยาง,นครราชสีมา,Krabueang Nok,Mueang Yang,Nakhon Ratchasima
302703,30270,ละหานปลาค้าว,เมืองยาง,นครราชสีมา,Lahan Pla Khao,Mueang Yang,Nakhon Ratchasima
302704,30270,โนนอุดม,เมืองยาง,นครราชสีมา,Non Udom,Mueang Yang,Nakhon Ratchasima
302801,30220,สระพระ,พระทองคำ,นครราชสีมา,Sa Phra,Phra Thong Kham,Nakhon Ratchasima
302802,30220,มาบกราด,พระทองคำ,นครราชสีมา,Map Krat,Phra Thong Kham,Nakhon Ratchasima
302803,30220,พังเทียม,พระทองคำ,นครราชสีมา,Phang Thiam,Phra Thong Kham,Nakhon Ratchasima
302804,30220,ทัพรั้ง,พระทองคำ,นครราชสีมา,Thap Rang,Phra Thong Kham,Nakhon Ratchasima
302805,30220,หนองหอย,พระทองคำ,นครราชสีมา,Nong Hoi,Phra Thong Kham,Nakhon Ratchasima
302901,30270,ขุย,ลำทะเมนชัย,นครราชสีมา,Khui,Lamtaman Chai,Nakhon Ratchasima
302902,30270,บ้านยาง,ลำทะเมนชัย,นครราชสีมา,Ban Yang,Lamtaman Chai,Nakhon Ratchasima
302903,30270,ช่องแมว,ลำทะเมนชัย,นครราชสีมา,Chong Maeo,Lamtaman Chai,Nakhon Ratchasima
302904,30270,ไพล,ลำทะเมนชัย,นครราชสีมา,Phrai,Lamtaman Chai,Nakhon Ratchasima
303001,30120,เมืองพะไล,บัวลาย,นครราชสีมา,Mueang Phalai,Bua Lai,Nakhon Ratchasima
303002,30120,โนนจาน,บัวลาย,นครราชสีมา,Non Chan,Bua Lai,Nakhon Ratchasima
303003,30120,บัวลาย,บัวลาย,นครราชสีมา,Bua Lai,Bua Lai,Nakhon Ratchasima
303004,30120,หนองหว้า,บัวลาย,นครราชสีมา,Nong Wa,Bua Lai,Nakhon Ratchasima
303101,30430,สีดา,สีดา,นครราชสีมา,Sida,Sida,Nakhon Ratchasima
303102,30430,โพนทอง,สีดา,นครราชสีมา,Phon Thong,Sida,Nakhon Ratchasima
303103,30430,โนนประดู่,สีดา,นครราชสีมา,Non Pradu,Sida,Nakhon Ratchasima
303104,30430,สามเมือง,สีดา,นครราชสีมา,Sam Mueang,Sida,Nakhon Ratchasima
303105,30430,หนองตาดใหญ่,สีดา,นครราชสีมา,Nong Tat Yai,Sida,Nakhon Ratchasima
303201,30230,ช้างทอง,เฉลิมพระเกียรติ,นครราชสีมา,Chang Thong,Chaloem Phra Kiet,Nakhon Ratchasima
303202,30230,ท่าช้าง,เฉลิมพระเกียรติ,นครราชสีมา,Tha Chang,Chaloem Phra Kiet,Nakhon Ratchasima
303203,30230,พระพุทธ,เฉลิมพระเกียรติ,นครราชสีมา,Phraphut,Chaloem Phra Kiet,Nakhon Ratchasima
303204,30000,หนองงูเหลือม,เฉลิมพระเกียรติ,นครราชสีมา,Nong Ngu Lueam,Chaloem Phra Kiet,Nakhon Ratchasima
303205,30230,หนองยาง,เฉลิมพระเกียรติ,นครราชสีมา,Nong Yang,Chaloem Phra Kiet,Nakhon Ratchasima
310101,31000,ในเมือง,เมืองบุรีรัมย์,บุรีรัมย์,Nai Mueang,Mueang Buri Ram,Buri Ram
310102,31000,อิสาณ,เมืองบุรีรัมย์,บุรีรัมย์,I San,Mueang Buri Ram,Buri Ram
310103,31000,เสม็ด,เมืองบุรีรัมย์,บุรีรัมย์,Samet,Mueang Buri Ram,Buri Ram
310104,31000,บ้านบัว,เมืองบุรีรัมย์,บุรีรัมย์,Ban Bua,Mueang Buri Ram,Buri Ram
310105,31000,สะแกโพรง,เมืองบุรีรัมย์,บุรีรัมย์,Sakae Phrong,Mueang Buri Ram,Buri Ram
310106,31000,สวายจีก,เมืองบุรีรัมย์,บุรีรัมย์,Sawai Chik,Mueang Buri Ram,Buri Ram
310108,31000,บ้านยาง,เมืองบุรีรัมย์,บุรีรัมย์,Ban Yang,Mueang Buri Ram,Buri Ram
310112,31000,พระครู,เมืองบุรีรัมย์,บุรีรัมย์,Phrakhru,Mueang Buri Ram,Buri Ram
310113,31000,ถลุงเหล็ก,เมืองบุรีรัมย์,บุรีรัมย์,Thalung Lek,Mueang Buri Ram,Buri Ram
310114,31000,หนองตาด,เมืองบุรีรัมย์,บุรีรัมย์,Nong Tat,Mueang Buri Ram,Buri Ram
310117,31000,ลุมปุ๊ก,เมืองบุรีรัมย์,บุรีรัมย์,Lumpuk,Mueang Buri Ram,Buri Ram
310118,31000,สองห้อง,เมืองบุรีรัมย์,บุรีรัมย์,Song Hong,Mueang Buri Ram,Buri Ram
310119,31000,บัวทอง,เมืองบุรีรัมย์,บุรีรัมย์,Bua Thong,Mueang Buri Ram,Buri Ram
310120,31000,ชุมเห็ด,เมืองบุรีรัมย์,บุรีรัมย์,Chum Het,Mueang Buri Ram,Buri Ram
310122,31000,หลักเขต,เมืองบุรีรัมย์,บุรีรัมย์,Lak Khet,Mueang Buri Ram,Buri Ram
310125,31000,สะแกซำ,เมืองบุรีรัมย์,บุรีรัมย์,Sakae Sam,Mueang Buri Ram,Buri Ram
310126,31000,กลันทา,เมืองบุรีรัมย์,บุรีรัมย์,Kalantha,Mueang Buri Ram,Buri Ram
310127,31000,กระสัง,เมืองบุรีรัมย์,บุรีรัมย์,Krasang,Mueang Buri Ram,Buri Ram
310128,31000,เมืองฝาง,เมืองบุรีรัมย์,บุรีรัมย์,Mueang Fang,Mueang Buri Ram,Buri Ram
310201,31190,คูเมือง,คูเมือง,บุรีรัมย์,Khu Mueang,Khu Mueang,Buri Ram
310202,31190,ปะเคียบ,คูเมือง,บุรีรัมย์,Pakhiap,Khu Mueang,Buri Ram
310203,31190,บ้านแพ,คูเมือง,บุรีรัมย์,Ban Phae,Khu Mueang,Buri Ram
310204,31190,พรสำราญ,คูเมือง,บุรีรัมย์,Phon Samran,Khu Mueang,Buri Ram
310205,31190,หินเหล็กไฟ,คูเมือง,บุรีรัมย์,Hin Lek Fai,Khu Mueang,Buri Ram
310206,31190,ตูมใหญ่,คูเมือง,บุรีรัมย์,Tum Yai,Khu Mueang,Buri Ram
310207,31190,หนองขมาร,คูเมือง,บุรีรัมย์,Nong Khaman,Khu Mueang,Buri Ram
310301,31160,กระสัง,กระสัง,บุรีรัมย์,Krasang,Krasang,Buri Ram
310302,31160,ลำดวน,กระสัง,บุรีรัมย์,Lamduan,Krasang,Buri Ram
310303,31160,สองชั้น,กระสัง,บุรีรัมย์,Song Chan,Krasang,Buri Ram
310304,31160,สูงเนิน,กระสัง,บุรีรัมย์,Sung Noen,Krasang,Buri Ram
310305,31160,หนองเต็ง,กระสัง,บุรีรัมย์,Nong Teng,Krasang,Buri Ram
310306,31160,เมืองไผ่,กระสัง,บุรีรัมย์,Mueang Phai,Krasang,Buri Ram
310307,31160,ชุมแสง,กระสัง,บุรีรัมย์,Chum Saeng,Krasang,Buri Ram
310308,31160,บ้านปรือ,กระสัง,บุรีรัมย์,Ban Prue,Krasang,Buri Ram
310309,31160,ห้วยสำราญ,กระสัง,บุรีรัมย์,Huai Samran,Krasang,Buri Ram
310310,31160,กันทรารมย์,กระสัง,บุรีรัมย์,Kanthararom,Krasang,Buri Ram
310311,31160,ศรีภูมิ,กระสัง,บุรีรัมย์,Si Phum,Krasang,Buri Ram
310401,31110,นางรอง,นางรอง,บุรีรัมย์,Nang Rong,Nang Rong,Buri Ram
310403,31110,สะเดา,นางรอง,บุรีรัมย์,Sadao,Nang Rong,Buri Ram
310405,31110,ชุมแสง,นางรอง,บุรีรัมย์,Chum Saeng,Nang Rong,Buri Ram
310406,31110,หนองโบสถ์,นางรอง,บุรีรัมย์,Nong Bot,Nang Rong,Buri Ram
310408,31110,หนองกง,นางรอง,บุรีรัมย์,Nong Kong,Nang Rong,Buri Ram
310413,31110,ถนนหัก,นางรอง,บุรีรัมย์,Thanon Hak,Nang Rong,Buri Ram
310414,31110,หนองไทร,นางรอง,บุรีรัมย์,Nong Sai,Nang Rong,Buri Ram
310415,31110,ก้านเหลือง,นางรอง,บุรีรัมย์,Kan Lueang,Nang Rong,Buri Ram
310416,31110,บ้านสิงห์,นางรอง,บุรีรัมย์,Ban Sing,Nang Rong,Buri Ram
310417,31110,ลำไทรโยง,นางรอง,บุรีรัมย์,Lam Sai Yong,Nang Rong,Buri Ram
310418,31110,ทรัพย์พระยา,นางรอง,บุรีรัมย์,Sap Phraya,Nang Rong,Buri Ram
310424,31110,หนองยายพิมพ์,นางรอง,บุรีรัมย์,Nong Yai Phim,Nang Rong,Buri Ram
310425,31110,หัวถนน,นางรอง,บุรีรัมย์,Hua Thanon,Nang Rong,Buri Ram
310426,31110,ทุ่งแสงทอง,นางรอง,บุรีรัมย์,Thung Saeng Thong,Nang Rong,Buri Ram
310427,31110,หนองโสน,นางรอง,บุรีรัมย์,Nong Sano,Nang Rong,Buri Ram
310501,31210,หนองกี่,หนองกี่,บุรีรัมย์,Nong Ki,Nong Ki,Buri Ram
310502,31210,เย้ยปราสาท,หนองกี่,บุรีรัมย์,Yoei Prasat,Nong Ki,Buri Ram
310503,31210,เมืองไผ่,หนองกี่,บุรีรัมย์,Mueang Phai,Nong Ki,Buri Ram
310504,31210,ดอนอะราง,หนองกี่,บุรีรัมย์,Don Arang,Nong Ki,Buri Ram
310505,31210,โคกสว่าง,หนองกี่,บุรีรัมย์,Khok Sawang,Nong Ki,Buri Ram
310506,31210,ทุ่งกระตาดพัฒนา,หนองกี่,บุรีรัมย์,Thung Kratat Phatthana,Nong Ki,Buri Ram
310507,31210,ทุ่งกระเต็น,หนองกี่,บุรีรัมย์,Thung Kraten,Nong Ki,Buri Ram
310508,31210,ท่าโพธิ์ชัย,หนองกี่,บุรีรัมย์,Tha Pho Chai,Nong Ki,Buri Ram
310509,31210,โคกสูง,หนองกี่,บุรีรัมย์,Khok Sung,Nong Ki,Buri Ram
310510,31210,บุกระสัง,หนองกี่,บุรีรัมย์,Bu Krasang,Nong Ki,Buri Ram
310601,31170,ละหานทราย,ละหานทราย,บุรีรัมย์,Lahan Sai,Lahan Sai,Buri Ram
310603,31170,ตาจง,ละหานทราย,บุรีรัมย์,Ta Chong,Lahan Sai,Buri Ram
310604,31170,สำโรงใหม่,ละหานทราย,บุรีรัมย์,Samrong Mai,Lahan Sai,Buri Ram
310607,31170,หนองแวง,ละหานทราย,บุรีรัมย์,Nong Waeng,Lahan Sai,Buri Ram
310610,31170,หนองตะครอง,ละหานทราย,บุรีรัมย์,Nong Takhrong,Lahan Sai,Buri Ram
310611,31170,โคกว่าน,ละหานทราย,บุรีรัมย์,Khok Wan,Lahan Sai,Buri Ram
310701,31140,ประโคนชัย,ประโคนชัย,บุรีรัมย์,Prakhon Chai,Prakhon Chai,Buri Ram
310702,31140,แสลงโทน,ประโคนชัย,บุรีรัมย์,Salaeng Thon,Prakhon Chai,Buri Ram
310703,31140,บ้านไทร,ประโคนชัย,บุรีรัมย์,Ban Sai,Prakhon Chai,Buri Ram
310705,31140,ละเวี้ย,ประโคนชัย,บุรีรัมย์,Lawia,Prakhon Chai,Buri Ram
310706,31140,จรเข้มาก,ประโคนชัย,บุรีรัมย์,Chorakhe Mak,Prakhon Chai,Buri Ram
310707,31140,ปังกู,ประโคนชัย,บุรีรัมย์,Pang Ku,Prakhon Chai,Buri Ram
310708,31140,โคกย่าง,ประโคนชัย,บุรีรัมย์,Khok Yang,Prakhon Chai,Buri Ram
310710,31140,โคกม้า,ประโคนชัย,บุรีรัมย์,Khok Ma,Prakhon Chai,Buri Ram
310713,31140,ไพศาล,ประโคนชัย,บุรีรัมย์,Phaisan,Prakhon Chai,Buri Ram
310714,31140,ตะโกตาพิ,ประโคนชัย,บุรีรัมย์,Tako Taphi,Prakhon Chai,Buri Ram
310715,31140,เขาคอก,ประโคนชัย,บุรีรัมย์,Khao Khok,Prakhon Chai,Buri Ram
310716,31140,หนองบอน,ประโคนชัย,บุรีรัมย์,Nong Bon,Prakhon Chai,Buri Ram
310718,31140,โคกมะขาม,ประโคนชัย,บุรีรัมย์,Khok Makham,Prakhon Chai,Buri Ram
310719,31140,โคกตูม,ประโคนชัย,บุรีรัมย์,Khok Tum,Prakhon Chai,Buri Ram
310720,31140,ประทัดบุ,ประโคนชัย,บุรีรัมย์,Prathat Bu,Prakhon Chai,Buri Ram
310721,31140,สี่เหลี่ยม,ประโคนชัย,บุรีรัมย์,Si Liam,Prakhon Chai,Buri Ram
310801,31180,บ้านกรวด,บ้านกรวด,บุรีรัมย์,Ban Kruat,Ban Kruat,Buri Ram
310802,31180,โนนเจริญ,บ้านกรวด,บุรีรัมย์,Non Charoen,Ban Kruat,Buri Ram
310803,31180,หนองไม้งาม,บ้านกรวด,บุรีรัมย์,Nong Mai Ngam,Ban Kruat,Buri Ram
310804,31180,ปราสาท,บ้านกรวด,บุรีรัมย์,Prasat,Ban Kruat,Buri Ram
310805,31180,สายตะกู,บ้านกรวด,บุรีรัมย์,Sai Taku,Ban Kruat,Buri Ram
310806,31180,หินลาด,บ้านกรวด,บุรีรัมย์,Hin Lat,Ban Kruat,Buri Ram
310807,31180,บึงเจริญ,บ้านกรวด,บุรีรัมย์,Bueng Charoen,Ban Kruat,Buri Ram
310808,31180,จันทบเพชร,บ้านกรวด,บุรีรัมย์,Chanthabophet,Ban Kruat,Buri Ram
310809,31180,เขาดินเหนือ,บ้านกรวด,บุรีรัมย์,Khao Din Nuea,Ban Kruat,Buri Ram
310901,31120,พุทไธสง,พุทไธสง,บุรีรัมย์,Phutthaisong,Phutthaisong,Buri Ram
310902,31120,มะเฟือง,พุทไธสง,บุรีรัมย์,Mafueang,Phutthaisong,Buri Ram
310903,31120,บ้านจาน,พุทไธสง,บุรีรัมย์,Ban Chan,Phutthaisong,Buri Ram
310906,31120,บ้านเป้า,พุทไธสง,บุรีรัมย์,Ban Pao,Phutthaisong,Buri Ram
310907,31120,บ้านแวง,พุทไธสง,บุรีรัมย์,Ban Waeng,Phutthaisong,Buri Ram
310909,31120,บ้านยาง,พุทไธสง,บุรีรัมย์,Ban Yang,Phutthaisong,Buri Ram
310910,31120,หายโศก,พุทไธสง,บุรีรัมย์,Hai Sok,Phutthaisong,Buri Ram
311001,31130,ลำปลายมาศ,ลำปลายมาศ,บุรีรัมย์,Lam Plai Mat,Lam Plai Mat,Buri Ram
311002,31130,หนองคู,ลำปลายมาศ,บุรีรัมย์,Nong Khu,Lam Plai Mat,Buri Ram
311003,31130,แสลงพัน,ลำปลายมาศ,บุรีรัมย์,Salaeng Phan,Lam Plai Mat,Buri Ram
311004,31130,ทะเมนชัย,ลำปลายมาศ,บุรีรัมย์,Thamenchai,Lam Plai Mat,Buri Ram
311005,31130,ตลาดโพธิ์,ลำปลายมาศ,บุรีรัมย์,Talat Pho,Lam Plai Mat,Buri Ram
311006,31130,หนองกะทิง,ลำปลายมาศ,บุรีรัมย์,Nong Kathing,Lam Plai Mat,Buri Ram
311007,31130,โคกกลาง,ลำปลายมาศ,บุรีรัมย์,Khok Klang,Lam Plai Mat,Buri Ram
311008,31130,โคกสะอาด,ลำปลายมาศ,บุรีรัมย์,Khok Sa-At,Lam Plai Mat,Buri Ram
311009,31130,เมืองแฝก,ลำปลายมาศ,บุรีรัมย์,Mueang Faek,Lam Plai Mat,Buri Ram
311010,31130,บ้านยาง,ลำปลายมาศ,บุรีรัมย์,Ban Yang,Lam Plai Mat,Buri Ram
311011,31130,ผไทรินทร์,ลำปลายมาศ,บุรีรัมย์,Phathai Rin,Lam Plai Mat,Buri Ram
311012,31130,โคกล่าม,ลำปลายมาศ,บุรีรัมย์,Khok Lam,Lam Plai Mat,Buri Ram
311013,31130,หินโคน,ลำปลายมาศ,บุรีรัมย์,Hin Khon,Lam Plai Mat,Buri Ram
311014,31130,หนองบัวโคก,ลำปลายมาศ,บุรีรัมย์,Nong Bua Khok,Lam Plai Mat,Buri Ram
311015,31130,บุโพธิ์,ลำปลายมาศ,บุรีรัมย์,Bu Pho,Lam Plai Mat,Buri Ram
311016,31130,หนองโดน,ลำปลายมาศ,บุรีรัมย์,Nong Don,Lam Plai Mat,Buri Ram
311101,31150,สตึก,สตึก,บุรีรัมย์,Satuek,Satuek,Buri Ram
311102,31150,นิคม,สตึก,บุรีรัมย์,Nikhom,Satuek,Buri Ram
311103,31150,ทุ่งวัง,สตึก,บุรีรัมย์,Thung Wang,Satuek,Buri Ram
311104,31150,เมืองแก,สตึก,บุรีรัมย์,Mueang Kae,Satuek,Buri Ram
311105,31150,หนองใหญ่,สตึก,บุรีรัมย์,Nong Yai,Satuek,Buri Ram
311106,31150,ร่อนทอง,สตึก,บุรีรัมย์,Ron Thong,Satuek,Buri Ram
311109,31150,ดอนมนต์,สตึก,บุรีรัมย์,Don Mon,Satuek,Buri Ram
311110,31150,ชุมแสง,สตึก,บุรีรัมย์,Chum Saeng,Satuek,Buri Ram
311111,31150,ท่าม่วง,สตึก,บุรีรัมย์,Tha Muang,Satuek,Buri Ram
311112,31150,สะแก,สตึก,บุรีรัมย์,Sakae,Satuek,Buri Ram
311114,31150,สนามชัย,สตึก,บุรีรัมย์,Sanam Chai,Satuek,Buri Ram
311115,31150,กระสัง,สตึก,บุรีรัมย์,Krasang,Satuek,Buri Ram
311201,31220,ปะคำ,ปะคำ,บุรีรัมย์,Pakham,Pakham,Buri Ram
311202,31220,ไทยเจริญ,ปะคำ,บุรีรัมย์,Thai Charoen,Pakham,Buri Ram
311203,31220,หนองบัว,ปะคำ,บุรีรัมย์,Nong Bua,Pakham,Buri Ram
311204,31220,โคกมะม่วง,ปะคำ,บุรีรัมย์,Khok Mamuang,Pakham,Buri Ram
311205,31220,หูทำนบ,ปะคำ,บุรีรัมย์,Hu Thamnop,Pakham,Buri Ram
311301,31230,นาโพธิ์,นาโพธิ์,บุรีรัมย์,Na Pho,Na Pho,Buri Ram
311302,31230,บ้านคู,นาโพธิ์,บุรีรัมย์,Ban Khu,Na Pho,Buri Ram
311303,31230,บ้านดู่,นาโพธิ์,บุรีรัมย์,Ban Du,Na Pho,Buri Ram
311304,31230,ดอนกอก,นาโพธิ์,บุรีรัมย์,Don Kok,Na Pho,Buri Ram
311305,31230,ศรีสว่าง,นาโพธิ์,บุรีรัมย์,Si Sawang,Na Pho,Buri Ram
311401,31240,สระแก้ว,หนองหงส์,บุรีรัมย์,Sa Kaeo,Nong Hong,Buri Ram
311402,31240,ห้วยหิน,หนองหงส์,บุรีรัมย์,Huai Hin,Nong Hong,Buri Ram
311403,31240,ไทยสามัคคี,หนองหงส์,บุรีรัมย์,Thai Samakkhi,Nong Hong,Buri Ram
311404,31240,หนองชัยศรี,หนองหงส์,บุรีรัมย์,Nong Chai Si,Nong Hong,Buri Ram
311405,31240,เสาเดียว,หนองหงส์,บุรีรัมย์,Sao Diao,Nong Hong,Buri Ram
311406,31240,เมืองฝ้าย,หนองหงส์,บุรีรัมย์,Mueang Fai,Nong Hong,Buri Ram
311407,31240,สระทอง,หนองหงส์,บุรีรัมย์,Sa Thong,Nong Hong,Buri Ram
311501,31250,จันดุม,พลับพลาชัย,บุรีรัมย์,Chan Dum,Phlapphla Chai,Buri Ram
311502,31250,โคกขมิ้น,พลับพลาชัย,บุรีรัมย์,Khok Khamin,Phlapphla Chai,Buri Ram
311503,31250,ป่าชัน,พลับพลาชัย,บุรีรัมย์,Pa Chan,Phlapphla Chai,Buri Ram
311504,31250,สะเดา,พลับพลาชัย,บุรีรัมย์,Sadao,Phlapphla Chai,Buri Ram
311505,31250,สำโรง,พลับพลาชัย,บุรีรัมย์,Samrong,Phlapphla Chai,Buri Ram
311601,31000,ห้วยราช,ห้วยราช,บุรีรัมย์,Huai Rat,Huai Rat,Buri Ram
311602,31000,สามแวง,ห้วยราช,บุรีรัมย์,Sam Waeng,Huai Rat,Buri Ram
311603,31000,ตาเสา,ห้วยราช,บุรีรัมย์,Ta Sao,Huai Rat,Buri Ram
311604,31000,บ้านตะโก,ห้วยราช,บุรีรัมย์,Ban Tako,Huai Rat,Buri Ram
311605,31000,สนวน,ห้วยราช,บุรีรัมย์,Sanuan,Huai Rat,Buri Ram
311606,31000,โคกเหล็ก,ห้วยราช,บุรีรัมย์,Khok Lek,Huai Rat,Buri Ram
311607,31000,เมืองโพธิ์,ห้วยราช,บุรีรัมย์,Mueang Pho,Huai Rat,Buri Ram
311608,31000,ห้วยราชา,ห้วยราช,บุรีรัมย์,Huai Racha,Huai Rat,Buri Ram
311701,31110,โนนสุวรรณ,โนนสุวรรณ,บุรีรัมย์,Non Suwan,Non Din Daeng,Buri Ram
311702,31110,ทุ่งจังหัน,โนนสุวรรณ,บุรีรัมย์,Thung Changhan,Non Din Daeng,Buri Ram
311703,31110,โกรกแก้ว,โนนสุวรรณ,บุรีรัมย์,Krok Kaeo,Non Din Daeng,Buri Ram
311704,31110,ดงอีจาน,โนนสุวรรณ,บุรีรัมย์,Dong I Chan,Non Din Daeng,Buri Ram
311801,31110,ชำนิ,ชำนิ,บุรีรัมย์,Chamni,Chamni,Buri Ram
311802,31110,หนองปล่อง,ชำนิ,บุรีรัมย์,Nong Plong,Chamni,Buri Ram
311803,31110,เมืองยาง,ชำนิ,บุรีรัมย์,Mueang Yang,Chamni,Buri Ram
311804,31110,ช่อผกา,ชำนิ,บุรีรัมย์,Cho Phaka,Chamni,Buri Ram
311805,31110,ละลวด,ชำนิ,บุรีรัมย์,Laluat,Chamni,Buri Ram
311806,31110,โคกสนวน,ชำนิ,บุรีรัมย์,Khok Sanuan,Chamni,Buri Ram
311901,31120,หนองแวง,บ้านใหม่ไชยพจน์,บุรีรัมย์,Nong Waeng,Ban Mai Chaiyaphot,Buri Ram
311902,31120,ทองหลาง,บ้านใหม่ไชยพจน์,บุรีรัมย์,Thong Lang,Ban Mai Chaiyaphot,Buri Ram
311903,31120,แดงใหญ่,บ้านใหม่ไชยพจน์,บุรีรัมย์,Daeng Yai,Ban Mai Chaiyaphot,Buri Ram
311904,31120,กู่สวนแตง,บ้านใหม่ไชยพจน์,บุรีรัมย์,Ku Suan Taeng,Ban Mai Chaiyaphot,Buri Ram
311905,31120,หนองเยือง,บ้านใหม่ไชยพจน์,บุรีรัมย์,Nong Yueang,Ban Mai Chaiyaphot,Buri Ram
312001,31260,โนนดินแดง,โนนดินแดง,บุรีรัมย์,Non Din Daeng,Non Din Daeng,Buri Ram
312002,31260,ส้มป่อย,โนนดินแดง,บุรีรัมย์,Som Poi,Non Din Daeng,Buri Ram
312003,31260,ลำนางรอง,โนนดินแดง,บุรีรัมย์,Lam Nang Rong,Non Din Daeng,Buri Ram
312101,31000,บ้านด่าน,บ้านด่าน,บุรีรัมย์,Ban Dan,Ban Dan,Buri Ram
312102,31000,ปราสาท,บ้านด่าน,บุรีรัมย์,Prasat,Ban Dan,Buri Ram
312103,31000,วังเหนือ,บ้านด่าน,บุรีรัมย์,Wang Nuea,Ban Dan,Buri Ram
312104,31000,โนนขวาง,บ้านด่าน,บุรีรัมย์,Non Khwang,Ban Dan,Buri Ram
312201,31150,แคนดง,แคนดง,บุรีรัมย์,Khaen Dong,Khaen Dong,Buri Ram
312202,31150,ดงพลอง,แคนดง,บุรีรัมย์,Dong Phlong,Khaen Dong,Buri Ram
312203,31150,สระบัว,แคนดง,บุรีรัมย์,Sa Bua,Khaen Dong,Buri Ram
312204,31150,หัวฝาย,แคนดง,บุรีรัมย์,Hua Fai,Khaen Dong,Buri Ram
312301,31110,เจริญสุข,เฉลิมพระเกียรติ,บุรีรัมย์,Charoen Suk,Chaloem Phra Kiet,Buri Ram
312302,31110,ตาเป๊ก,เฉลิมพระเกียรติ,บุรีรัมย์,Ta Pek,Chaloem Phra Kiet,Buri Ram
312303,31110,อีสานเขต,เฉลิมพระเกียรติ,บุรีรัมย์,Isan Khet,Chaloem Phra Kiet,Buri Ram
312304,31170,ถาวร,เฉลิมพระเกียรติ,บุรีรัมย์,Thawon,Chaloem Phra Kiet,Buri Ram
312305,31170,ยายแย้มวัฒนา,เฉลิมพระเกียรติ,บุรีรัมย์,Yai Yaem Watthana,Chaloem Phra Kiet,Buri Ram
320101,32000,ในเมือง,เมืองสุรินทร์,สุรินทร์,Nai Mueang,Mueang Surin,Surin
320102,32000,ตั้งใจ,เมืองสุรินทร์,สุรินทร์,Tang Chai,Mueang Surin,Surin
320103,32000,เพี้ยราม,เมืองสุรินทร์,สุรินทร์,Phia Ram,Mueang Surin,Surin
320104,32000,นาดี,เมืองสุรินทร์,สุรินทร์,Na Di,Mueang Surin,Surin
320105,32000,ท่าสว่าง,เมืองสุรินทร์,สุรินทร์,Tha Sawang,Mueang Surin,Surin
320106,32000,สลักได,เมืองสุรินทร์,สุรินทร์,Salak Dai,Mueang Surin,Surin
320107,32000,ตาอ็อง,เมืองสุรินทร์,สุรินทร์,Ta-Ong,Mueang Surin,Surin
320109,32000,สำโรง,เมืองสุรินทร์,สุรินทร์,Samrong,Mueang Surin,Surin
320110,32000,แกใหญ่,เมืองสุรินทร์,สุรินทร์,Kae Yai,Mueang Surin,Surin
320111,32000,นอกเมือง,เมืองสุรินทร์,สุรินทร์,Nok Mueang,Mueang Surin,Surin
320112,32000,คอโค,เมืองสุรินทร์,สุรินทร์,Kho Kho,Mueang Surin,Surin
320113,32000,สวาย,เมืองสุรินทร์,สุรินทร์,Sawat,Mueang Surin,Surin
320114,32000,เฉนียง,เมืองสุรินทร์,สุรินทร์,Chaniang,Mueang Surin,Surin
320116,32000,เทนมีย์,เมืองสุรินทร์,สุรินทร์,Then Mi,Mueang Surin,Surin
320118,32000,นาบัว,เมืองสุรินทร์,สุรินทร์,Na Bua,Mueang Surin,Surin
320119,32000,เมืองที,เมืองสุรินทร์,สุรินทร์,Mueang Thi,Mueang Surin,Surin
320120,32000,ราม,เมืองสุรินทร์,สุรินทร์,Ram,Mueang Surin,Surin
320121,32000,บุฤาษี,เมืองสุรินทร์,สุรินทร์,Bu Ruesi,Mueang Surin,Surin
320122,32000,ตระแสง,เมืองสุรินทร์,สุรินทร์,Trasaeng,Mueang Surin,Surin
320125,32000,แสลงพันธ์,เมืองสุรินทร์,สุรินทร์,Salaeng Phan,Mueang Surin,Surin
320126,32000,กาเกาะ,เมืองสุรินทร์,สุรินทร์,Ka Ko,Mueang Surin,Surin
320201,32190,ชุมพลบุรี,ชุมพลบุรี,สุรินทร์,Chumphon Buri,Chumphon Buri,Surin
320202,32190,นาหนองไผ่,ชุมพลบุรี,สุรินทร์,Na Nong Phai,Chumphon Buri,Surin
320203,32190,ไพรขลา,ชุมพลบุรี,สุรินทร์,Phrai Khla,Chumphon Buri,Surin
320204,32190,ศรีณรงค์,ชุมพลบุรี,สุรินทร์,Si Narong,Chumphon Buri,Surin
320205,32190,ยะวึก,ชุมพลบุรี,สุรินทร์,Yawuek,Chumphon Buri,Surin
320206,32190,เมืองบัว,ชุมพลบุรี,สุรินทร์,Mueang Bua,Chumphon Buri,Surin
320207,32190,สระขุด,ชุมพลบุรี,สุรินทร์,Sa Khut,Chumphon Buri,Surin
320208,32190,กระเบื้อง,ชุมพลบุรี,สุรินทร์,Krabueang,Chumphon Buri,Surin
320209,32190,หนองเรือ,ชุมพลบุรี,สุรินทร์,Nong Ruea,Chumphon Buri,Surin
320301,32120,ท่าตูม,ท่าตูม,สุรินทร์,Tha Tum,Tha Tum,Surin
320302,32120,กระโพ,ท่าตูม,สุรินทร์,Krapho,Tha Tum,Surin
320303,32120,พรมเทพ,ท่าตูม,สุรินทร์,Phrom Thep,Tha Tum,Surin
320304,32120,โพนครก,ท่าตูม,สุรินทร์,Phon Khrok,Tha Tum,Surin
320305,32120,เมืองแก,ท่าตูม,สุรินทร์,Mueang Kae,Tha Tum,Surin
320306,32120,บะ,ท่าตูม,สุรินทร์,Ba,Tha Tum,Surin
320307,32120,หนองบัว,ท่าตูม,สุรินทร์,Nong Bua,Tha Tum,Surin
320308,32120,บัวโคก,ท่าตูม,สุรินทร์,Bua Khok,Tha Tum,Surin
320309,32120,หนองเมธี,ท่าตูม,สุรินทร์,Nong Methi,Tha Tum,Surin
320310,32120,ทุ่งกุลา,ท่าตูม,สุรินทร์,Thung Kula,Tha Tum,Surin
320401,32180,จอมพระ,จอมพระ,สุรินทร์,Chom Phra,Chom Phra,Surin
320402,32180,เมืองลีง,จอมพระ,สุรินทร์,Mueang Lueng,Chom Phra,Surin
320403,32180,กระหาด,จอมพระ,สุรินทร์,Krahat,Chom Phra,Surin
320404,32180,บุแกรง,จอมพระ,สุรินทร์,Bu Kraeng,Chom Phra,Surin
320405,32180,หนองสนิท,จอมพระ,สุรินทร์,Nong Sanit,Chom Phra,Surin
320406,32180,บ้านผือ,จอมพระ,สุรินทร์,Ban Phue,Chom Phra,Surin
320407,32180,ลุ่มระวี,จอมพระ,สุรินทร์,Lum Rawi,Chom Phra,Surin
320408,32180,ชุมแสง,จอมพระ,สุรินทร์,Chum Saeng,Chom Phra,Surin
320409,32180,เป็นสุข,จอมพระ,สุรินทร์,Pen Suk,Chom Phra,Surin
320501,32140,กังแอน,ปราสาท,สุรินทร์,Kang Aen,Prasat,Surin
320502,32140,ทมอ,ปราสาท,สุรินทร์,Thamo,Prasat,Surin
320503,32140,ไพล,ปราสาท,สุรินทร์,Phrai,Prasat,Surin
320504,32140,ปรือ,ปราสาท,สุรินทร์,Prue,Prasat,Surin
320505,32140,ทุ่งมน,ปราสาท,สุรินทร์,Thung Mon,Prasat,Surin
320506,32140,ตาเบา,ปราสาท,สุรินทร์,Ta Bao,Prasat,Surin
320507,32140,หนองใหญ่,ปราสาท,สุรินทร์,Nong Yai,Prasat,Surin
320508,32140,โคกยาง,ปราสาท,สุรินทร์,Khok Yang,Prasat,Surin
320509,32140,โคกสะอาด,ปราสาท,สุรินทร์,Khok Sa-At,Prasat,Surin
320510,32140,บ้านไทร,ปราสาท,สุรินทร์,Ban Sai,Prasat,Surin
320511,32140,โชคนาสาม,ปราสาท,สุรินทร์,Chok Na Sam,Prasat,Surin
320512,32140,เชื้อเพลิง,ปราสาท,สุรินทร์,Chue Phloeng,Prasat,Surin
320513,32140,ปราสาททนง,ปราสาท,สุรินทร์,Prasat Thanong,Prasat,Surin
320514,32140,ตานี,ปราสาท,สุรินทร์,Tani,Prasat,Surin
320515,32140,บ้านพลวง,ปราสาท,สุรินทร์,Ban Phluang,Prasat,Surin
320516,32140,กันตวจระมวล,ปราสาท,สุรินทร์,Kanta Wacharamuan,Prasat,Surin
320517,32140,สมุด,ปราสาท,สุรินทร์,Samut,Prasat,Surin
320518,32140,ประทัดบุ,ปราสาท,สุรินทร์,Prathat Bu,Prasat,Surin
320601,32210,กาบเชิง,กาบเชิง,สุรินทร์,Kap Choeng,Kap Choeng,Surin
320604,32210,คูตัน,กาบเชิง,สุรินทร์,Khu Tan,Kap Choeng,Surin
320605,32210,ด่าน,กาบเชิง,สุรินทร์,Dan,Kap Choeng,Surin
320606,32210,แนงมุด,กาบเชิง,สุรินทร์,Naeng Mut,Kap Choeng,Surin
320607,32210,โคกตะเคียน,กาบเชิง,สุรินทร์,Khok Takhian,Kap Choeng,Surin
320610,32210,ตะเคียน,กาบเชิง,สุรินทร์,Takhian,Kap Choeng,Surin
320701,32130,รัตนบุรี,รัตนบุรี,สุรินทร์,Rattana Buri,Rattanaburi,Surin
320702,32130,ธาตุ,รัตนบุรี,สุรินทร์,That,Rattanaburi,Surin
320703,32130,แก,รัตนบุรี,สุรินทร์,Kae,Rattanaburi,Surin
320704,32130,ดอนแรด,รัตนบุรี,สุรินทร์,Don Raet,Rattanaburi,Surin
320705,32130,หนองบัวทอง,รัตนบุรี,สุรินทร์,Nong Bua Thong,Rattanaburi,Surin
320706,32130,หนองบัวบาน,รัตนบุรี,สุรินทร์,Nong Bua Ban,Rattanaburi,Surin
320709,32130,ไผ่,รัตนบุรี,สุรินทร์,Phai,Rattanaburi,Surin
320711,32130,เบิด,รัตนบุรี,สุรินทร์,Boet,Rattanaburi,Surin
320713,32130,น้ำเขียว,รัตนบุรี,สุรินทร์,Nam Khiao,Rattanaburi,Surin
320714,32130,กุดขาคีม,รัตนบุรี,สุรินทร์,Kut Kha Khim,Rattanaburi,Surin
320715,32130,ยางสว่าง,รัตนบุรี,สุรินทร์,Yang Sawang,Rattanaburi,Surin
320716,32130,ทับใหญ่,รัตนบุรี,สุรินทร์,Thap Yai,Rattanaburi,Surin
320801,32160,สนม,สนม,สุรินทร์,Sanom,Sanom,Surin
320802,32160,โพนโก,สนม,สุรินทร์,Phon Ko,Sanom,Surin
320803,32160,หนองระฆัง,สนม,สุรินทร์,Nong Rakhang,Sanom,Surin
320804,32160,นานวน,สนม,สุรินทร์,Na Nuan,Sanom,Surin
320805,32160,แคน,สนม,สุรินทร์,Khaen,Sanom,Surin
320806,32160,หัวงัว,สนม,สุรินทร์,Hua Ngua,Sanom,Surin
320807,32160,หนองอียอ,สนม,สุรินทร์,Nong I Yo,Sanom,Surin
320901,32110,ระแงง,ศีขรภูมิ,สุรินทร์,Ra-Ngaeng,Sikhoraphum,Surin
320902,32110,ตรึม,ศีขรภูมิ,สุรินทร์,Truem,Sikhoraphum,Surin
320903,32110,จารพัต,ศีขรภูมิ,สุรินทร์,Charaphat,Sikhoraphum,Surin
320904,32110,ยาง,ศีขรภูมิ,สุรินทร์,Yang,Sikhoraphum,Surin
320905,32110,แตล,ศีขรภูมิ,สุรินทร์,Tlae,Sikhoraphum,Surin
320906,32110,หนองบัว,ศีขรภูมิ,สุรินทร์,Nong Bua,Sikhoraphum,Surin
320907,32110,คาละแมะ,ศีขรภูมิ,สุรินทร์,Khalamae,Sikhoraphum,Surin
320908,32110,หนองเหล็ก,ศีขรภูมิ,สุรินทร์,Nong Lek,Sikhoraphum,Surin
320909,32110,หนองขวาว,ศีขรภูมิ,สุรินทร์,Nong Khwao,Sikhoraphum,Surin
320910,32110,ช่างปี่,ศีขรภูมิ,สุรินทร์,Chang Pi,Sikhoraphum,Surin
320911,32110,กุดหวาย,ศีขรภูมิ,สุรินทร์,Kut Wai,Sikhoraphum,Surin
320912,32110,ขวาวใหญ่,ศีขรภูมิ,สุรินทร์,Khwao Yai,Sikhoraphum,Surin
320913,32110,นารุ่ง,ศีขรภูมิ,สุรินทร์,Na Rung,Sikhoraphum,Surin
320914,32110,ตรมไพร,ศีขรภูมิ,สุรินทร์,Trom Phrai,Sikhoraphum,Surin
320915,32110,ผักไหม,ศีขรภูมิ,สุรินทร์,Phak Mai,Sikhoraphum,Surin
321001,32150,สังขะ,สังขะ,สุรินทร์,Sangkha,Sangkha,Surin
321002,32150,ขอนแตก,สังขะ,สุรินทร์,Khon Taek,Sangkha,Surin
321006,32150,ดม,สังขะ,สุรินทร์,Dom,Sangkha,Surin
321007,32150,พระแก้ว,สังขะ,สุรินทร์,Phra Kaeo,Sangkha,Surin
321008,32150,บ้านจารย์,สังขะ,สุรินทร์,Ban Chan,Sangkha,Surin
321009,32150,กระเทียม,สังขะ,สุรินทร์,Krathiam,Sangkha,Surin
321010,32150,สะกาด,สังขะ,สุรินทร์,Sakat,Sangkha,Surin
321011,32150,ตาตุม,สังขะ,สุรินทร์,Tatum,Sangkha,Surin
321012,32150,ทับทัน,สังขะ,สุรินทร์,Thapthan,Sangkha,Surin
321013,32150,ตาคง,สังขะ,สุรินทร์,Ta Khong,Sangkha,Surin
321015,32150,บ้านชบ,สังขะ,สุรินทร์,Ban Chop,Sangkha,Surin
321017,32150,เทพรักษา,สังขะ,สุรินทร์,Thep Raksa,Sangkha,Surin
321101,32220,ลำดวน,ลำดวน,สุรินทร์,Lamduan,Lamduan,Surin
321102,32220,โชคเหนือ,ลำดวน,สุรินทร์,Chok Nuea,Lamduan,Surin
321103,32220,อู่โลก,ลำดวน,สุรินทร์,U Lok,Lamduan,Surin
321104,32220,ตรำดม,ลำดวน,สุรินทร์,Tramdom,Lamduan,Surin
321105,32220,ตระเปียงเตีย,ลำดวน,สุรินทร์,Trapiang Tia,Lamduan,Surin
321201,32170,สำโรงทาบ,สำโรงทาบ,สุรินทร์,Samrong Thap,Samrong Thap,Surin
321202,32170,หนองไผ่ล้อม,สำโรงทาบ,สุรินทร์,Nong Phai Lom,Samrong Thap,Surin
321203,32170,กระออม,สำโรงทาบ,สุรินทร์,Kra-Om,Samrong Thap,Surin
321204,32170,หนองฮะ,สำโรงทาบ,สุรินทร์,Nong Ha,Samrong Thap,Surin
321205,32170,ศรีสุข,สำโรงทาบ,สุรินทร์,Si Suk,Samrong Thap,Surin
321206,32170,เกาะแก้ว,สำโรงทาบ,สุรินทร์,Ko Kaeo,Samrong Thap,Surin
321207,32170,หมื่นศรี,สำโรงทาบ,สุรินทร์,Muen Si,Samrong Thap,Surin
321208,32170,เสม็จ,สำโรงทาบ,สุรินทร์,Samet,Samrong Thap,Surin
321209,32170,สะโน,สำโรงทาบ,สุรินทร์,Sano,Samrong Thap,Surin
321210,32170,ประดู่,สำโรงทาบ,สุรินทร์,Pradu,Samrong Thap,Surin
321301,32230,บัวเชด,บัวเชด,สุรินทร์,Bua Chet,Buachet,Surin
321302,32230,สะเดา,บัวเชด,สุรินทร์,Sadao,Buachet,Surin
321303,32230,จรัส,บัวเชด,สุรินทร์,Charat,Buachet,Surin
321304,32230,ตาวัง,บัวเชด,สุรินทร์,Ta Wang,Buachet,Surin
321305,32230,อาโพน,บัวเชด,สุรินทร์,A Phon,Buachet,Surin
321306,32230,สำเภาลูน,บัวเชด,สุรินทร์,Samphao Lun,Buachet,Surin
321401,32140,บักได,พนมดงรัก,สุรินทร์,Bak Dai,Phanom Dong Rak,Surin
321402,32140,โคกกลาง,พนมดงรัก,สุรินทร์,Khok Klang,Phanom Dong Rak,Surin
321403,32140,จีกแดก,พนมดงรัก,สุรินทร์,Chik Daek,Phanom Dong Rak,Surin
321404,32140,ตาเมียง,พนมดงรัก,สุรินทร์,Ta Miang,Phanom Dong Rak,Surin
321501,32150,ณรงค์,ศรีณรงค์,สุรินทร์,Narong,Si Narong,Surin
321502,32150,แจนแวน,ศรีณรงค์,สุรินทร์,Chaen Waen,Si Narong,Surin
321503,32150,ตรวจ,ศรีณรงค์,สุรินทร์,Truat,Si Narong,Surin
321504,32150,หนองแวง,ศรีณรงค์,สุรินทร์,Nong Waeng,Si Narong,Surin
321505,32150,ศรีสุข,ศรีณรงค์,สุรินทร์,Si Suk,Si Narong,Surin
321601,32000,เขวาสินรินทร์,เขวาสินรินทร์,สุรินทร์,Khewa Sinarin,Khwao Sinarin,Surin
321602,32000,บึง,เขวาสินรินทร์,สุรินทร์,Bueng,Khwao Sinarin,Surin
321603,32000,ตากูก,เขวาสินรินทร์,สุรินทร์,Ta Kuk,Khwao Sinarin,Surin
321604,32000,ปราสาททอง,เขวาสินรินทร์,สุรินทร์,Prasat Thong,Khwao Sinarin,Surin
321605,32000,บ้านแร่,เขวาสินรินทร์,สุรินทร์,Ban Rae,Khwao Sinarin,Surin
321701,32130,หนองหลวง,โนนนารายณ์,สุรินทร์,Nong Luang,Non Narai,Surin
321702,32130,คำผง,โนนนารายณ์,สุรินทร์,Kham Phong,Non Narai,Surin
321703,32130,โนน,โนนนารายณ์,สุรินทร์,Non,Non Narai,Surin
321704,32130,ระเวียง,โนนนารายณ์,สุรินทร์,Rawiang,Non Narai,Surin
321705,32130,หนองเทพ,โนนนารายณ์,สุรินทร์,Nong Thep,Non Narai,Surin
330101,33000,เมืองเหนือ,เมืองศรีสะเกษ,ศรีสะเกษ,Mueang Nuea,Mueang Si Sa Ket,Si Sa Ket
330102,33000,เมืองใต้,เมืองศรีสะเกษ,ศรีสะเกษ,Mueang Tai,Mueang Si Sa Ket,Si Sa Ket
330103,33000,คูซอด,เมืองศรีสะเกษ,ศรีสะเกษ,Khu Sot,Mueang Si Sa Ket,Si Sa Ket
330104,33000,ซำ,เมืองศรีสะเกษ,ศรีสะเกษ,Sam,Mueang Si Sa Ket,Si Sa Ket
330105,33000,จาน,เมืองศรีสะเกษ,ศรีสะเกษ,Chan,Mueang Si Sa Ket,Si Sa Ket
330106,33000,ตะดอบ,เมืองศรีสะเกษ,ศรีสะเกษ,Tadop,Mueang Si Sa Ket,Si Sa Ket
330107,33000,หนองครก,เมืองศรีสะเกษ,ศรีสะเกษ,Nong Khrok,Mueang Si Sa Ket,Si Sa Ket
330111,33000,โพนข่า,เมืองศรีสะเกษ,ศรีสะเกษ,Phon Kha,Mueang Si Sa Ket,Si Sa Ket
330112,33000,โพนค้อ,เมืองศรีสะเกษ,ศรีสะเกษ,Phon Kho,Mueang Si Sa Ket,Si Sa Ket
330115,33000,โพนเขวา,เมืองศรีสะเกษ,ศรีสะเกษ,Phon Khwao,Mueang Si Sa Ket,Si Sa Ket
330116,33000,หญ้าปล้อง,เมืองศรีสะเกษ,ศรีสะเกษ,Ya Plong,Mueang Si Sa Ket,Si Sa Ket
330118,33000,ทุ่ม,เมืองศรีสะเกษ,ศรีสะเกษ,Thum,Mueang Si Sa Ket,Si Sa Ket
330119,33000,หนองไฮ,เมืองศรีสะเกษ,ศรีสะเกษ,Nong Hai,Mueang Si Sa Ket,Si Sa Ket
330121,33000,หนองแก้ว,เมืองศรีสะเกษ,ศรีสะเกษ,Nong Kaeo,Mueang Si Sa Ket,Si Sa Ket
330122,33000,น้ำคำ,เมืองศรีสะเกษ,ศรีสะเกษ,Nam Kham,Mueang Si Sa Ket,Si Sa Ket
330123,33000,โพธิ์,เมืองศรีสะเกษ,ศรีสะเกษ,Pho,Mueang Si Sa Ket,Si Sa Ket
330124,33000,หมากเขียบ,เมืองศรีสะเกษ,ศรีสะเกษ,Mak Khiap,Mueang Si Sa Ket,Si Sa Ket
330127,33000,หนองไผ่,เมืองศรีสะเกษ,ศรีสะเกษ,Nong Phai,Mueang Si Sa Ket,Si Sa Ket
330201,33190,ยางชุมน้อย,ยางชุมน้อย,ศรีสะเกษ,Yang Chum Noi,Yang Chum Noi,Si Sa Ket
330202,33190,ลิ้นฟ้า,ยางชุมน้อย,ศรีสะเกษ,Lin Fa,Yang Chum Noi,Si Sa Ket
330203,33190,คอนกาม,ยางชุมน้อย,ศรีสะเกษ,Khon Kam,Yang Chum Noi,Si Sa Ket
330204,33190,โนนคูณ,ยางชุมน้อย,ศรีสะเกษ,Non Khun,Yang Chum Noi,Si Sa Ket
330205,33190,กุดเมืองฮาม,ยางชุมน้อย,ศรีสะเกษ,Kut Mueang Ham,Yang Chum Noi,Si Sa Ket
330206,33190,บึงบอน,ยางชุมน้อย,ศรีสะเกษ,Bueng Bon,Yang Chum Noi,Si Sa Ket
330207,33190,ยางชุมใหญ่,ยางชุมน้อย,ศรีสะเกษ,Yang Chum Yai,Yang Chum Noi,Si Sa Ket
330301,33130,ดูน,กันทรารมย์,ศรีสะเกษ,Dun,Kanthararom,Si Sa Ket
330302,33130,โนนสัง,กันทรารมย์,ศรีสะเกษ,Non Sang,Kanthararom,Si Sa Ket
330303,33130,หนองหัวช้าง,กันทรารมย์,ศรีสะเกษ,Nong Hua Chang,Kanthararom,Si Sa Ket
330304,33130,ยาง,กันทรารมย์,ศรีสะเกษ,Yang,Kanthararom,Si Sa Ket
330305,33130,หนองแวง,กันทรารมย์,ศรีสะเกษ,Nong Waeng,Kanthararom,Si Sa Ket
330306,33130,หนองแก้ว,กันทรารมย์,ศรีสะเกษ,Nong Kaeo,Kanthararom,Si Sa Ket
330307,33130,ทาม,กันทรารมย์,ศรีสะเกษ,Tham,Kanthararom,Si Sa Ket
330308,33130,ละทาย,กันทรารมย์,ศรีสะเกษ,Lathai,Kanthararom,Si Sa Ket
330309,33130,เมืองน้อย,กันทรารมย์,ศรีสะเกษ,Mueang Noi,Kanthararom,Si Sa Ket
330310,33130,อีปาด,กันทรารมย์,ศรีสะเกษ,I Pat,Kanthararom,Si Sa Ket
330311,33130,บัวน้อย,กันทรารมย์,ศรีสะเกษ,Bua Noi,Kanthararom,Si Sa Ket
330312,33130,หนองบัว,กันทรารมย์,ศรีสะเกษ,Nong Bua,Kanthararom,Si Sa Ket
330313,33130,ดู่,กันทรารมย์,ศรีสะเกษ,Du,Kanthararom,Si Sa Ket
330314,33130,ผักแพว,กันทรารมย์,ศรีสะเกษ,Phak Phaeo,Kanthararom,Si Sa Ket
330315,33130,จาน,กันทรารมย์,ศรีสะเกษ,Chan,Kanthararom,Si Sa Ket
330320,33130,คำเนียม,กันทรารมย์,ศรีสะเกษ,Kham Niam,Kanthararom,Si Sa Ket
330401,33110,บึงมะลู,กันทรลักษ์,ศรีสะเกษ,Bueng Malu,Kantharalak,Si Sa Ket
330402,33110,กุดเสลา,กันทรลักษ์,ศรีสะเกษ,Kut Salao,Kantharalak,Si Sa Ket
330403,33110,เมือง,กันทรลักษ์,ศรีสะเกษ,Mueang,Kantharalak,Si Sa Ket
330405,33110,สังเม็ก,กันทรลักษ์,ศรีสะเกษ,Sang Mek,Kantharalak,Si Sa Ket
330406,33110,น้ำอ้อม,กันทรลักษ์,ศรีสะเกษ,Nam Om,Kantharalak,Si Sa Ket
330407,33110,ละลาย,กันทรลักษ์,ศรีสะเกษ,Lalai,Kantharalak,Si Sa Ket
330408,33110,รุง,กันทรลักษ์,ศรีสะเกษ,Rung,Kantharalak,Si Sa Ket
330409,33110,ตระกาจ,กันทรลักษ์,ศรีสะเกษ,Trakat,Kantharalak,Si Sa Ket
330411,33110,จานใหญ่,กันทรลักษ์,ศรีสะเกษ,Chan Yai,Kantharalak,Si Sa Ket
330412,33110,ภูเงิน,กันทรลักษ์,ศรีสะเกษ,Phu Ngoen,Kantharalak,Si Sa Ket
330413,33110,ชำ,กันทรลักษ์,ศรีสะเกษ,Cham,Kantharalak,Si Sa Ket
330414,33110,กระแชง,กันทรลักษ์,ศรีสะเกษ,Krachaeng,Kantharalak,Si Sa Ket
330415,33110,โนนสำราญ,กันทรลักษ์,ศรีสะเกษ,Non Samran,Kantharalak,Si Sa Ket
330416,33110,หนองหญ้าลาด,กันทรลักษ์,ศรีสะเกษ,Nong Ya Lat,Kantharalak,Si Sa Ket
330419,33110,เสาธงชัย,กันทรลักษ์,ศรีสะเกษ,Sao Thong Chai,Kantharalak,Si Sa Ket
330420,33110,ขนุน,กันทรลักษ์,ศรีสะเกษ,Khanun,Kantharalak,Si Sa Ket
330421,33110,สวนกล้วย,กันทรลักษ์,ศรีสะเกษ,Suan Kluai,Kantharalak,Si Sa Ket
330423,33110,เวียงเหนือ,กันทรลักษ์,ศรีสะเกษ,Wiang Nuea,Kantharalak,Si Sa Ket
330424,33110,ทุ่งใหญ่,กันทรลักษ์,ศรีสะเกษ,Thung Yai,Kantharalak,Si Sa Ket
330425,33110,ภูผาหมอก,กันทรลักษ์,ศรีสะเกษ,Phu Pha Mok,Kantharalak,Si Sa Ket
330501,33140,กันทรารมย์,ขุขันธ์,ศรีสะเกษ,Kanthararom,Khukhan,Si Sa Ket
330502,33140,จะกง,ขุขันธ์,ศรีสะเกษ,Cha Kong,Khukhan,Si Sa Ket
330503,33140,ใจดี,ขุขันธ์,ศรีสะเกษ,Chai Di,Khukhan,Si Sa Ket
330504,33140,ดองกำเม็ด,ขุขันธ์,ศรีสะเกษ,Dong Kammet,Khukhan,Si Sa Ket
330505,33140,โสน,ขุขันธ์,ศรีสะเกษ,Sano,Khukhan,Si Sa Ket
330506,33140,ปรือใหญ่,ขุขันธ์,ศรีสะเกษ,Prue Yai,Khukhan,Si Sa Ket
330507,33140,สะเดาใหญ่,ขุขันธ์,ศรีสะเกษ,Sadao Yai,Khukhan,Si Sa Ket
330508,33140,ตาอุด,ขุขันธ์,ศรีสะเกษ,Ta Ut,Khukhan,Si Sa Ket
330509,33140,ห้วยเหนือ,ขุขันธ์,ศรีสะเกษ,Huai Nuea,Khukhan,Si Sa Ket
330510,33140,ห้วยใต้,ขุขันธ์,ศรีสะเกษ,Huai Tai,Khukhan,Si Sa Ket
330511,33140,หัวเสือ,ขุขันธ์,ศรีสะเกษ,Hua Suea,Khukhan,Si Sa Ket
330513,33140,ตะเคียน,ขุขันธ์,ศรีสะเกษ,Takhian,Khukhan,Si Sa Ket
330515,33140,นิคมพัฒนา,ขุขันธ์,ศรีสะเกษ,Nikhom Phatthana,Khukhan,Si Sa Ket
330517,33140,โคกเพชร,ขุขันธ์,ศรีสะเกษ,Khok Phet,Khukhan,Si Sa Ket
330518,33140,ปราสาท,ขุขันธ์,ศรีสะเกษ,Prasat,Khukhan,Si Sa Ket
330521,33140,สำโรงตาเจ็น,ขุขันธ์,ศรีสะเกษ,Samrong Ta Chen,Khukhan,Si Sa Ket
330522,33140,ห้วยสำราญ,ขุขันธ์,ศรีสะเกษ,Huai Samran,Khukhan,Si Sa Ket
330524,33140,กฤษณา,ขุขันธ์,ศรีสะเกษ,Kritsana,Khukhan,Si Sa Ket
330525,33140,ลมศักดิ์,ขุขันธ์,ศรีสะเกษ,Lom Sak,Khukhan,Si Sa Ket
330526,33140,หนองฉลอง,ขุขันธ์,ศรีสะเกษ,Nong Chalong,Khukhan,Si Sa Ket
330527,33140,ศรีตระกูล,ขุขันธ์,ศรีสะเกษ,Si Trakun,Khukhan,Si Sa Ket
330528,33140,ศรีสะอาด,ขุขันธ์,ศรีสะเกษ,Si Sa-At,Khukhan,Si Sa Ket
330601,33180,ไพรบึง,ไพรบึง,ศรีสะเกษ,Phrai Bueng,Phrai Bueng,Si Sa Ket
330602,33180,ดินแดง,ไพรบึง,ศรีสะเกษ,Din Daeng,Phrai Bueng,Si Sa Ket
330603,33180,ปราสาทเยอ,ไพรบึง,ศรีสะเกษ,Prasat Yoe,Phrai Bueng,Si Sa Ket
330604,33180,สำโรงพลัน,ไพรบึง,ศรีสะเกษ,Samrong Phlan,Phrai Bueng,Si Sa Ket
330605,33180,สุขสวัสดิ์,ไพรบึง,ศรีสะเกษ,Suk Sawat,Phrai Bueng,Si Sa Ket
330606,33180,โนนปูน,ไพรบึง,ศรีสะเกษ,Non Pun,Phrai Bueng,Si Sa Ket
330701,33170,พิมาย,ปรางค์กู่,ศรีสะเกษ,Phimai,Prang Ku,Si Sa Ket
330702,33170,กู่,ปรางค์กู่,ศรีสะเกษ,Ku,Prang Ku,Si Sa Ket
330703,33170,หนองเชียงทูน,ปรางค์กู่,ศรีสะเกษ,Nong Chiang Thun,Prang Ku,Si Sa Ket
330704,33170,ตูม,ปรางค์กู่,ศรีสะเกษ,Tum,Prang Ku,Si Sa Ket
330705,33170,สมอ,ปรางค์กู่,ศรีสะเกษ,Samo,Prang Ku,Si Sa Ket
330706,33170,โพธิ์ศรี,ปรางค์กู่,ศรีสะเกษ,Pho Si,Prang Ku,Si Sa Ket
330707,33170,สำโรงปราสาท,ปรางค์กู่,ศรีสะเกษ,Samrong Prasat,Prang Ku,Si Sa Ket
330708,33170,ดู่,ปรางค์กู่,ศรีสะเกษ,Du,Prang Ku,Si Sa Ket
330709,33170,สวาย,ปรางค์กู่,ศรีสะเกษ,Sawat,Prang Ku,Si Sa Ket
330710,33170,พิมายเหนือ,ปรางค์กู่,ศรีสะเกษ,Phimai Nuea,Prang Ku,Si Sa Ket
330801,33150,สิ,ขุนหาญ,ศรีสะเกษ,Si,Khun Han,Si Sa Ket
330802,33150,บักดอง,ขุนหาญ,ศรีสะเกษ,Bak Dong,Khun Han,Si Sa Ket
330803,33150,พราน,ขุนหาญ,ศรีสะเกษ,Phran,Khun Han,Si Sa Ket
330804,33150,โพธิ์วงศ์,ขุนหาญ,ศรีสะเกษ,Pho Wong,Khun Han,Si Sa Ket
330805,33150,ไพร,ขุนหาญ,ศรีสะเกษ,Phrai,Khun Han,Si Sa Ket
330806,33150,กระหวัน,ขุนหาญ,ศรีสะเกษ,Krawan,Khun Han,Si Sa Ket
330807,33150,ขุนหาญ,ขุนหาญ,ศรีสะเกษ,Khun Han,Khun Han,Si Sa Ket
330808,33150,โนนสูง,ขุนหาญ,ศรีสะเกษ,Non Sung,Khun Han,Si Sa Ket
330809,33150,กันทรอม,ขุนหาญ,ศรีสะเกษ,Kan Throm,Khun Han,Si Sa Ket
330810,33150,ภูฝ้าย,ขุนหาญ,ศรีสะเกษ,Phu Fai,Khun Han,Si Sa Ket
330811,33150,โพธิ์กระสังข์,ขุนหาญ,ศรีสะเกษ,Pho Krasang,Khun Han,Si Sa Ket
330812,33150,ห้วยจันทร์,ขุนหาญ,ศรีสะเกษ,Huai Chan,Khun Han,Si Sa Ket
330901,33160,เมืองคง,ราษีไศล,ศรีสะเกษ,Mueang Khong,Rasi Salai,Si Sa Ket
330902,33160,เมืองแคน,ราษีไศล,ศรีสะเกษ,Mueang Khaen,Rasi Salai,Si Sa Ket
330903,33160,หนองแค,ราษีไศล,ศรีสะเกษ,Nong Khae,Rasi Salai,Si Sa Ket
330906,33160,จิกสังข์ทอง,ราษีไศล,ศรีสะเกษ,Chik Sang Thong,Rasi Salai,Si Sa Ket
330907,33160,ด่าน,ราษีไศล,ศรีสะเกษ,Dan,Rasi Salai,Si Sa Ket
330908,33160,ดู่,ราษีไศล,ศรีสะเกษ,Du,Rasi Salai,Si Sa Ket
330909,33160,หนองอึ่ง,ราษีไศล,ศรีสะเกษ,Nong Ueng,Rasi Salai,Si Sa Ket
330910,33160,บัวหุ่ง,ราษีไศล,ศรีสะเกษ,Bua Hung,Rasi Salai,Si Sa Ket
330911,33160,ไผ่,ราษีไศล,ศรีสะเกษ,Phai,Rasi Salai,Si Sa Ket
330912,33160,ส้มป่อย,ราษีไศล,ศรีสะเกษ,Som Poi,Rasi Salai,Si Sa Ket
330913,33160,หนองหมี,ราษีไศล,ศรีสะเกษ,Nong Mi,Rasi Salai,Si Sa Ket
330914,33160,หว้านคำ,ราษีไศล,ศรีสะเกษ,Wan Kham,Rasi Salai,Si Sa Ket
330915,33160,สร้างปี่,ราษีไศล,ศรีสะเกษ,Sang Pi,Rasi Salai,Si Sa Ket
331001,33120,กำแพง,อุทุมพรพิสัย,ศรีสะเกษ,Kamphaeng,Uthumphon Phisai,Si Sa Ket
331002,33120,อี่หล่ำ,อุทุมพรพิสัย,ศรีสะเกษ,I Lam,Uthumphon Phisai,Si Sa Ket
331003,33120,ก้านเหลือง,อุทุมพรพิสัย,ศรีสะเกษ,Kan Lueang,Uthumphon Phisai,Si Sa Ket
331004,33120,ทุ่งไชย,อุทุมพรพิสัย,ศรีสะเกษ,Thung Chai,Uthumphon Phisai,Si Sa Ket
331005,33120,สำโรง,อุทุมพรพิสัย,ศรีสะเกษ,Samrong,Uthumphon Phisai,Si Sa Ket
331006,33120,แขม,อุทุมพรพิสัย,ศรีสะเกษ,Khaem,Uthumphon Phisai,Si Sa Ket
331007,33120,หนองไฮ,อุทุมพรพิสัย,ศรีสะเกษ,Nong Hai,Uthumphon Phisai,Si Sa Ket
331008,33120,ขะยูง,อุทุมพรพิสัย,ศรีสะเกษ,Khayung,Uthumphon Phisai,Si Sa Ket
331010,33120,ตาเกษ,อุทุมพรพิสัย,ศรีสะเกษ,Ta Kat,Uthumphon Phisai,Si Sa Ket
331011,33120,หัวช้าง,อุทุมพรพิสัย,ศรีสะเกษ,Hua Chang,Uthumphon Phisai,Si Sa Ket
331012,33120,รังแร้ง,อุทุมพรพิสัย,ศรีสะเกษ,Rang Raeng,Uthumphon Phisai,Si Sa Ket
331014,33120,แต้,อุทุมพรพิสัย,ศรีสะเกษ,Tae,Uthumphon Phisai,Si Sa Ket
331015,33120,แข้,อุทุมพรพิสัย,ศรีสะเกษ,Khae,Uthumphon Phisai,Si Sa Ket
331016,33120,โพธิ์ชัย,อุทุมพรพิสัย,ศรีสะเกษ,Pho Chai,Uthumphon Phisai,Si Sa Ket
331017,33120,ปะอาว,อุทุมพรพิสัย,ศรีสะเกษ,Pa-Ao,Uthumphon Phisai,Si Sa Ket
331018,33120,หนองห้าง,อุทุมพรพิสัย,ศรีสะเกษ,Nong Hang,Uthumphon Phisai,Si Sa Ket
331022,33120,สระกำแพงใหญ่,อุทุมพรพิสัย,ศรีสะเกษ,Sa Kamphaeng Yai,Uthumphon Phisai,Si Sa Ket
331024,33120,โคกหล่าม,อุทุมพรพิสัย,ศรีสะเกษ,Khok Lam,Uthumphon Phisai,Si Sa Ket
331025,33120,โคกจาน,อุทุมพรพิสัย,ศรีสะเกษ,Khok Chan,Uthumphon Phisai,Si Sa Ket
331101,33220,เป๊าะ,บึงบูรพ์,ศรีสะเกษ,Po,Bueng Bun,Si Sa Ket
331102,33220,บึงบูรพ์,บึงบูรพ์,ศรีสะเกษ,Bueng Bun,Bueng Bun,Si Sa Ket
331201,33210,ห้วยทับทัน,ห้วยทับทัน,ศรีสะเกษ,Huai Thapthan,Huai Thap Than,Si Sa Ket
331202,33210,เมืองหลวง,ห้วยทับทัน,ศรีสะเกษ,Mueang Luang,Huai Thap Than,Si Sa Ket
331203,33210,กล้วยกว้าง,ห้วยทับทัน,ศรีสะเกษ,Kluai Kwang,Huai Thap Than,Si Sa Ket
331204,33210,ผักไหม,ห้วยทับทัน,ศรีสะเกษ,Phak Mai,Huai Thap Than,Si Sa Ket
331205,33210,จานแสนไชย,ห้วยทับทัน,ศรีสะเกษ,Chan Saen Chai,Huai Thap Than,Si Sa Ket
331206,33210,ปราสาท,ห้วยทับทัน,ศรีสะเกษ,Prasat,Huai Thap Than,Si Sa Ket
331301,33250,โนนค้อ,โนนคูณ,ศรีสะเกษ,Non Kho,Non Khun,Si Sa Ket
331302,33250,บก,โนนคูณ,ศรีสะเกษ,Bok,Non Khun,Si Sa Ket
331303,33250,โพธิ์,โนนคูณ,ศรีสะเกษ,Pho,Non Khun,Si Sa Ket
331304,33250,หนองกุง,โนนคูณ,ศรีสะเกษ,Nong Kung,Non Khun,Si Sa Ket
331305,33250,เหล่ากวาง,โนนคูณ,ศรีสะเกษ,Lao Kwang,Non Khun,Si Sa Ket
331401,33240,ศรีแก้ว,ศรีรัตนะ,ศรีสะเกษ,Si Kaeo,Si Rattana,Si Sa Ket
331402,33240,พิงพวย,ศรีรัตนะ,ศรีสะเกษ,Phing Phuai,Si Rattana,Si Sa Ket
331403,33240,สระเยาว์,ศรีรัตนะ,ศรีสะเกษ,Sa Yao,Si Rattana,Si Sa Ket
331404,33240,ตูม,ศรีรัตนะ,ศรีสะเกษ,Tum,Si Rattana,Si Sa Ket
331405,33240,เสื่องข้าว,ศรีรัตนะ,ศรีสะเกษ,Sueang Khao,Si Rattana,Si Sa Ket
331406,33240,ศรีโนนงาม,ศรีรัตนะ,ศรีสะเกษ,Si Non Ngam,Si Rattana,Si Sa Ket
331407,33240,สะพุง,ศรีรัตนะ,ศรีสะเกษ,Saphung,Si Rattana,Si Sa Ket
331501,33130,น้ำเกลี้ยง,น้ำเกลี้ยง,ศรีสะเกษ,Nam Kliang,Nam Kliang,Si Sa Ket
331502,33130,ละเอาะ,น้ำเกลี้ยง,ศรีสะเกษ,La-O,Nam Kliang,Si Sa Ket
331503,33130,ตองปิด,น้ำเกลี้ยง,ศรีสะเกษ,Tong Pit,Nam Kliang,Si Sa Ket
331504,33130,เขิน,น้ำเกลี้ยง,ศรีสะเกษ,Khoen,Nam Kliang,Si Sa Ket
331505,33130,รุ่งระวี,น้ำเกลี้ยง,ศรีสะเกษ,Rung Rawi,Nam Kliang,Si Sa Ket
331506,33130,คูบ,น้ำเกลี้ยง,ศรีสะเกษ,Khup,Nam Kliang,Si Sa Ket
331601,33270,บุสูง,วังหิน,ศรีสะเกษ,Bu Sung,Wang Hin,Si Sa Ket
331602,33270,ธาตุ,วังหิน,ศรีสะเกษ,That,Wang Hin,Si Sa Ket
331603,33270,ดวนใหญ่,วังหิน,ศรีสะเกษ,Duan Yai,Wang Hin,Si Sa Ket
331604,33270,บ่อแก้ว,วังหิน,ศรีสะเกษ,Bo Kaeo,Wang Hin,Si Sa Ket
331605,33270,ศรีสำราญ,วังหิน,ศรีสะเกษ,Si Samran,Wang Hin,Si Sa Ket
331606,33270,ทุ่งสว่าง,วังหิน,ศรีสะเกษ,Thung Sawang,Wang Hin,Si Sa Ket
331607,33270,วังหิน,วังหิน,ศรีสะเกษ,Wang Hin,Wang Hin,Si Sa Ket
331608,33270,โพนยาง,วังหิน,ศรีสะเกษ,Phon Yang,Wang Hin,Si Sa Ket
331701,33140,โคกตาล,ภูสิงห์,ศรีสะเกษ,Khok Tan,Phu Sing,Si Sa Ket
331702,33140,ห้วยตามอญ,ภูสิงห์,ศรีสะเกษ,Huai Ta Mon,Phu Sing,Si Sa Ket
331703,33140,ห้วยตึ๊กชู,ภูสิงห์,ศรีสะเกษ,Huai Tuek Chu,Phu Sing,Si Sa Ket
331704,33140,ละลม,ภูสิงห์,ศรีสะเกษ,Lalom,Phu Sing,Si Sa Ket
331705,33140,ตะเคียนราม,ภูสิงห์,ศรีสะเกษ,Takhian Ram,Phu Sing,Si Sa Ket
331706,33140,ดงรัก,ภูสิงห์,ศรีสะเกษ,Dong Rak,Phu Sing,Si Sa Ket
331707,33140,ไพรพัฒนา,ภูสิงห์,ศรีสะเกษ,Phrai Phatthana,Phu Sing,Si Sa Ket
331801,33120,เมืองจันทร์,เมืองจันทร์,ศรีสะเกษ,Mueang Chan,Mueang Chan,Si Sa Ket
331802,33120,ตาโกน,เมืองจันทร์,ศรีสะเกษ,Ta Kon,Mueang Chan,Si Sa Ket
331803,33120,หนองใหญ่,เมืองจันทร์,ศรีสะเกษ,Nong Yai,Mueang Chan,Si Sa Ket
331901,33110,เสียว,เบญจลักษ์,ศรีสะเกษ,Siao,Benchalak,Si Sa Ket
331902,33110,หนองหว้า,เบญจลักษ์,ศรีสะเกษ,Nong Wa,Benchalak,Si Sa Ket
331903,33110,หนองงูเหลือม,เบญจลักษ์,ศรีสะเกษ,Nong Ngu Lueam,Benchalak,Si Sa Ket
331904,33110,หนองฮาง,เบญจลักษ์,ศรีสะเกษ,Nong Hang,Benchalak,Si Sa Ket
331905,33110,ท่าคล้อ,เบญจลักษ์,ศรีสะเกษ,Tha Khlo,Benchalak,Si Sa Ket
332001,33230,พยุห์,พยุห์,ศรีสะเกษ,Phayu,Phayu,Si Sa Ket
332002,33230,พรหมสวัสดิ์,พยุห์,ศรีสะเกษ,Phrom Sawat,Phayu,Si Sa Ket
332003,33230,ตำแย,พยุห์,ศรีสะเกษ,Tamyae,Phayu,Si Sa Ket
332004,33230,โนนเพ็ก,พยุห์,ศรีสะเกษ,Non Phek,Phayu,Si Sa Ket
332005,33230,หนองค้า,พยุห์,ศรีสะเกษ,Nong Kha,Phayu,Si Sa Ket
332101,33120,โดด,โพธิ์ศรีสุวรรณ,ศรีสะเกษ,Dot,Pho Si Suwan,Si Sa Ket
332102,33120,เสียว,โพธิ์ศรีสุวรรณ,ศรีสะเกษ,Siao,Pho Si Suwan,Si Sa Ket
332103,33120,หนองม้า,โพธิ์ศรีสุวรรณ,ศรีสะเกษ,Nong Ma,Pho Si Suwan,Si Sa Ket
332104,33120,ผือใหญ่,โพธิ์ศรีสุวรรณ,ศรีสะเกษ,Phue Yai,Pho Si Suwan,Si Sa Ket
332105,33120,อีเซ,โพธิ์ศรีสุวรรณ,ศรีสะเกษ,I Se,Pho Si Suwan,Si Sa Ket
332201,33160,กุง,ศิลาลาด,ศรีสะเกษ,Kung,Sila Lat,Si Sa Ket
332202,33160,คลีกลิ้ง,ศิลาลาด,ศรีสะเกษ,Khli Kling,Sila Lat,Si Sa Ket
332203,33160,หนองบัวดง,ศิลาลาด,ศรีสะเกษ,Nong Bua Dong,Sila Lat,Si Sa Ket
332204,33160,โจดม่วง,ศิลาลาด,ศรีสะเกษ,Chot Muang,Sila Lat,Si Sa Ket
340101,34000,ในเมือง,เมืองอุบลราชธานี,อุบลราชธานี,Nai Mueang,Mueang Ubon Ratchathani,Ubon Ratchathani
340104,34000,หัวเรือ,เมืองอุบลราชธานี,อุบลราชธานี,Hua Ruea,Mueang Ubon Ratchathani,Ubon Ratchathani
340105,34000,หนองขอน,เมืองอุบลราชธานี,อุบลราชธานี,Nong Khon,Mueang Ubon Ratchathani,Ubon Ratchathani
340107,34000,ปทุม,เมืองอุบลราชธานี,อุบลราชธานี,Pathum,Mueang Ubon Ratchathani,Ubon Ratchathani
340108,34000,ขามใหญ่,เมืองอุบลราชธานี,อุบลราชธานี,Kham Yai,Mueang Ubon Ratchathani,Ubon Ratchathani
340109,34000,แจระแม,เมืองอุบลราชธานี,อุบลราชธานี,Chaeramae,Mueang Ubon Ratchathani,Ubon Ratchathani
340111,34000,หนองบ่อ,เมืองอุบลราชธานี,อุบลราชธานี,Nong Bo,Mueang Ubon Ratchathani,Ubon Ratchathani
340112,34000,ไร่น้อย,เมืองอุบลราชธานี,อุบลราชธานี,Rai Noi,Mueang Ubon Ratchathani,Ubon Ratchathani
340113,34000,กระโสบ,เมืองอุบลราชธานี,อุบลราชธานี,Krasop,Mueang Ubon Ratchathani,Ubon Ratchathani
340116,34000,กุดลาด,เมืองอุบลราชธานี,อุบลราชธานี,Kut Lat,Mueang Ubon Ratchathani,Ubon Ratchathani
340119,34000,ขี้เหล็ก,เมืองอุบลราชธานี,อุบลราชธานี,Khi Lek,Mueang Ubon Ratchathani,Ubon Ratchathani
340120,34000,ปะอาว,เมืองอุบลราชธานี,อุบลราชธานี,Pa-Ao,Mueang Ubon Ratchathani,Ubon Ratchathani
340201,34250,นาคำ,ศรีเมืองใหม่,อุบลราชธานี,Na Kham,Si Mueang Mai,Ubon Ratchathani
340202,34250,แก้งกอก,ศรีเมืองใหม่,อุบลราชธานี,Kaeng Kok,Si Mueang Mai,Ubon Ratchathani
340203,34250,เอือดใหญ่,ศรีเมืองใหม่,อุบลราชธานี,Ueat Yai,Si Mueang Mai,Ubon Ratchathani
340204,34250,วาริน,ศรีเมืองใหม่,อุบลราชธานี,Warin,Si Mueang Mai,Ubon Ratchathani
340205,34250,ลาดควาย,ศรีเมืองใหม่,อุบลราชธานี,Lat Khwai,Si Mueang Mai,Ubon Ratchathani
340206,34250,สงยาง,ศรีเมืองใหม่,อุบลราชธานี,Song Yang,Si Mueang Mai,Ubon Ratchathani
340207,34250,ตะบ่าย,ศรีเมืองใหม่,อุบลราชธานี,Tabai,Si Mueang Mai,Ubon Ratchathani
340208,34250,คำไหล,ศรีเมืองใหม่,อุบลราชธานี,Kham Lai,Si Mueang Mai,Ubon Ratchathani
340209,34250,หนามแท่ง,ศรีเมืองใหม่,อุบลราชธานี,Nam Thaeng,Si Mueang Mai,Ubon Ratchathani
340210,34250,นาเลิน,ศรีเมืองใหม่,อุบลราชธานี,Na Loen,Si Mueang Mai,Ubon Ratchathani
340211,34250,ดอนใหญ่,ศรีเมืองใหม่,อุบลราชธานี,Don Yai,Si Mueang Mai,Ubon Ratchathani
340301,34220,โขงเจียม,โขงเจียม,อุบลราชธานี,Khong Chiam,Khong Chiam,Ubon Ratchathani
340302,34220,ห้วยยาง,โขงเจียม,อุบลราชธานี,Huai Yang,Khong Chiam,Ubon Ratchathani
340303,34220,นาโพธิ์กลาง,โขงเจียม,อุบลราชธานี,Na Pho Klang,Khong Chiam,Ubon Ratchathani
340304,34220,หนองแสงใหญ่,โขงเจียม,อุบลราชธานี,Nong Saeng Yai,Khong Chiam,Ubon Ratchathani
340305,34220,ห้วยไผ่,โขงเจียม,อุบลราชธานี,Huai Phai,Khong Chiam,Ubon Ratchathani
340401,34150,เขื่องใน,เขื่องใน,อุบลราชธานี,Khueang Nai,Khueang Nai,Ubon Ratchathani
340402,34150,สร้างถ่อ,เขื่องใน,อุบลราชธานี,Sang Tho,Khueang Nai,Ubon Ratchathani
340403,34150,ค้อทอง,เขื่องใน,อุบลราชธานี,Kho Thong,Khueang Nai,Ubon Ratchathani
340404,34150,ก่อเอ้,เขื่องใน,อุบลราชธานี,Ko-E,Khueang Nai,Ubon Ratchathani
340405,34150,หัวดอน,เขื่องใน,อุบลราชธานี,Hua Don,Khueang Nai,Ubon Ratchathani
340406,34150,ชีทวน,เขื่องใน,อุบลราชธานี,Chi Tuan,Khueang Nai,Ubon Ratchathani
340407,34150,ท่าไห,เขื่องใน,อุบลราชธานี,Tha Hai,Khueang Nai,Ubon Ratchathani
340408,34150,นาคำใหญ่,เขื่องใน,อุบลราชธานี,Na Kham Yai,Khueang Nai,Ubon Ratchathani
340409,34150,แดงหม้อ,เขื่องใน,อุบลราชธานี,Daeng Mo,Khueang Nai,Ubon Ratchathani
340410,34150,ธาตุน้อย,เขื่องใน,อุบลราชธานี,That Noi,Khueang Nai,Ubon Ratchathani
340411,34320,บ้านไทย,เขื่องใน,อุบลราชธานี,Ban Thai,Khueang Nai,Ubon Ratchathani
340412,34320,บ้านกอก,เขื่องใน,อุบลราชธานี,Ban Kok,Khueang Nai,Ubon Ratchathani
340413,34320,กลางใหญ่,เขื่องใน,อุบลราชธานี,Klang Yai,Khueang Nai,Ubon Ratchathani
340414,34320,โนนรัง,เขื่องใน,อุบลราชธานี,Non Rang,Khueang Nai,Ubon Ratchathani
340415,34150,ยางขี้นก,เขื่องใน,อุบลราชธานี,Yang Khi Nok,Khueang Nai,Ubon Ratchathani
340416,34150,ศรีสุข,เขื่องใน,อุบลราชธานี,Si Suk,Khueang Nai,Ubon Ratchathani
340417,34150,สหธาตุ,เขื่องใน,อุบลราชธานี,Sahathat,Khueang Nai,Ubon Ratchathani
340418,34150,หนองเหล่า,เขื่องใน,อุบลราชธานี,Nong Lao,Khueang Nai,Ubon Ratchathani
340501,34170,เขมราฐ,เขมราฐ,อุบลราชธานี,Khemarat,Khemarat,Ubon Ratchathani
340503,34170,ขามป้อม,เขมราฐ,อุบลราชธานี,Kham Pom,Khemarat,Ubon Ratchathani
340504,34170,เจียด,เขมราฐ,อุบลราชธานี,Chiat,Khemarat,Ubon Ratchathani
340507,34170,หนองผือ,เขมราฐ,อุบลราชธานี,Nong Phue,Khemarat,Ubon Ratchathani
340508,34170,นาแวง,เขมราฐ,อุบลราชธานี,Na Waeng,Khemarat,Ubon Ratchathani
340510,34170,แก้งเหนือ,เขมราฐ,อุบลราชธานี,Kaeng Nuea,Khemarat,Ubon Ratchathani
340511,34170,หนองนกทา,เขมราฐ,อุบลราชธานี,Nong Nok Tha,Khemarat,Ubon Ratchathani
340512,34170,หนองสิม,เขมราฐ,อุบลราชธานี,Nong Sim,Khemarat,Ubon Ratchathani
340513,34170,หัวนา,เขมราฐ,อุบลราชธานี,Hua Na,Khemarat,Ubon Ratchathani
340701,34160,เมืองเดช,เดชอุดม,อุบลราชธานี,Mueang Det,Det Udom,Ubon Ratchathani
340702,34160,นาส่วง,เดชอุดม,อุบลราชธานี,Na Suang,Det Udom,Ubon Ratchathani
340704,34160,นาเจริญ,เดชอุดม,อุบลราชธานี,Na Charoen,Det Udom,Ubon Ratchathani
340706,34160,ทุ่งเทิง,เดชอุดม,อุบลราชธานี,Thung Thoeng,Det Udom,Ubon Ratchathani
340708,34160,สมสะอาด,เดชอุดม,อุบลราชธานี,Som Sa-At,Det Udom,Ubon Ratchathani
340709,34160,กุดประทาย,เดชอุดม,อุบลราชธานี,Kut Prathai,Det Udom,Ubon Ratchathani
340710,34160,ตบหู,เดชอุดม,อุบลราชธานี,Top Hu,Det Udom,Ubon Ratchathani
340711,34160,กลาง,เดชอุดม,อุบลราชธานี,Klang,Det Udom,Ubon Ratchathani
340712,34160,แก้ง,เดชอุดม,อุบลราชธานี,Kaeng,Det Udom,Ubon Ratchathani
340713,34160,ท่าโพธิ์ศรี,เดชอุดม,อุบลราชธานี,Tha Pho Si,Det Udom,Ubon Ratchathani
340715,34160,บัวงาม,เดชอุดม,อุบลราชธานี,Bua Ngam,Det Udom,Ubon Ratchathani
340716,34160,คำครั่ง,เดชอุดม,อุบลราชธานี,Kham Khrang,Det Udom,Ubon Ratchathani
340717,34160,นากระแซง,เดชอุดม,อุบลราชธานี,Na Krasaeng,Det Udom,Ubon Ratchathani
340720,34160,โพนงาม,เดชอุดม,อุบลราชธานี,Phon Ngam,Det Udom,Ubon Ratchathani
340721,34160,ป่าโมง,เดชอุดม,อุบลราชธานี,Pa Mong,Det Udom,Ubon Ratchathani
340723,34160,โนนสมบูรณ์,เดชอุดม,อุบลราชธานี,Non Sombun,Det Udom,Ubon Ratchathani
340801,34280,นาจะหลวย,นาจะหลวย,อุบลราชธานี,Na Chaluai,Na Chaluai,Ubon Ratchathani
340802,34280,โนนสมบูรณ์,นาจะหลวย,อุบลราชธานี,Non Sombun,Na Chaluai,Ubon Ratchathani
340803,34280,พรสวรรค์,นาจะหลวย,อุบลราชธานี,Phon Sawan,Na Chaluai,Ubon Ratchathani
340804,34280,บ้านตูม,นาจะหลวย,อุบลราชธานี,Ban Tum,Na Chaluai,Ubon Ratchathani
340805,34280,โสกแสง,นาจะหลวย,อุบลราชธานี,Sok Saeng,Na Chaluai,Ubon Ratchathani
340806,34280,โนนสวรรค์,นาจะหลวย,อุบลราชธานี,Non Sawan,Na Chaluai,Ubon Ratchathani
340901,34260,โซง,น้ำยืน,อุบลราชธานี,Song,Nam Yuen,Ubon Ratchathani
340903,34260,ยาง,น้ำยืน,อุบลราชธานี,Yang,Nam Yuen,Ubon Ratchathani
340904,34260,โดมประดิษฐ์,น้ำยืน,อุบลราชธานี,Dom Pradit,Nam Yuen,Ubon Ratchathani
340906,34260,บุเปือย,น้ำยืน,อุบลราชธานี,Bu Pueai,Nam Yuen,Ubon Ratchathani
340907,34260,สีวิเชียร,น้ำยืน,อุบลราชธานี,Si Wichian,Nam Yuen,Ubon Ratchathani
340909,34260,ยางใหญ่,น้ำยืน,อุบลราชธานี,Yang Yai,Nam Yuen,Ubon Ratchathani
340911,34260,เก่าขาม,น้ำยืน,อุบลราชธานี,Kao Kham,Nam Yuen,Ubon Ratchathani
341001,34230,โพนงาม,บุณฑริก,อุบลราชธานี,Phon Ngam,Boontharik,Ubon Ratchathani
341002,34230,ห้วยข่า,บุณฑริก,อุบลราชธานี,Huai Kha,Boontharik,Ubon Ratchathani
341003,34230,คอแลน,บุณฑริก,อุบลราชธานี,Kho Laen,Boontharik,Ubon Ratchathani
341004,34230,นาโพธิ์,บุณฑริก,อุบลราชธานี,Na Pho,Boontharik,Ubon Ratchathani
341005,34230,หนองสะโน,บุณฑริก,อุบลราชธานี,Nong Sano,Boontharik,Ubon Ratchathani
341006,34230,โนนค้อ,บุณฑริก,อุบลราชธานี,Non Kho,Boontharik,Ubon Ratchathani
341007,34230,บัวงาม,บุณฑริก,อุบลราชธานี,Bua Ngam,Boontharik,Ubon Ratchathani
341008,34230,บ้านแมด,บุณฑริก,อุบลราชธานี,Ban Maet,Boontharik,Ubon Ratchathani
341101,34130,ขุหลุ,ตระการพืชผล,อุบลราชธานี,Khulu,Trakan Phuet Phon,Ubon Ratchathani
341102,34130,กระเดียน,ตระการพืชผล,อุบลราชธานี,Kradian,Trakan Phuet Phon,Ubon Ratchathani
341103,34130,เกษม,ตระการพืชผล,อุบลราชธานี,Kasem,Trakan Phuet Phon,Ubon Ratchathani
341104,34130,กุศกร,ตระการพืชผล,อุบลราชธานี,Kusakon,Trakan Phuet Phon,Ubon Ratchathani
341105,34130,ขามเปี้ย,ตระการพืชผล,อุบลราชธานี,Kham Pia,Trakan Phuet Phon,Ubon Ratchathani
341106,34130,คอนสาย,ตระการพืชผล,อุบลราชธานี,Khon Sai,Trakan Phuet Phon,Ubon Ratchathani
341107,34130,โคกจาน,ตระการพืชผล,อุบลราชธานี,Khok Chan,Trakan Phuet Phon,Ubon Ratchathani
341108,34130,นาพิน,ตระการพืชผล,อุบลราชธานี,Na Phin,Trakan Phuet Phon,Ubon Ratchathani
341109,34130,นาสะไม,ตระการพืชผล,อุบลราชธานี,Na Samai,Trakan Phuet Phon,Ubon Ratchathani
341110,34130,โนนกุง,ตระการพืชผล,อุบลราชธานี,Non Kung,Trakan Phuet Phon,Ubon Ratchathani
341111,34130,ตระการ,ตระการพืชผล,อุบลราชธานี,Trakan,Trakan Phuet Phon,Ubon Ratchathani
341112,34130,ตากแดด,ตระการพืชผล,อุบลราชธานี,Tak Daet,Trakan Phuet Phon,Ubon Ratchathani
341113,34130,ไหล่ทุ่ง,ตระการพืชผล,อุบลราชธานี,Lai Thung,Trakan Phuet Phon,Ubon Ratchathani
341114,34130,เป้า,ตระการพืชผล,อุบลราชธานี,Pao,Trakan Phuet Phon,Ubon Ratchathani
341115,34130,เซเป็ด,ตระการพืชผล,อุบลราชธานี,Se Pet,Trakan Phuet Phon,Ubon Ratchathani
341116,34130,สะพือ,ตระการพืชผล,อุบลราชธานี,Saphue,Trakan Phuet Phon,Ubon Ratchathani
341117,34130,หนองเต่า,ตระการพืชผล,อุบลราชธานี,Nong Tao,Trakan Phuet Phon,Ubon Ratchathani
341118,34130,ถ้ำแข้,ตระการพืชผล,อุบลราชธานี,Tham Khae,Trakan Phuet Phon,Ubon Ratchathani
341119,34130,ท่าหลวง,ตระการพืชผล,อุบลราชธานี,Tha Luang,Trakan Phuet Phon,Ubon Ratchathani
341120,34130,ห้วยฝ้ายพัฒนา,ตระการพืชผล,อุบลราชธานี,Huai Fai Phatthana,Trakan Phuet Phon,Ubon Ratchathani
341121,34130,กุดยาลวน,ตระการพืชผล,อุบลราชธานี,Kut Ya Luan,Trakan Phuet Phon,Ubon Ratchathani
341122,34130,บ้านแดง,ตระการพืชผล,อุบลราชธานี,Ban Daeng,Trakan Phuet Phon,Ubon Ratchathani
341123,34130,คำเจริญ,ตระการพืชผล,อุบลราชธานี,Kham Charoen,Trakan Phuet Phon,Ubon Ratchathani
341201,34270,ข้าวปุ้น,กุดข้าวปุ้น,อุบลราชธานี,Khao Pun,Kut Khaopun,Ubon Ratchathani
341202,34270,โนนสวาง,กุดข้าวปุ้น,อุบลราชธานี,Non Sawang,Kut Khaopun,Ubon Ratchathani
341203,34270,แก่งเค็ง,กุดข้าวปุ้น,อุบลราชธานี,Kaeng Kheng,Kut Khaopun,Ubon Ratchathani
341204,34270,กาบิน,กุดข้าวปุ้น,อุบลราชธานี,Kabin,Kut Khaopun,Ubon Ratchathani
341205,34270,หนองทันน้ำ,กุดข้าวปุ้น,อุบลราชธานี,Nong Than Nam,Kut Khaopun,Ubon Ratchathani
341401,34140,ม่วงสามสิบ,ม่วงสามสิบ,อุบลราชธานี,Muang Sam Sip,Muang Sam Sip,Ubon Ratchathani
341402,34140,เหล่าบก,ม่วงสามสิบ,อุบลราชธานี,Lao Bok,Muang Sam Sip,Ubon Ratchathani
341403,34140,ดุมใหญ่,ม่วงสามสิบ,อุบลราชธานี,Dum Yai,Muang Sam Sip,Ubon Ratchathani
341404,34140,หนองช้างใหญ่,ม่วงสามสิบ,อุบลราชธานี,Nong Chang Yai,Muang Sam Sip,Ubon Ratchathani
341405,34140,หนองเมือง,ม่วงสามสิบ,อุบลราชธานี,Nong Mueang,Muang Sam Sip,Ubon Ratchathani
341406,34140,เตย,ม่วงสามสิบ,อุบลราชธานี,Toei,Muang Sam Sip,Ubon Ratchathani
341407,34140,ยางสักกระโพหลุ่ม,ม่วงสามสิบ,อุบลราชธานี,Yang Sak Krapho Lum,Muang Sam Sip,Ubon Ratchathani
341408,34140,หนองไข่นก,ม่วงสามสิบ,อุบลราชธานี,Nong Khai Nok,Muang Sam Sip,Ubon Ratchathani
341409,34140,หนองเหล่า,ม่วงสามสิบ,อุบลราชธานี,Nong Lao,Muang Sam Sip,Ubon Ratchathani
341410,34140,หนองฮาง,ม่วงสามสิบ,อุบลราชธานี,Nong Hang,Muang Sam Sip,Ubon Ratchathani
341411,34140,ยางโยภาพ,ม่วงสามสิบ,อุบลราชธานี,Yang Yo Phap,Muang Sam Sip,Ubon Ratchathani
341412,34140,ไผ่ใหญ่,ม่วงสามสิบ,อุบลราชธานี,Phai Yai,Muang Sam Sip,Ubon Ratchathani
341413,34140,นาเลิง,ม่วงสามสิบ,อุบลราชธานี,Na Loeng,Muang Sam Sip,Ubon Ratchathani
341414,34140,โพนแพง,ม่วงสามสิบ,อุบลราชธานี,Phon Phaeng,Muang Sam Sip,Ubon Ratchathani
341501,34190,วารินชำราบ,วารินชำราบ,อุบลราชธานี,Warin Chamrap,Warin Chamrap,Ubon Ratchathani
341502,34190,ธาตุ,วารินชำราบ,อุบลราชธานี,That,Warin Chamrap,Ubon Ratchathani
341504,34310,ท่าลาด,วารินชำราบ,อุบลราชธานี,Tha Lat,Warin Chamrap,Ubon Ratchathani
341505,34190,โนนโหนน,วารินชำราบ,อุบลราชธานี,Non Non,Warin Chamrap,Ubon Ratchathani
341507,34190,คูเมือง,วารินชำราบ,อุบลราชธานี,Khu Mueang,Warin Chamrap,Ubon Ratchathani
341508,34190,สระสมิง,วารินชำราบ,อุบลราชธานี,Sa Saming,Warin Chamrap,Ubon Ratchathani
341510,34190,คำน้ำแซบ,วารินชำราบ,อุบลราชธานี,Kham Nam Sap,Warin Chamrap,Ubon Ratchathani
341511,34310,บุ่งหวาย,วารินชำราบ,อุบลราชธานี,Bung Wai,Warin Chamrap,Ubon Ratchathani
341515,34190,คำขวาง,วารินชำราบ,อุบลราชธานี,Kham Khwang,Warin Chamrap,Ubon Ratchathani
341516,34190,โพธิ์ใหญ่,วารินชำราบ,อุบลราชธานี,Pho Yai,Warin Chamrap,Ubon Ratchathani
341518,34190,แสนสุข,วารินชำราบ,อุบลราชธานี,Saen Suk,Warin Chamrap,Ubon Ratchathani
341520,34190,หนองกินเพล,วารินชำราบ,อุบลราชธานี,Nong Kin Phlen,Warin Chamrap,Ubon Ratchathani
341521,34190,โนนผึ้ง,วารินชำราบ,อุบลราชธานี,Non Phueng,Warin Chamrap,Ubon Ratchathani
341522,34190,เมืองศรีไค,วารินชำราบ,อุบลราชธานี,Mueang Si Khai,Warin Chamrap,Ubon Ratchathani
341524,34310,ห้วยขะยุง,วารินชำราบ,อุบลราชธานี,Huai Khayung,Warin Chamrap,Ubon Ratchathani
341526,34190,บุ่งไหม,วารินชำราบ,อุบลราชธานี,Bung Mai,Warin Chamrap,Ubon Ratchathani
341901,34110,พิบูล,พิบูลมังสาหาร,อุบลราชธานี,Phibun,Phibun Mangsahan,Ubon Ratchathani
341902,34110,กุดชมภู,พิบูลมังสาหาร,อุบลราชธานี,Kut Chomphu,Phibun Mangsahan,Ubon Ratchathani
341904,34110,ดอนจิก,พิบูลมังสาหาร,อุบลราชธานี,Don Chik,Phibun Mangsahan,Ubon Ratchathani
341905,34110,ทรายมูล,พิบูลมังสาหาร,อุบลราชธานี,Sai Mun,Phibun Mangsahan,Ubon Ratchathani
341906,34110,นาโพธิ์,พิบูลมังสาหาร,อุบลราชธานี,Na Pho,Phibun Mangsahan,Ubon Ratchathani
341907,34110,โนนกลาง,พิบูลมังสาหาร,อุบลราชธานี,Non Klang,Phibun Mangsahan,Ubon Ratchathani
341909,34110,โพธิ์ไทร,พิบูลมังสาหาร,อุบลราชธานี,Pho Sai,Phibun Mangsahan,Ubon Ratchathani
341910,34110,โพธิ์ศรี,พิบูลมังสาหาร,อุบลราชธานี,Pho Si,Phibun Mangsahan,Ubon Ratchathani
341911,34110,ระเว,พิบูลมังสาหาร,อุบลราชธานี,Rawe,Phibun Mangsahan,Ubon Ratchathani
341912,34110,ไร่ใต้,พิบูลมังสาหาร,อุบลราชธานี,Rai Tai,Phibun Mangsahan,Ubon Ratchathani
341913,34110,หนองบัวฮี,พิบูลมังสาหาร,อุบลราชธานี,Nong Bua Hi,Phibun Mangsahan,Ubon Ratchathani
341914,34110,อ่างศิลา,พิบูลมังสาหาร,อุบลราชธานี,Ang Sila,Phibun Mangsahan,Ubon Ratchathani
341918,34110,โนนกาหลง,พิบูลมังสาหาร,อุบลราชธานี,Non Kalong,Phibun Mangsahan,Ubon Ratchathani
341919,34110,บ้านแขม,พิบูลมังสาหาร,อุบลราชธานี,Ban Khaem,Phibun Mangsahan,Ubon Ratchathani
342001,34330,ตาลสุม,ตาลสุม,อุบลราชธานี,Tan Sum,Tan Sum,Ubon Ratchathani
342002,34330,สำโรง,ตาลสุม,อุบลราชธานี,Samrong,Tan Sum,Ubon Ratchathani
342003,34330,จิกเทิง,ตาลสุม,อุบลราชธานี,Chik Thoeng,Tan Sum,Ubon Ratchathani
342004,34330,หนองกุง,ตาลสุม,อุบลราชธานี,Nong Kung,Tan Sum,Ubon Ratchathani
342005,34330,นาคาย,ตาลสุม,อุบลราชธานี,Na Khai,Tan Sum,Ubon Ratchathani
342006,34330,คำหว้า,ตาลสุม,อุบลราชธานี,Kham Wa,Tan Sum,Ubon Ratchathani
342101,34340,โพธิ์ไทร,โพธิ์ไทร,อุบลราชธานี,Pho Sai,Pho Sai,Ubon Ratchathani
342102,34340,ม่วงใหญ่,โพธิ์ไทร,อุบลราชธานี,Muang Yai,Pho Sai,Ubon Ratchathani
342103,34340,สำโรง,โพธิ์ไทร,อุบลราชธานี,Samrong,Pho Sai,Ubon Ratchathani
342104,34340,สองคอน,โพธิ์ไทร,อุบลราชธานี,Song Khon,Pho Sai,Ubon Ratchathani
342105,34340,สารภี,โพธิ์ไทร,อุบลราชธานี,Saraphi,Pho Sai,Ubon Ratchathani
342106,34340,เหล่างาม,โพธิ์ไทร,อุบลราชธานี,Lao Ngam,Pho Sai,Ubon Ratchathani
342201,34360,สำโรง,สำโรง,อุบลราชธานี,Samrong,Samrong,Ubon Ratchathani
342202,34360,โคกก่อง,สำโรง,อุบลราชธานี,Khok Kong,Samrong,Ubon Ratchathani
342203,34360,หนองไฮ,สำโรง,อุบลราชธานี,Nong Hai,Samrong,Ubon Ratchathani
342204,34360,ค้อน้อย,สำโรง,อุบลราชธานี,Kho Noi,Samrong,Ubon Ratchathani
342205,34360,โนนกาเล็น,สำโรง,อุบลราชธานี,Non Kalen,Samrong,Ubon Ratchathani
342206,34360,โคกสว่าง,สำโรง,อุบลราชธานี,Khok Sawang,Samrong,Ubon Ratchathani
342207,34360,โนนกลาง,สำโรง,อุบลราชธานี,Non Klang,Samrong,Ubon Ratchathani
342208,34360,บอน,สำโรง,อุบลราชธานี,Bon,Samrong,Ubon Ratchathani
342209,34360,ขามป้อม,สำโรง,อุบลราชธานี,Kham Pom,Samrong,Ubon Ratchathani
342401,34000,ดอนมดแดง,ดอนมดแดง,อุบลราชธานี,Don Mot Daeng,Don Mot Daeng,Ubon Ratchathani
342402,34000,เหล่าแดง,ดอนมดแดง,อุบลราชธานี,Lao Daeng,Don Mot Daeng,Ubon Ratchathani
342403,34000,ท่าเมือง,ดอนมดแดง,อุบลราชธานี,Tha Mueang,Don Mot Daeng,Ubon Ratchathani
342404,34000,คำไฮใหญ่,ดอนมดแดง,อุบลราชธานี,Kham Hai Yai,Don Mot Daeng,Ubon Ratchathani
342501,34350,คันไร่,สิรินธร,อุบลราชธานี,Khan Rai,Sirindhorn,Ubon Ratchathani
342502,34350,ช่องเม็ก,สิรินธร,อุบลราชธานี,Chong Mek,Sirindhorn,Ubon Ratchathani
342503,34350,โนนก่อ,สิรินธร,อุบลราชธานี,Non Ko,Sirindhorn,Ubon Ratchathani
342504,34350,นิคมสร้างตนเองลำโดมน้อย,สิรินธร,อุบลราชธานี,Nikhom Lam Dom Noi,Sirindhorn,Ubon Ratchathani
342505,34350,ฝางคำ,สิรินธร,อุบลราชธานี,Fang Kham,Sirindhorn,Ubon Ratchathani
342506,34350,คำเขื่อนแก้ว,สิรินธร,อุบลราชธานี,Kham Khuean Kaeo,Sirindhorn,Ubon Ratchathani
342602,34160,หนองอ้ม,ทุ่งศรีอุดม,อุบลราชธานี,Nong Om,Thung Si Udom,Ubon Ratchathani
342603,34160,นาเกษม,ทุ่งศรีอุดม,อุบลราชธานี,Na Kasem,Thung Si Udom,Ubon Ratchathani
342604,34160,กุดเรือ,ทุ่งศรีอุดม,อุบลราชธานี,Kut Ruea,Thung Si Udom,Ubon Ratchathani
342605,34160,โคกชำแระ,ทุ่งศรีอุดม,อุบลราชธานี,Khok Chamrae,Thung Si Udom,Ubon Ratchathani
342606,34160,นาห่อม,ทุ่งศรีอุดม,อุบลราชธานี,Na Hom,Thung Si Udom,Ubon Ratchathani
342901,34160,นาเยีย,นาเยีย,อุบลราชธานี,Na Yia,Na Yia,Ubon Ratchathani
342902,34160,นาดี,นาเยีย,อุบลราชธานี,Na Di,Na Yia,Ubon Ratchathani
342903,34160,นาเรือง,นาเยีย,อุบลราชธานี,Na Rueang,Na Yia,Ubon Ratchathani
343001,34170,นาตาล,นาตาล,อุบลราชธานี,Na Tan,Na Tan,Ubon Ratchathani
343002,34170,พะลาน,นาตาล,อุบลราชธานี,Phalan,Na Tan,Ubon Ratchathani
343003,34170,กองโพน,นาตาล,อุบลราชธานี,Kong Phon,Na Tan,Ubon Ratchathani
343004,34170,พังเคน,นาตาล,อุบลราชธานี,Phang Khen,Na Tan,Ubon Ratchathani
343101,34000,เหล่าเสือโก้ก,เหล่าเสือโก้ก,อุบลราชธานี,Lao Suea Kok,Lao Suea Kok,Ubon Ratchathani
343102,34000,โพนเมือง,เหล่าเสือโก้ก,อุบลราชธานี,Phon Mueang,Lao Suea Kok,Ubon Ratchathani
343103,34000,แพงใหญ่,เหล่าเสือโก้ก,อุบลราชธานี,Phaeng Yai,Lao Suea Kok,Ubon Ratchathani
343104,34000,หนองบก,เหล่าเสือโก้ก,อุบลราชธานี,Nong Bok,Lao Suea Kok,Ubon Ratchathani
343201,34190,แก่งโดม,สว่างวีระวงศ์,อุบลราชธานี,Kaeng Dom,Sawang Wirawong,Ubon Ratchathani
343202,34190,ท่าช้าง,สว่างวีระวงศ์,อุบลราชธานี,Tha Chang,Sawang Wirawong,Ubon Ratchathani
343203,34190,บุ่งมะแลง,สว่างวีระวงศ์,อุบลราชธานี,Bung Malaeng,Sawang Wirawong,Ubon Ratchathani
343204,34190,สว่าง,สว่างวีระวงศ์,อุบลราชธานี,Sawang,Sawang Wirawong,Ubon Ratchathani
343301,34260,ตาเกา,น้ำขุ่น,อุบลราชธานี,Ta Kao,Nam Khun,Ubon Ratchathani
343302,34260,ไพบูลย์,น้ำขุ่น,อุบลราชธานี,Phaibun,Nam Khun,Ubon Ratchathani
343303,34260,ขี้เหล็ก,น้ำขุ่น,อุบลราชธานี,Khi Lek,Nam Khun,Ubon Ratchathani
343304,34260,โคกสะอาด,น้ำขุ่น,อุบลราชธานี,Khok Sa-At,Nam Khun,Ubon Ratchathani
350101,35000,ในเมือง,เมืองยโสธร,ยโสธร,Nai Mueang,Mueang Yasothon,Yasothon
350102,35000,น้ำคำใหญ่,เมืองยโสธร,ยโสธร,Nam Kham Yai,Mueang Yasothon,Yasothon
350103,35000,ตาดทอง,เมืองยโสธร,ยโสธร,Tat Thong,Mueang Yasothon,Yasothon
350104,35000,สำราญ,เมืองยโสธร,ยโสธร,Samran,Mueang Yasothon,Yasothon
350105,35000,ค้อเหนือ,เมืองยโสธร,ยโสธร,Kho Nuea,Mueang Yasothon,Yasothon
350106,35000,ดู่ทุ่ง,เมืองยโสธร,ยโสธร,Du Thung,Mueang Yasothon,Yasothon
350107,35000,เดิด,เมืองยโสธร,ยโสธร,Doet,Mueang Yasothon,Yasothon
350108,35000,ขั้นไดใหญ่,เมืองยโสธร,ยโสธร,Khan Dai Yai,Mueang Yasothon,Yasothon
350109,35000,ทุ่งแต้,เมืองยโสธร,ยโสธร,Thung Tae,Mueang Yasothon,Yasothon
350110,35000,สิงห์,เมืองยโสธร,ยโสธร,Sing,Mueang Yasothon,Yasothon
350111,35000,นาสะไมย์,เมืองยโสธร,ยโสธร,Na Samai,Mueang Yasothon,Yasothon
350112,35000,เขื่องคำ,เมืองยโสธร,ยโสธร,Khueang Kham,Mueang Yasothon,Yasothon
350113,35000,หนองหิน,เมืองยโสธร,ยโสธร,Nong Hin,Mueang Yasothon,Yasothon
350114,35000,หนองคู,เมืองยโสธร,ยโสธร,Nong Khu,Mueang Yasothon,Yasothon
350115,35000,ขุมเงิน,เมืองยโสธร,ยโสธร,Khum Ngoen,Mueang Yasothon,Yasothon
350116,35000,ทุ่งนางโอก,เมืองยโสธร,ยโสธร,Thung Nang Ok,Mueang Yasothon,Yasothon
350117,35000,หนองเรือ,เมืองยโสธร,ยโสธร,Nong Ruea,Mueang Yasothon,Yasothon
350118,35000,หนองเป็ด,เมืองยโสธร,ยโสธร,Nong Pet,Mueang Yasothon,Yasothon
350201,35170,ทรายมูล,ทรายมูล,ยโสธร,Sai Mun,Sai Mun,Yasothon
350202,35170,ดู่ลาด,ทรายมูล,ยโสธร,Du Lat,Sai Mun,Yasothon
350203,35170,ดงมะไฟ,ทรายมูล,ยโสธร,Dong Mafai,Sai Mun,Yasothon
350204,35170,นาเวียง,ทรายมูล,ยโสธร,Na Wiang,Sai Mun,Yasothon
350205,35170,ไผ่,ทรายมูล,ยโสธร,Phai,Sai Mun,Yasothon
350301,35140,กุดชุม,กุดชุม,ยโสธร,Kut Chum,Kut Chum,Yasothon
350302,35140,โนนเปือย,กุดชุม,ยโสธร,Non Pueai,Kut Chum,Yasothon
350303,35140,กำแมด,กุดชุม,ยโสธร,Kammaet,Kut Chum,Yasothon
350304,35140,นาโส่,กุดชุม,ยโสธร,Na So,Kut Chum,Yasothon
350305,35140,ห้วยแก้ง,กุดชุม,ยโสธร,Huai Kaeng,Kut Chum,Yasothon
350306,35140,หนองหมี,กุดชุม,ยโสธร,Nong Mi,Kut Chum,Yasothon
350307,35140,โพนงาม,กุดชุม,ยโสธร,Phon Ngam,Kut Chum,Yasothon
350308,35140,คำน้ำสร้าง,กุดชุม,ยโสธร,Kham Nam Sang,Kut Chum,Yasothon
350309,35140,หนองแหน,กุดชุม,ยโสธร,Nong Nae,Kut Chum,Yasothon
350401,35110,ลุมพุก,คำเขื่อนแก้ว,ยโสธร,Lumphuk,Kham Khuean Kaeo,Yasothon
350402,35110,ย่อ,คำเขื่อนแก้ว,ยโสธร,Yo,Kham Khuean Kaeo,Yasothon
350403,35110,สงเปือย,คำเขื่อนแก้ว,ยโสธร,Song Pueai,Kham Khuean Kaeo,Yasothon
350404,35110,โพนทัน,คำเขื่อนแก้ว,ยโสธร,Phon Than,Kham Khuean Kaeo,Yasothon
350405,35110,ทุ่งมน,คำเขื่อนแก้ว,ยโสธร,Thung Mon,Kham Khuean Kaeo,Yasothon
350406,35180,นาคำ,คำเขื่อนแก้ว,ยโสธร,Na Kham,Kham Khuean Kaeo,Yasothon
350407,35180,ดงแคนใหญ่,คำเขื่อนแก้ว,ยโสธร,Dong Khaen Yai,Kham Khuean Kaeo,Yasothon
350408,35110,กู่จาน,คำเขื่อนแก้ว,ยโสธร,Ku Chan,Kham Khuean Kaeo,Yasothon
350409,35180,นาแก,คำเขื่อนแก้ว,ยโสธร,Na Kae,Kham Khuean Kaeo,Yasothon
350410,35110,กุดกุง,คำเขื่อนแก้ว,ยโสธร,Kut Kung,Kham Khuean Kaeo,Yasothon
350411,35110,เหล่าไฮ,คำเขื่อนแก้ว,ยโสธร,Lao Hai,Kham Khuean Kaeo,Yasothon
350412,35180,แคนน้อย,คำเขื่อนแก้ว,ยโสธร,Khaen Noi,Kham Khuean Kaeo,Yasothon
350413,35110,ดงเจริญ,คำเขื่อนแก้ว,ยโสธร,Dong Charoen,Kham Khuean Kaeo,Yasothon
350501,35150,โพธิ์ไทร,ป่าติ้ว,ยโสธร,Pho Sai,Pa Tio,Yasothon
350502,35150,กระจาย,ป่าติ้ว,ยโสธร,Krachai,Pa Tio,Yasothon
350503,35150,โคกนาโก,ป่าติ้ว,ยโสธร,Khok Na Ko,Pa Tio,Yasothon
350504,35150,เชียงเพ็ง,ป่าติ้ว,ยโสธร,Chiang Pheng,Pa Tio,Yasothon
350505,35150,ศรีฐาน,ป่าติ้ว,ยโสธร,Si Than,Pa Tio,Yasothon
350601,35130,ฟ้าหยาด,มหาชนะชัย,ยโสธร,Fa Yat,Maha Chana Chai,Yasothon
350602,35130,หัวเมือง,มหาชนะชัย,ยโสธร,Hua Mueang,Maha Chana Chai,Yasothon
350603,35130,คูเมือง,มหาชนะชัย,ยโสธร,Khu Mueang,Maha Chana Chai,Yasothon
350604,35130,ผือฮี,มหาชนะชัย,ยโสธร,Phue Hi,Maha Chana Chai,Yasothon
350605,35130,บากเรือ,มหาชนะชัย,ยโสธร,Bak Ruea,Maha Chana Chai,Yasothon
350606,35130,ม่วง,มหาชนะชัย,ยโสธร,Muang,Maha Chana Chai,Yasothon
350607,35130,โนนทราย,มหาชนะชัย,ยโสธร,Non Sai,Maha Chana Chai,Yasothon
350608,35130,บึงแก,มหาชนะชัย,ยโสธร,Bueng Kae,Maha Chana Chai,Yasothon
350609,35130,พระเสาร์,มหาชนะชัย,ยโสธร,Phra Sao,Maha Chana Chai,Yasothon
350610,35130,สงยาง,มหาชนะชัย,ยโสธร,Song Yang,Maha Chana Chai,Yasothon
350701,35160,ฟ้าห่วน,ค้อวัง,ยโสธร,Fa Huan,Kho Wang,Yasothon
350702,35160,กุดน้ำใส,ค้อวัง,ยโสธร,Kut Nam Sai,Kho Wang,Yasothon
350703,35160,น้ำอ้อม,ค้อวัง,ยโสธร,Nam Om,Kho Wang,Yasothon
350704,35160,ค้อวัง,ค้อวัง,ยโสธร,Kho Wang,Kho Wang,Yasothon
350802,35120,บุ่งค้า,เลิงนกทา,ยโสธร,Bung Kha,Loeng Nok Tha,Yasothon
350803,35120,สวาท,เลิงนกทา,ยโสธร,Sawat,Loeng Nok Tha,Yasothon
350805,35120,ห้องแซง,เลิงนกทา,ยโสธร,Hong Saeng,Loeng Nok Tha,Yasothon
350806,35120,สามัคคี,เลิงนกทา,ยโสธร,Samakkhi,Loeng Nok Tha,Yasothon
350807,35120,กุดเชียงหมี,เลิงนกทา,ยโสธร,Kut Chiang Mi,Loeng Nok Tha,Yasothon
350810,35120,สามแยก,เลิงนกทา,ยโสธร,Sam Yaek,Loeng Nok Tha,Yasothon
350811,35120,กุดแห่,เลิงนกทา,ยโสธร,Kut Hae,Loeng Nok Tha,Yasothon
350812,35120,โคกสำราญ,เลิงนกทา,ยโสธร,Khok Samran,Loeng Nok Tha,Yasothon
350813,35120,สร้างมิ่ง,เลิงนกทา,ยโสธร,Sang Ming,Loeng Nok Tha,Yasothon
350814,35120,ศรีแก้ว,เลิงนกทา,ยโสธร,Si Kaeo,Loeng Nok Tha,Yasothon
350901,35120,ไทยเจริญ,ไทยเจริญ,ยโสธร,Thai Charoen,Thai Charoen,Yasothon
350902,35120,น้ำคำ,ไทยเจริญ,ยโสธร,Nam Kham,Thai Charoen,Yasothon
350903,35120,ส้มผ่อ,ไทยเจริญ,ยโสธร,Som Pho,Thai Charoen,Yasothon
350904,35120,คำเตย,ไทยเจริญ,ยโสธร,Kham Toei,Thai Charoen,Yasothon
350905,35120,คำไผ่,ไทยเจริญ,ยโสธร,Kham Phai,Thai Charoen,Yasothon
360101,36000,ในเมือง,เมืองชัยภูมิ,ชัยภูมิ,Nai Mueang,Mueang Chaiyaphum,Chaiyaphum
360102,36000,รอบเมือง,เมืองชัยภูมิ,ชัยภูมิ,Rop Mueang,Mueang Chaiyaphum,Chaiyaphum
360103,36000,โพนทอง,เมืองชัยภูมิ,ชัยภูมิ,Phon Thong,Mueang Chaiyaphum,Chaiyaphum
360104,36000,นาฝาย,เมืองชัยภูมิ,ชัยภูมิ,Na Fai,Mueang Chaiyaphum,Chaiyaphum
360105,36240,บ้านค่าย,เมืองชัยภูมิ,ชัยภูมิ,Ban Khai,Mueang Chaiyaphum,Chaiyaphum
360106,36000,กุดตุ้ม,เมืองชัยภูมิ,ชัยภูมิ,Kut Tum,Mueang Chaiyaphum,Chaiyaphum
360107,36000,ชีลอง,เมืองชัยภูมิ,ชัยภูมิ,Chilong,Mueang Chaiyaphum,Chaiyaphum
360108,36000,บ้านเล่า,เมืองชัยภูมิ,ชัยภูมิ,Ban Lao,Mueang Chaiyaphum,Chaiyaphum
360109,36000,นาเสียว,เมืองชัยภูมิ,ชัยภูมิ,Na Siao,Mueang Chaiyaphum,Chaiyaphum
360110,36000,หนองนาแซง,เมืองชัยภูมิ,ชัยภูมิ,Nong Na Saeng,Mueang Chaiyaphum,Chaiyaphum
360111,36000,ลาดใหญ่,เมืองชัยภูมิ,ชัยภูมิ,Lat Yai,Mueang Chaiyaphum,Chaiyaphum
360112,36240,หนองไผ่,เมืองชัยภูมิ,ชัยภูมิ,Nong Phai,Mueang Chaiyaphum,Chaiyaphum
360113,36000,ท่าหินโงม,เมืองชัยภูมิ,ชัยภูมิ,Tha Hin Ngom,Mueang Chaiyaphum,Chaiyaphum
360114,36000,ห้วยต้อน,เมืองชัยภูมิ,ชัยภูมิ,Huai Ton,Mueang Chaiyaphum,Chaiyaphum
360115,36000,ห้วยบง,เมืองชัยภูมิ,ชัยภูมิ,Huai Bong,Mueang Chaiyaphum,Chaiyaphum
360116,36240,โนนสำราญ,เมืองชัยภูมิ,ชัยภูมิ,Non Samran,Mueang Chaiyaphum,Chaiyaphum
360117,36000,โคกสูง,เมืองชัยภูมิ,ชัยภูมิ,Khok Sung,Mueang Chaiyaphum,Chaiyaphum
360118,36000,บุ่งคล้า,เมืองชัยภูมิ,ชัยภูมิ,Bung Khla,Mueang Chaiyaphum,Chaiyaphum
360119,36000,ซับสีทอง,เมืองชัยภูมิ,ชัยภูมิ,Sap Si Thong,Mueang Chaiyaphum,Chaiyaphum
360201,36170,บ้านเขว้า,บ้านเขว้า,ชัยภูมิ,Ban Khwao,Ban Khwao,Chaiyaphum
360202,36170,ตลาดแร้ง,บ้านเขว้า,ชัยภูมิ,Talat Raeng,Ban Khwao,Chaiyaphum
360203,36170,ลุ่มลำชี,บ้านเขว้า,ชัยภูมิ,Lum Lam Chi,Ban Khwao,Chaiyaphum
360204,36170,ชีบน,บ้านเขว้า,ชัยภูมิ,Chi Bon,Ban Khwao,Chaiyaphum
360205,36170,ภูแลนคา,บ้านเขว้า,ชัยภูมิ,Phu Laen Kha,Ban Khwao,Chaiyaphum
360206,36170,โนนแดง,บ้านเขว้า,ชัยภูมิ,Non Daeng,Ban Khwao,Chaiyaphum
360301,36140,คอนสวรรค์,คอนสวรรค์,ชัยภูมิ,Khon Sawan,Khon Sawan,Chaiyaphum
360302,36140,ยางหวาย,คอนสวรรค์,ชัยภูมิ,Yang Wai,Khon Sawan,Chaiyaphum
360303,36140,ช่องสามหมอ,คอนสวรรค์,ชัยภูมิ,Chong Sam Mo,Khon Sawan,Chaiyaphum
360304,36140,โนนสะอาด,คอนสวรรค์,ชัยภูมิ,Non Sa-At,Khon Sawan,Chaiyaphum
360305,36140,ห้วยไร่,คอนสวรรค์,ชัยภูมิ,Huai Rai,Khon Sawan,Chaiyaphum
360306,36140,บ้านโสก,คอนสวรรค์,ชัยภูมิ,Ban Sok,Khon Sawan,Chaiyaphum
360307,36140,โคกมั่งงอย,คอนสวรรค์,ชัยภูมิ,Khok Mang Ngoi,Khon Sawan,Chaiyaphum
360308,36140,หนองขาม,คอนสวรรค์,ชัยภูมิ,Nong Kham,Khon Sawan,Chaiyaphum
360309,36140,ศรีสำราญ,คอนสวรรค์,ชัยภูมิ,Si Samran,Khon Sawan,Chaiyaphum
360401,36120,บ้านยาง,เกษตรสมบูรณ์,ชัยภูมิ,Ban Yang,Kaset Sombun,Chaiyaphum
360402,36120,บ้านหัน,เกษตรสมบูรณ์,ชัยภูมิ,Ban Han,Kaset Sombun,Chaiyaphum
360403,36120,บ้านเดื่อ,เกษตรสมบูรณ์,ชัยภูมิ,Ban Duea,Kaset Sombun,Chaiyaphum
360404,36120,บ้านเป้า,เกษตรสมบูรณ์,ชัยภูมิ,Ban Pao,Kaset Sombun,Chaiyaphum
360405,36120,กุดเลาะ,เกษตรสมบูรณ์,ชัยภูมิ,Kut Lo,Kaset Sombun,Chaiyaphum
360406,36120,โนนกอก,เกษตรสมบูรณ์,ชัยภูมิ,Non Kok,Kaset Sombun,Chaiyaphum
360407,36120,สระโพนทอง,เกษตรสมบูรณ์,ชัยภูมิ,Sa Phon Thong,Kaset Sombun,Chaiyaphum
360408,36120,หนองข่า,เกษตรสมบูรณ์,ชัยภูมิ,Nong Kha,Kaset Sombun,Chaiyaphum
360409,36120,หนองโพนงาม,เกษตรสมบูรณ์,ชัยภูมิ,Nong Phon Ngam,Kaset Sombun,Chaiyaphum
360410,36120,บ้านบัว,เกษตรสมบูรณ์,ชัยภูมิ,Ban Bua,Kaset Sombun,Chaiyaphum
360412,36120,โนนทอง,เกษตรสมบูรณ์,ชัยภูมิ,Non Thong,Kaset Sombun,Chaiyaphum
360501,36210,หนองบัวแดง,หนองบัวแดง,ชัยภูมิ,Nong Bua Daeng,Nong Bua Daeng,Chaiyaphum
360502,36210,กุดชุมแสง,หนองบัวแดง,ชัยภูมิ,Kut Chum Saeng,Nong Bua Daeng,Chaiyaphum
360503,36210,ถ้ำวัวแดง,หนองบัวแดง,ชัยภูมิ,Tham Wua Daeng,Nong Bua Daeng,Chaiyaphum
360504,36210,นางแดด,หนองบัวแดง,ชัยภูมิ,Nang Daet,Nong Bua Daeng,Chaiyaphum
360507,36210,หนองแวง,หนองบัวแดง,ชัยภูมิ,Nong Waeng,Nong Bua Daeng,Chaiyaphum
360508,36210,คูเมือง,หนองบัวแดง,ชัยภูมิ,Khu Mueang,Nong Bua Daeng,Chaiyaphum
360509,36210,ท่าใหญ่,หนองบัวแดง,ชัยภูมิ,Tha Yai,Nong Bua Daeng,Chaiyaphum
360511,36210,วังชมภู,หนองบัวแดง,ชัยภูมิ,Wang Chomphu,Nong Bua Daeng,Chaiyaphum
360601,36130,บ้านกอก,จัตุรัส,ชัยภูมิ,Ban Kok,Chatturat,Chaiyaphum
360602,36130,หนองบัวบาน,จัตุรัส,ชัยภูมิ,Nong Bua Ban,Chatturat,Chaiyaphum
360603,36130,บ้านขาม,จัตุรัส,ชัยภูมิ,Ban Kham,Chatturat,Chaiyaphum
360605,36130,กุดน้ำใส,จัตุรัส,ชัยภูมิ,Kut Nam Sai,Chatturat,Chaiyaphum
360606,36130,หนองโดน,จัตุรัส,ชัยภูมิ,Nong Don,Chatturat,Chaiyaphum
360607,36130,ละหาน,จัตุรัส,ชัยภูมิ,Lahan,Chatturat,Chaiyaphum
360610,36130,หนองบัวใหญ่,จัตุรัส,ชัยภูมิ,Nong Bua Yai,Chatturat,Chaiyaphum
360611,36220,หนองบัวโคก,จัตุรัส,ชัยภูมิ,Nong Bua Khok,Chatturat,Chaiyaphum
360613,36130,ส้มป่อย,จัตุรัส,ชัยภูมิ,Som Poi,Chatturat,Chaiyaphum
360701,36160,บ้านชวน,บำเหน็จณรงค์,ชัยภูมิ,Ban Chuan,Bamnet Narong,Chaiyaphum
360702,36160,บ้านเพชร,บำเหน็จณรงค์,ชัยภูมิ,Ban Phet,Bamnet Narong,Chaiyaphum
360703,36220,บ้านตาล,บำเหน็จณรงค์,ชัยภูมิ,Ban Tan,Bamnet Narong,Chaiyaphum
360704,36220,หัวทะเล,บำเหน็จณรงค์,ชัยภูมิ,Hua Thale,Bamnet Narong,Chaiyaphum
360705,36160,โคกเริงรมย์,บำเหน็จณรงค์,ชัยภูมิ,Khok Roeng Rom,Bamnet Narong,Chaiyaphum
360706,36160,เกาะมะนาว,บำเหน็จณรงค์,ชัยภูมิ,Ko Manao,Bamnet Narong,Chaiyaphum
360707,36160,โคกเพชรพัฒนา,บำเหน็จณรงค์,ชัยภูมิ,Khok Phet Phatthana,Bamnet Narong,Chaiyaphum
360801,36250,หนองบัวระเหว,หนองบัวระเหว,ชัยภูมิ,Nong Bua Rawe,Nong Bua Rawe,Chaiyaphum
360802,36250,วังตะเฆ่,หนองบัวระเหว,ชัยภูมิ,Wang Takhe,Nong Bua Rawe,Chaiyaphum
360803,36250,ห้วยแย้,หนองบัวระเหว,ชัยภูมิ,Huai Yae,Nong Bua Rawe,Chaiyaphum
360804,36250,โคกสะอาด,หนองบัวระเหว,ชัยภูมิ,Khok Sa-At,Nong Bua Rawe,Chaiyaphum
360805,36250,โสกปลาดุก,หนองบัวระเหว,ชัยภูมิ,Sok Pla Duk,Nong Bua Rawe,Chaiyaphum
360901,36230,วะตะแบก,เทพสถิต,ชัยภูมิ,Wa Tabaek,Thep Sathit,Chaiyaphum
360902,36230,ห้วยยายจิ๋ว,เทพสถิต,ชัยภูมิ,Huai Yai Chio,Thep Sathit,Chaiyaphum
360903,36230,นายางกลัก,เทพสถิต,ชัยภูมิ,Na Yang Klak,Thep Sathit,Chaiyaphum
360904,36230,บ้านไร่,เทพสถิต,ชัยภูมิ,Ban Rai,Thep Sathit,Chaiyaphum
360905,36230,โป่งนก,เทพสถิต,ชัยภูมิ,Pong Nok,Thep Sathit,Chaiyaphum
361001,36110,ผักปัง,ภูเขียว,ชัยภูมิ,Phak Pang,Phu Khiao,Chaiyaphum
361002,36110,กวางโจน,ภูเขียว,ชัยภูมิ,Kwang Chon,Phu Khiao,Chaiyaphum
361003,36110,หนองคอนไทย,ภูเขียว,ชัยภูมิ,Nong Khon Thai,Phu Khiao,Chaiyaphum
361004,36110,บ้านแก้ง,ภูเขียว,ชัยภูมิ,Ban Kaeng,Phu Khiao,Chaiyaphum
361005,36110,กุดยม,ภูเขียว,ชัยภูมิ,Kut Yom,Phu Khiao,Chaiyaphum
361006,36110,บ้านเพชร,ภูเขียว,ชัยภูมิ,Ban Phet,Phu Khiao,Chaiyaphum
361007,36110,โคกสะอาด,ภูเขียว,ชัยภูมิ,Khok Sa-At,Phu Khiao,Chaiyaphum
361008,36110,หนองตูม,ภูเขียว,ชัยภูมิ,Nong Tum,Phu Khiao,Chaiyaphum
361009,36110,โอโล,ภูเขียว,ชัยภูมิ,O Lo,Phu Khiao,Chaiyaphum
361010,36110,ธาตุทอง,ภูเขียว,ชัยภูมิ,That Thong,Phu Khiao,Chaiyaphum
361011,36110,บ้านดอน,ภูเขียว,ชัยภูมิ,Ban Don,Phu Khiao,Chaiyaphum
361101,36190,บ้านแท่น,บ้านแท่น,ชัยภูมิ,Ban Thaen,Ban Thaen,Chaiyaphum
361102,36190,สามสวน,บ้านแท่น,ชัยภูมิ,Sam Suan,Ban Thaen,Chaiyaphum
361103,36190,สระพัง,บ้านแท่น,ชัยภูมิ,Sa Phang,Ban Thaen,Chaiyaphum
361104,36190,บ้านเต่า,บ้านแท่น,ชัยภูมิ,Ban Tao,Ban Thaen,Chaiyaphum
361105,36190,หนองคู,บ้านแท่น,ชัยภูมิ,Nong Khu,Ban Thaen,Chaiyaphum
361201,36150,ช่องสามหมอ,แก้งคร้อ,ชัยภูมิ,Chong Sam Mo,Kaeng Khro,Chaiyaphum
361202,36150,หนองขาม,แก้งคร้อ,ชัยภูมิ,Nong Kham,Kaeng Khro,Chaiyaphum
361203,36150,นาหนองทุ่ม,แก้งคร้อ,ชัยภูมิ,Na Nong Thum,Kaeng Khro,Chaiyaphum
361204,36150,บ้านแก้ง,แก้งคร้อ,ชัยภูมิ,Ban Kaeng,Kaeng Khro,Chaiyaphum
361205,36150,หนองสังข์,แก้งคร้อ,ชัยภูมิ,Nong Sang,Kaeng Khro,Chaiyaphum
361206,36150,หลุบคา,แก้งคร้อ,ชัยภูมิ,Lup Kha,Kaeng Khro,Chaiyaphum
361207,36150,โคกกุง,แก้งคร้อ,ชัยภูมิ,Khok Kung,Kaeng Khro,Chaiyaphum
361208,36150,เก่าย่าดี,แก้งคร้อ,ชัยภูมิ,Kao Ya Di,Kaeng Khro,Chaiyaphum
361209,36150,ท่ามะไฟหวาน,แก้งคร้อ,ชัยภูมิ,Tha Mafai Wan,Kaeng Khro,Chaiyaphum
361210,36150,หนองไผ่,แก้งคร้อ,ชัยภูมิ,Nong Phai,Kaeng Khro,Chaiyaphum
361301,36180,คอนสาร,คอนสาร,ชัยภูมิ,Khon San,Khon San,Chaiyaphum
361302,36180,ทุ่งพระ,คอนสาร,ชัยภูมิ,Thung Phra,Khon San,Chaiyaphum
361303,36180,โนนคูณ,คอนสาร,ชัยภูมิ,Non Khun,Khon San,Chaiyaphum
361304,36180,ห้วยยาง,คอนสาร,ชัยภูมิ,Huai Yang,Khon San,Chaiyaphum
361305,36180,ทุ่งลุยลาย,คอนสาร,ชัยภูมิ,Thung Lui Lai,Khon San,Chaiyaphum
361306,36180,ดงบัง,คอนสาร,ชัยภูมิ,Dong Bang,Khon San,Chaiyaphum
361307,36180,ทุ่งนาเลา,คอนสาร,ชัยภูมิ,Thung Na Lao,Khon San,Chaiyaphum
361308,36180,ดงกลาง,คอนสาร,ชัยภูมิ,Dong Klang,Khon San,Chaiyaphum
361401,36260,บ้านเจียง,ภักดีชุมพล,ชัยภูมิ,Ban Chiang,Phakdi Chumphon,Chaiyaphum
361402,36260,เจาทอง,ภักดีชุมพล,ชัยภูมิ,Chao Thong,Phakdi Chumphon,Chaiyaphum
361403,36260,วังทอง,ภักดีชุมพล,ชัยภูมิ,Wang Thong,Phakdi Chumphon,Chaiyaphum
361404,36260,แหลมทอง,ภักดีชุมพล,ชัยภูมิ,Laem Thong,Phakdi Chumphon,Chaiyaphum
361501,36130,หนองฉิม,เนินสง่า,ชัยภูมิ,Nong Chim,Noen Sa-Nga,Chaiyaphum
361502,36130,ตาเนิน,เนินสง่า,ชัยภูมิ,Ta Noen,Noen Sa-Nga,Chaiyaphum
361503,36130,กะฮาด,เนินสง่า,ชัยภูมิ,Kahat,Noen Sa-Nga,Chaiyaphum
361504,36130,รังงาม,เนินสง่า,ชัยภูมิ,Rang Ngam,Noen Sa-Nga,Chaiyaphum
361601,36130,ซับใหญ่,ซับใหญ่,ชัยภูมิ,Sap Yai,Sap Yai,Chaiyaphum
361602,36130,ท่ากูบ,ซับใหญ่,ชัยภูมิ,Tha Kup,Sap Yai,Chaiyaphum
361603,36130,ตะโกทอง,ซับใหญ่,ชัยภูมิ,Tako Thong,Sap Yai,Chaiyaphum
370101,37000,บุ่ง,เมืองอำนาจเจริญ,อำนาจเจริญ,Bung,Mueang Amnat Charoen,Amnat Charoen
370102,37000,ไก่คำ,เมืองอำนาจเจริญ,อำนาจเจริญ,Kai Kham,Mueang Amnat Charoen,Amnat Charoen
370103,37000,นาจิก,เมืองอำนาจเจริญ,อำนาจเจริญ,Na Chik,Mueang Amnat Charoen,Amnat Charoen
370104,37000,ปลาค้าว,เมืองอำนาจเจริญ,อำนาจเจริญ,Pla Khao,Mueang Amnat Charoen,Amnat Charoen
370105,37000,เหล่าพรวน,เมืองอำนาจเจริญ,อำนาจเจริญ,Lao Phruan,Mueang Amnat Charoen,Amnat Charoen
370106,37000,สร้างนกทา,เมืองอำนาจเจริญ,อำนาจเจริญ,Sang Nok Tha,Mueang Amnat Charoen,Amnat Charoen
370107,37000,คึมใหญ่,เมืองอำนาจเจริญ,อำนาจเจริญ,Khuem Yai,Mueang Amnat Charoen,Amnat Charoen
370108,37000,นาผือ,เมืองอำนาจเจริญ,อำนาจเจริญ,Na Phue,Mueang Amnat Charoen,Amnat Charoen
370109,37000,น้ำปลีก,เมืองอำนาจเจริญ,อำนาจเจริญ,Nam Plik,Mueang Amnat Charoen,Amnat Charoen
370110,37000,นาวัง,เมืองอำนาจเจริญ,อำนาจเจริญ,Na Wang,Mueang Amnat Charoen,Amnat Charoen
370111,37000,นาหมอม้า,เมืองอำนาจเจริญ,อำนาจเจริญ,Na Mo Ma,Mueang Amnat Charoen,Amnat Charoen
370112,37000,โนนโพธิ์,เมืองอำนาจเจริญ,อำนาจเจริญ,Non Pho,Mueang Amnat Charoen,Amnat Charoen
370113,37000,โนนหนามแท่ง,เมืองอำนาจเจริญ,อำนาจเจริญ,Non Nam Thaeng,Mueang Amnat Charoen,Amnat Charoen
370114,37000,ห้วยไร่,เมืองอำนาจเจริญ,อำนาจเจริญ,Huai Rai,Mueang Amnat Charoen,Amnat Charoen
370115,37000,หนองมะแซว,เมืองอำนาจเจริญ,อำนาจเจริญ,Nong Masaeo,Mueang Amnat Charoen,Amnat Charoen
370116,37000,กุดปลาดุก,เมืองอำนาจเจริญ,อำนาจเจริญ,Kut Pla Duk,Mueang Amnat Charoen,Amnat Charoen
370117,37000,ดอนเมย,เมืองอำนาจเจริญ,อำนาจเจริญ,Don Moei,Mueang Amnat Charoen,Amnat Charoen
370118,37000,นายม,เมืองอำนาจเจริญ,อำนาจเจริญ,Na Yom,Mueang Amnat Charoen,Amnat Charoen
370119,37000,นาแต้,เมืองอำนาจเจริญ,อำนาจเจริญ,Na Tae,Mueang Amnat Charoen,Amnat Charoen
370201,37210,ชานุมาน,ชานุมาน,อำนาจเจริญ,Chanuman,Chanuman,Amnat Charoen
370202,37210,โคกสาร,ชานุมาน,อำนาจเจริญ,Khok San,Chanuman,Amnat Charoen
370203,37210,คำเขื่อนแก้ว,ชานุมาน,อำนาจเจริญ,Kham Khuean Kaeo,Chanuman,Amnat Charoen
370204,37210,โคกก่ง,ชานุมาน,อำนาจเจริญ,Khok Kong,Chanuman,Amnat Charoen
370205,37210,ป่าก่อ,ชานุมาน,อำนาจเจริญ,Pa Ko,Chanuman,Amnat Charoen
370301,37110,หนองข่า,ปทุมราชวงศา,อำนาจเจริญ,Nong Kha,Pathum Ratchawongsa,Amnat Charoen
370302,37110,คำโพน,ปทุมราชวงศา,อำนาจเจริญ,Kham Phon,Pathum Ratchawongsa,Amnat Charoen
370303,37110,นาหว้า,ปทุมราชวงศา,อำนาจเจริญ,Na Wa,Pathum Ratchawongsa,Amnat Charoen
370304,37110,ลือ,ปทุมราชวงศา,อำนาจเจริญ,Lue,Pathum Ratchawongsa,Amnat Charoen
370305,37110,ห้วย,ปทุมราชวงศา,อำนาจเจริญ,Huai,Pathum Ratchawongsa,Amnat Charoen
370306,37110,โนนงาม,ปทุมราชวงศา,อำนาจเจริญ,Non Ngam,Pathum Ratchawongsa,Amnat Charoen
370307,37110,นาป่าแซง,ปทุมราชวงศา,อำนาจเจริญ,Na Pa Saeng,Pathum Ratchawongsa,Amnat Charoen
370401,37180,พนา,พนา,อำนาจเจริญ,Phana,Phana,Amnat Charoen
370402,37180,จานลาน,พนา,อำนาจเจริญ,Chan Lan,Phana,Amnat Charoen
370403,37180,ไม้กลอน,พนา,อำนาจเจริญ,Mai Klon,Phana,Amnat Charoen
370404,37180,พระเหลา,พนา,อำนาจเจริญ,Phra Lao,Phana,Amnat Charoen
370501,37290,เสนางคนิคม,เสนางคนิคม,อำนาจเจริญ,Senangkha Nikhom,Senangkhanikhom,Amnat Charoen
370502,37290,โพนทอง,เสนางคนิคม,อำนาจเจริญ,Phon Thong,Senangkhanikhom,Amnat Charoen
370503,37290,ไร่สีสุก,เสนางคนิคม,อำนาจเจริญ,Rai Si Suk,Senangkhanikhom,Amnat Charoen
370504,37290,นาเวียง,เสนางคนิคม,อำนาจเจริญ,Na Wiang,Senangkhanikhom,Amnat Charoen
370505,37290,หนองไฮ,เสนางคนิคม,อำนาจเจริญ,Nong Hai,Senangkhanikhom,Amnat Charoen
370506,37290,หนองสามสี,เสนางคนิคม,อำนาจเจริญ,Nong Sam Si,Senangkhanikhom,Amnat Charoen
370601,37240,หัวตะพาน,หัวตะพาน,อำนาจเจริญ,Hua Taphan,Hua Taphan,Amnat Charoen
370602,37240,คำพระ,หัวตะพาน,อำนาจเจริญ,Kham Phra,Hua Taphan,Amnat Charoen
370603,37240,เค็งใหญ่,หัวตะพาน,อำนาจเจริญ,Kheng Yai,Hua Taphan,Amnat Charoen
370604,37240,หนองแก้ว,หัวตะพาน,อำนาจเจริญ,Nong Kaeo,Hua Taphan,Amnat Charoen
370605,37240,โพนเมืองน้อย,หัวตะพาน,อำนาจเจริญ,Phon Mueang Noi,Hua Taphan,Amnat Charoen
370606,37240,สร้างถ่อน้อย,หัวตะพาน,อำนาจเจริญ,Sang Tho Noi,Hua Taphan,Amnat Charoen
370607,37240,จิกดู่,หัวตะพาน,อำนาจเจริญ,Chik Du,Hua Taphan,Amnat Charoen
370608,37240,รัตนวารี,หัวตะพาน,อำนาจเจริญ,Rattana Wari,Hua Taphan,Amnat Charoen
370701,37000,อำนาจ,ลืออำนาจ,อำนาจเจริญ,Amnat,Lue Amnat,Amnat Charoen
370702,37000,ดงมะยาง,ลืออำนาจ,อำนาจเจริญ,Dong Mayang,Lue Amnat,Amnat Charoen
370703,37000,เปือย,ลืออำนาจ,อำนาจเจริญ,Pueai,Lue Amnat,Amnat Charoen
370704,37000,ดงบัง,ลืออำนาจ,อำนาจเจริญ,Dong Bang,Lue Amnat,Amnat Charoen
370705,37000,ไร่ขี,ลืออำนาจ,อำนาจเจริญ,Rai Khi,Lue Amnat,Amnat Charoen
370706,37000,แมด,ลืออำนาจ,อำนาจเจริญ,Maet,Lue Amnat,Amnat Charoen
370707,37000,โคกกลาง,ลืออำนาจ,อำนาจเจริญ,Khok Klang,Lue Amnat,Amnat Charoen
380101,38000,บึงกาฬ,เมืองบึงกาฬ,บึงกาฬ,Seka,Bueng Kan,Bueng Kan
380102,38000,โนนสมบูรณ์,เมืองบึงกาฬ,บึงกาฬ,Sang ,Bueng Kan,Bueng Kan
380103,38000,โนนสว่าง,เมืองบึงกาฬ,บึงกาฬ,Tha Kok Daeng,Bueng Kan,Bueng Kan
380104,38000,หอคำ,เมืองบึงกาฬ,บึงกาฬ,Ban Tong,Bueng Kan,Bueng Kan
380105,38000,หนองเลิง,เมืองบึงกาฬ,บึงกาฬ,Pong Hai,Bueng Kan,Bueng Kan
380106,38000,โคกก่อง,เมืองบึงกาฬ,บึงกาฬ,Nam Chan,Bueng Kan,Bueng Kan
380107,38000,นาสวรรค์,เมืองบึงกาฬ,บึงกาฬ,Tha Sa-At,Bueng Kan,Bueng Kan
380108,38000,ไคสี,เมืองบึงกาฬ,บึงกาฬ,Nong Thum,Bueng Kan,Bueng Kan
380109,38000,ชัยพร,เมืองบึงกาฬ,บึงกาฬ,Sok Kam,Bueng Kan,Bueng Kan
380110,38000,วิศิษฐ์,เมืองบึงกาฬ,บึงกาฬ,Wisit,Bueng Kan,Bueng Kan
380111,38000,คำนาดี,เมืองบึงกาฬ,บึงกาฬ,Kham Na Di,Bueng Kan,Bueng Kan
380112,38000,โป่งเปือย,เมืองบึงกาฬ,บึงกาฬ,Pong Pueai,Bueng Kan,Bueng Kan
380201,38150,ศรีชมภู,พรเจริญ,บึงกาฬ,Si Chomphu,Phon Charoen,Bueng Kan
380202,38150,ดอนหญ้านาง,พรเจริญ,บึงกาฬ,Don Ya Nang ,Phon Charoen,Bueng Kan
380203,38150,พรเจริญ,พรเจริญ,บึงกาฬ,Phon Charoen,Phon Charoen,Bueng Kan
380204,38150,หนองหัวช้าง,พรเจริญ,บึงกาฬ,Nong Hua Chang,Phon Charoen,Bueng Kan
380205,38150,วังชมภู,พรเจริญ,บึงกาฬ,Wang Chomphu,Phon Charoen,Bueng Kan
380206,38150,ป่าแฝก,พรเจริญ,บึงกาฬ,Pa Faek,Phon Charoen,Bueng Kan
380207,38150,ศรีสำราญ,พรเจริญ,บึงกาฬ,Si Samran,Phon Charoen,Bueng Kan
380301,38170,โซ่,โซ่พิสัย,บึงกาฬ,So,So Phisai,Bueng Kan
380302,38170,หนองพันทา,โซ่พิสัย,บึงกาฬ,Nong Phan Tha,So Phisai,Bueng Kan
380303,38170,ศรีชมภู,โซ่พิสัย,บึงกาฬ,Si Chomphu,So Phisai,Bueng Kan
380304,38170,คำแก้ว,โซ่พิสัย,บึงกาฬ,Kham Kaeo,So Phisai,Bueng Kan
380305,38170,บัวตูม,โซ่พิสัย,บึงกาฬ,Bua Tum,So Phisai,Bueng Kan
380306,38170,ถ้ำเจริญ,โซ่พิสัย,บึงกาฬ,Tham Charoen,So Phisai,Bueng Kan
380307,38170,เหล่าทอง,โซ่พิสัย,บึงกาฬ,Lao Thong,So Phisai,Bueng Kan
380401,38150,เซกา,เซกา,บึงกาฬ,Pak Khat,Seka,Bueng Kan
380402,38150,ซาง,เซกา,บึงกาฬ,Nong Yong,Seka,Bueng Kan
380403,38150,ท่ากกแดง,เซกา,บึงกาฬ,Na Kang,Seka,Bueng Kan
380404,38150,บ้านต้อง,เซกา,บึงกาฬ,Non Sila,Seka,Bueng Kan
380405,38150,ป่งไฮ,เซกา,บึงกาฬ,Som Sanuk,Seka,Bueng Kan
380406,38150,น้ำจั้น,เซกา,บึงกาฬ,Na Dong,Seka,Bueng Kan
380407,38150,ท่าสะอาด,เซกา,บึงกาฬ,Tha Sa-At,Seka,Bueng Kan
380408,38150,หนองทุ่ม,เซกา,บึงกาฬ,Nong Thum,Seka,Bueng Kan
380409,38150,โสกก่าม,เซกา,บึงกาฬ,Sok Kam,Seka,Bueng Kan
380501,38190,ปากคาด,ปากคาด,บึงกาฬ,Bueng Khong Long,Pak Khat,Bueng Kan
380502,38190,หนองยอง,ปากคาด,บึงกาฬ,Pho Mak Khaeng,Pak Khat,Bueng Kan
380503,38190,นากั้ง,ปากคาด,บึงกาฬ,Dong Bang,Pak Khat,Bueng Kan
380504,38190,โนนศิลา,ปากคาด,บึงกาฬ,Tha Dok Kham,Pak Khat,Bueng Kan
380505,38190,สมสนุก,ปากคาด,บึงกาฬ,Som Sanook,Pak Khat,Bueng Kan
380506,38190,นาดง,ปากคาด,บึงกาฬ,Na Dong,Pak Khat,Bueng Kan
380601,38220,บึงโขงหลง,บึงโขงหลง,บึงกาฬ,Bueng Khong Long,Bueng Khong Long,Bueng Kan
380602,38220,โพธิ์หมากแข้ง,บึงโขงหลง,บึงกาฬ,Pho Mak Khaeng,Bueng Khong Long,Bueng Kan
380603,38220,ดงบัง,บึงโขงหลง,บึงกาฬ,Dong Bang,Bueng Khong Long,Bueng Kan
380604,38220,ท่าดอกคำ,บึงโขงหลง,บึงกาฬ,Tha Dok Kham,Bueng Khong Long,Bueng Kan
380701,38190,ศรีวิไล,ศรีวิไล,บึงกาฬ,Si Wilai,Si Wilai,Bueng Kan
380702,38190,ชุมภูพร,ศรีวิไล,บึงกาฬ,Chumphu Phon,Si Wilai,Bueng Kan
380703,38190,นาแสง,ศรีวิไล,บึงกาฬ,Na Saeng,Si Wilai,Bueng Kan
380704,38190,นาสะแบง,ศรีวิไล,บึงกาฬ,Na Sabaeng,Si Wilai,Bueng Kan
380705,38190,นาสิงห์,ศรีวิไล,บึงกาฬ,Na Sing,Si Wilai,Bueng Kan
380801,38000,บุ่งคล้า,บุ่งคล้า,บึงกาฬ,Bung Khla,Bung Khla,Bueng Kan
380802,38000,หนองเดิ่น,บุ่งคล้า,บึงกาฬ,Nong Doen,Bung Khla,Bueng Kan
380803,38000,โคกกว้าง,บุ่งคล้า,บึงกาฬ,Khok Kwang,Bung Khla,Bueng Kan
390101,39000,หนองบัว,เมืองหนองบัวลำภู,หนองบัวลำภู,Nong Bua,Mueang Nong Bua Lam Phu,Nong Bua Lam Phu
390102,39000,หนองภัยศูนย์,เมืองหนองบัวลำภู,หนองบัวลำภู,Nong Phai Sun,Mueang Nong Bua Lam Phu,Nong Bua Lam Phu
390103,39000,โพธิ์ชัย,เมืองหนองบัวลำภู,หนองบัวลำภู,Pho Chai,Mueang Nong Bua Lam Phu,Nong Bua Lam Phu
390104,39000,หนองสวรรค์,เมืองหนองบัวลำภู,หนองบัวลำภู,Nong Sawan,Mueang Nong Bua Lam Phu,Nong Bua Lam Phu
390105,39000,หัวนา,เมืองหนองบัวลำภู,หนองบัวลำภู,Hua Na,Mueang Nong Bua Lam Phu,Nong Bua Lam Phu
390106,39000,บ้านขาม,เมืองหนองบัวลำภู,หนองบัวลำภู,Ban Kham,Mueang Nong Bua Lam Phu,Nong Bua Lam Phu
390107,39000,นามะเฟือง,เมืองหนองบัวลำภู,หนองบัวลำภู,Na Mafueang,Mueang Nong Bua Lam Phu,Nong Bua Lam Phu
390108,39000,บ้านพร้าว,เมืองหนองบัวลำภู,หนองบัวลำภู,Ban Phrao,Mueang Nong Bua Lam Phu,Nong Bua Lam Phu
390109,39000,โนนขมิ้น,เมืองหนองบัวลำภู,หนองบัวลำภู,Non Khamin,Mueang Nong Bua Lam Phu,Nong Bua Lam Phu
390110,39000,ลำภู,เมืองหนองบัวลำภู,หนองบัวลำภู,Lamphu,Mueang Nong Bua Lam Phu,Nong Bua Lam Phu
390111,39000,กุดจิก,เมืองหนองบัวลำภู,หนองบัวลำภู,Kut Chik,Mueang Nong Bua Lam Phu,Nong Bua Lam Phu
390112,39000,โนนทัน,เมืองหนองบัวลำภู,หนองบัวลำภู,Non Than,Mueang Nong Bua Lam Phu,Nong Bua Lam Phu
390113,39000,นาคำไฮ,เมืองหนองบัวลำภู,หนองบัวลำภู,Na Kham Hai,Mueang Nong Bua Lam Phu,Nong Bua Lam Phu
390114,39000,ป่าไม้งาม,เมืองหนองบัวลำภู,หนองบัวลำภู,Pa Mai Ngam,Mueang Nong Bua Lam Phu,Nong Bua Lam Phu
390115,39000,หนองหว้า,เมืองหนองบัวลำภู,หนองบัวลำภู,Nong Wa,Mueang Nong Bua Lam Phu,Nong Bua Lam Phu
390201,39170,นากลาง,นากลาง,หนองบัวลำภู,Na Klang,Na Klang,Nong Bua Lam Phu
390202,39170,ด่านช้าง,นากลาง,หนองบัวลำภู,Dan Chang,Na Klang,Nong Bua Lam Phu
390205,39350,กุดดินจี่,นากลาง,หนองบัวลำภู,Kut Din Chi,Na Klang,Nong Bua Lam Phu
390206,39170,ฝั่งแดง,นากลาง,หนองบัวลำภู,Fang Daeng,Na Klang,Nong Bua Lam Phu
390207,39350,เก่ากลอย,นากลาง,หนองบัวลำภู,Kao Kloi,Na Klang,Nong Bua Lam Phu
390209,39170,โนนเมือง,นากลาง,หนองบัวลำภู,Non Mueang,Na Klang,Nong Bua Lam Phu
390210,39170,อุทัยสวรรค์,นากลาง,หนองบัวลำภู,Uthai Sawan,Na Klang,Nong Bua Lam Phu
390211,39350,ดงสวรรค์,นากลาง,หนองบัวลำภู,Dong Sawan,Na Klang,Nong Bua Lam Phu
390213,39170,กุดแห่,นากลาง,หนองบัวลำภู,Kut Hae,Na Klang,Nong Bua Lam Phu
390301,39140,โนนสัง,โนนสัง,หนองบัวลำภู,Non Sang,Non Sang,Nong Bua Lam Phu
390302,39140,บ้านถิ่น,โนนสัง,หนองบัวลำภู,Ban Thin,Non Sang,Nong Bua Lam Phu
390303,39140,หนองเรือ,โนนสัง,หนองบัวลำภู,Nong Ruea,Non Sang,Nong Bua Lam Phu
390304,39140,กุดดู่,โนนสัง,หนองบัวลำภู,Kut Du,Non Sang,Nong Bua Lam Phu
390305,39140,บ้านค้อ,โนนสัง,หนองบัวลำภู,Ban Kho,Non Sang,Nong Bua Lam Phu
390306,39140,โนนเมือง,โนนสัง,หนองบัวลำภู,Non Mueang,Non Sang,Nong Bua Lam Phu
390307,39140,โคกใหญ่,โนนสัง,หนองบัวลำภู,Khok Yai,Non Sang,Nong Bua Lam Phu
390308,39140,โคกม่วง,โนนสัง,หนองบัวลำภู,Khok Muang,Non Sang,Nong Bua Lam Phu
390309,39140,นิคมพัฒนา,โนนสัง,หนองบัวลำภู,Nikhom Phatthana,Non Sang,Nong Bua Lam Phu
390310,39140,ปางกู่,โนนสัง,หนองบัวลำภู,Pang Ku,Non Sang,Nong Bua Lam Phu
390401,39180,เมืองใหม่,ศรีบุญเรือง,หนองบัวลำภู,Mueang Mai,Si Bun Rueang,Nong Bua Lam Phu
390402,39180,ศรีบุญเรือง,ศรีบุญเรือง,หนองบัวลำภู,Si Bunrueang,Si Bun Rueang,Nong Bua Lam Phu
390403,39180,หนองบัวใต้,ศรีบุญเรือง,หนองบัวลำภู,Nong Bua Tai,Si Bun Rueang,Nong Bua Lam Phu
390404,39180,กุดสะเทียน,ศรีบุญเรือง,หนองบัวลำภู,Kut Sathian,Si Bun Rueang,Nong Bua Lam Phu
390405,39180,นากอก,ศรีบุญเรือง,หนองบัวลำภู,Na Kok,Si Bun Rueang,Nong Bua Lam Phu
390406,39180,โนนสะอาด,ศรีบุญเรือง,หนองบัวลำภู,Non Sa-At,Si Bun Rueang,Nong Bua Lam Phu
390407,39180,ยางหล่อ,ศรีบุญเรือง,หนองบัวลำภู,Yang Lo,Si Bun Rueang,Nong Bua Lam Phu
390408,39180,โนนม่วง,ศรีบุญเรือง,หนองบัวลำภู,Non Muang,Si Bun Rueang,Nong Bua Lam Phu
390409,39180,หนองกุงแก้ว,ศรีบุญเรือง,หนองบัวลำภู,Nong Kung Kaeo,Si Bun Rueang,Nong Bua Lam Phu
390410,39180,หนองแก,ศรีบุญเรือง,หนองบัวลำภู,Nong Kae,Si Bun Rueang,Nong Bua Lam Phu
390411,39180,ทรายทอง,ศรีบุญเรือง,หนองบัวลำภู,Sai Thong,Si Bun Rueang,Nong Bua Lam Phu
390412,39180,หันนางาม,ศรีบุญเรือง,หนองบัวลำภู,Han Na Ngam,Si Bun Rueang,Nong Bua Lam Phu
390501,39270,นาสี,สุวรรณคูหา,หนองบัวลำภู,Na Si,Suwannakhuha,Nong Bua Lam Phu
390502,39270,บ้านโคก,สุวรรณคูหา,หนองบัวลำภู,Ban Khok,Suwannakhuha,Nong Bua Lam Phu
390503,39270,นาดี,สุวรรณคูหา,หนองบัวลำภู,Na Di,Suwannakhuha,Nong Bua Lam Phu
390504,39270,นาด่าน,สุวรรณคูหา,หนองบัวลำภู,Na Dan,Suwannakhuha,Nong Bua Lam Phu
390505,39270,ดงมะไฟ,สุวรรณคูหา,หนองบัวลำภู,Dong Mafai,Suwannakhuha,Nong Bua Lam Phu
390506,39270,สุวรรณคูหา,สุวรรณคูหา,หนองบัวลำภู,Suwanna Khuha,Suwannakhuha,Nong Bua Lam Phu
390507,39270,บุญทัน,สุวรรณคูหา,หนองบัวลำภู,Bunthan,Suwannakhuha,Nong Bua Lam Phu
390508,39270,กุดผึ้ง,สุวรรณคูหา,หนองบัวลำภู,Kut Phueng,Suwannakhuha,Nong Bua Lam Phu
390601,39170,นาเหล่า,นาวัง,หนองบัวลำภู,Na Lao,Na Wang,Nong Bua Lam Phu
390602,39170,นาแก,นาวัง,หนองบัวลำภู,Na Kae,Na Wang,Nong Bua Lam Phu
390603,39170,วังทอง,นาวัง,หนองบัวลำภู,Wang Thong,Na Wang,Nong Bua Lam Phu
390604,39170,วังปลาป้อม,นาวัง,หนองบัวลำภู,Wang Pla Pom,Na Wang,Nong Bua Lam Phu
390605,39170,เทพคีรี,นาวัง,หนองบัวลำภู,Thep Khiri,Na Wang,Nong Bua Lam Phu
400101,40000,ในเมือง,เมืองขอนแก่น,ขอนแก่น,Nai Mueang,Mueang Khon Kaen,Khon Kaen
400102,40000,สำราญ,เมืองขอนแก่น,ขอนแก่น,Samran,Mueang Khon Kaen,Khon Kaen
400103,40000,โคกสี,เมืองขอนแก่น,ขอนแก่น,Khok Si,Mueang Khon Kaen,Khon Kaen
400104,40260,ท่าพระ,เมืองขอนแก่น,ขอนแก่น,Tha Phra,Mueang Khon Kaen,Khon Kaen
400105,40000,บ้านทุ่ม,เมืองขอนแก่น,ขอนแก่น,Ban Thum,Mueang Khon Kaen,Khon Kaen
400106,40000,เมืองเก่า,เมืองขอนแก่น,ขอนแก่น,Mueang Kao,Mueang Khon Kaen,Khon Kaen
400107,40000,พระลับ,เมืองขอนแก่น,ขอนแก่น,Phra Lap,Mueang Khon Kaen,Khon Kaen
400108,40000,สาวะถี,เมืองขอนแก่น,ขอนแก่น,Sawathi,Mueang Khon Kaen,Khon Kaen
400109,40000,บ้านหว้า,เมืองขอนแก่น,ขอนแก่น,Ban Wa,Mueang Khon Kaen,Khon Kaen
400110,40000,บ้านค้อ,เมืองขอนแก่น,ขอนแก่น,Ban Kho,Mueang Khon Kaen,Khon Kaen
400111,40000,แดงใหญ่,เมืองขอนแก่น,ขอนแก่น,Daeng Yai,Mueang Khon Kaen,Khon Kaen
400112,40000,ดอนช้าง,เมืองขอนแก่น,ขอนแก่น,Don Chang,Mueang Khon Kaen,Khon Kaen
400113,40260,ดอนหัน,เมืองขอนแก่น,ขอนแก่น,Don Han,Mueang Khon Kaen,Khon Kaen
400114,40000,ศิลา,เมืองขอนแก่น,ขอนแก่น,Sila,Mueang Khon Kaen,Khon Kaen
400115,40000,บ้านเป็ด,เมืองขอนแก่น,ขอนแก่น,Ban Pet,Mueang Khon Kaen,Khon Kaen
400116,40000,หนองตูม,เมืองขอนแก่น,ขอนแก่น,Nong Tum,Mueang Khon Kaen,Khon Kaen
400117,40000,บึงเนียม,เมืองขอนแก่น,ขอนแก่น,Bueng Niam,Mueang Khon Kaen,Khon Kaen
400118,40000,โนนท่อน,เมืองขอนแก่น,ขอนแก่น,Non Thon,Mueang Khon Kaen,Khon Kaen
400201,40270,หนองบัว,บ้านฝาง,ขอนแก่น,Nong Bua,Ban Fang,Khon Kaen
400202,40270,ป่าหวายนั่ง,บ้านฝาง,ขอนแก่น,Pa Wai Nang,Ban Fang,Khon Kaen
400203,40270,โนนฆ้อง,บ้านฝาง,ขอนแก่น,Non Khong,Ban Fang,Khon Kaen
400204,40270,บ้านเหล่า,บ้านฝาง,ขอนแก่น,Ban Lao,Ban Fang,Khon Kaen
400205,40270,ป่ามะนาว,บ้านฝาง,ขอนแก่น,Pa Manao,Ban Fang,Khon Kaen
400206,40270,บ้านฝาง,บ้านฝาง,ขอนแก่น,Ban Fang,Ban Fang,Khon Kaen
400207,40270,โคกงาม,บ้านฝาง,ขอนแก่น,Khok Ngam,Ban Fang,Khon Kaen
400301,40320,พระยืน,พระยืน,ขอนแก่น,Phra Yuen,Phra Yuen,Khon Kaen
400302,40320,พระบุ,พระยืน,ขอนแก่น,Phra Bu,Phra Yuen,Khon Kaen
400303,40320,บ้านโต้น,พระยืน,ขอนแก่น,Ban Ton,Phra Yuen,Khon Kaen
400304,40320,หนองแวง,พระยืน,ขอนแก่น,Nong Waeng,Phra Yuen,Khon Kaen
400305,40320,ขามป้อม,พระยืน,ขอนแก่น,Kham Pom,Phra Yuen,Khon Kaen
400401,40210,หนองเรือ,หนองเรือ,ขอนแก่น,Nong Ruea,Nong Ruea,Khon Kaen
400402,40210,บ้านเม็ง,หนองเรือ,ขอนแก่น,Ban Meng,Nong Ruea,Khon Kaen
400403,40240,บ้านกง,หนองเรือ,ขอนแก่น,Ban Kong,Nong Ruea,Khon Kaen
400404,40240,ยางคำ,หนองเรือ,ขอนแก่น,Yang Kham,Nong Ruea,Khon Kaen
400405,40240,จระเข้,หนองเรือ,ขอนแก่น,Chorakhe,Nong Ruea,Khon Kaen
400406,40210,โนนทอง,หนองเรือ,ขอนแก่น,Non Thong,Nong Ruea,Khon Kaen
400407,40210,กุดกว้าง,หนองเรือ,ขอนแก่น,Kut Kwang,Nong Ruea,Khon Kaen
400408,40210,โนนทัน,หนองเรือ,ขอนแก่น,Non Than,Nong Ruea,Khon Kaen
400409,40210,โนนสะอาด,หนองเรือ,ขอนแก่น,Non Sa-At,Nong Ruea,Khon Kaen
400410,40240,บ้านผือ,หนองเรือ,ขอนแก่น,Ban Phue,Nong Ruea,Khon Kaen
400501,40130,ชุมแพ,ชุมแพ,ขอนแก่น,Chum Phae,Chum Phae,Khon Kaen
400502,40290,โนนหัน,ชุมแพ,ขอนแก่น,Non Han,Chum Phae,Khon Kaen
400503,40290,นาหนองทุ่ม,ชุมแพ,ขอนแก่น,Na Nong Thum,Chum Phae,Khon Kaen
400504,40130,โนนอุดม,ชุมแพ,ขอนแก่น,Non Udom,Chum Phae,Khon Kaen
400505,40130,ขัวเรียง,ชุมแพ,ขอนแก่น,Khua Riang,Chum Phae,Khon Kaen
400506,40130,หนองไผ่,ชุมแพ,ขอนแก่น,Nong Phai,Chum Phae,Khon Kaen
400507,40130,ไชยสอ,ชุมแพ,ขอนแก่น,Chai So,Chum Phae,Khon Kaen
400508,40130,วังหินลาด,ชุมแพ,ขอนแก่น,Wang Hin Lat,Chum Phae,Khon Kaen
400509,40130,นาเพียง,ชุมแพ,ขอนแก่น,Na Phiang,Chum Phae,Khon Kaen
400510,40290,หนองเขียด,ชุมแพ,ขอนแก่น,Nong Khiat,Chum Phae,Khon Kaen
400511,40130,หนองเสาเล้า,ชุมแพ,ขอนแก่น,Nong Sao Lao,Chum Phae,Khon Kaen
400512,40290,โนนสะอาด,ชุมแพ,ขอนแก่น,Non Sa-At,Chum Phae,Khon Kaen
400601,40220,สีชมพู,สีชมพู,ขอนแก่น,Si Chomphu,Si Chomphu,Khon Kaen
400602,40220,ศรีสุข,สีชมพู,ขอนแก่น,Si Suk,Si Chomphu,Khon Kaen
400603,40220,นาจาน,สีชมพู,ขอนแก่น,Na Chan,Si Chomphu,Khon Kaen
400604,40220,วังเพิ่ม,สีชมพู,ขอนแก่น,Wang Phoem,Si Chomphu,Khon Kaen
400605,40220,ซำยาง,สีชมพู,ขอนแก่น,Sam Yang,Si Chomphu,Khon Kaen
400606,40220,หนองแดง,สีชมพู,ขอนแก่น,Nong Daeng,Si Chomphu,Khon Kaen
400607,40220,ดงลาน,สีชมพู,ขอนแก่น,Dong Lan,Si Chomphu,Khon Kaen
400608,40220,บริบูรณ์,สีชมพู,ขอนแก่น,Boribun,Si Chomphu,Khon Kaen
400609,40220,บ้านใหม่,สีชมพู,ขอนแก่น,Ban Mai,Si Chomphu,Khon Kaen
400610,40220,ภูห่าน,สีชมพู,ขอนแก่น,Phu Han,Si Chomphu,Khon Kaen
400701,40140,น้ำพอง,น้ำพอง,ขอนแก่น,Nam Phong,Nam Phong,Khon Kaen
400702,40140,วังชัย,น้ำพอง,ขอนแก่น,Wang Chai,Nam Phong,Khon Kaen
400703,40140,หนองกุง,น้ำพอง,ขอนแก่น,Nong Kung,Nam Phong,Khon Kaen
400704,40140,บัวใหญ่,น้ำพอง,ขอนแก่น,Bua Yai,Nam Phong,Khon Kaen
400705,40310,สะอาด,น้ำพอง,ขอนแก่น,Sa-At,Nam Phong,Khon Kaen
400706,40310,ม่วงหวาน,น้ำพอง,ขอนแก่น,Muang Wan,Nam Phong,Khon Kaen
400707,40140,บ้านขาม,น้ำพอง,ขอนแก่น,Ban Kham,Nam Phong,Khon Kaen
400708,40140,บัวเงิน,น้ำพอง,ขอนแก่น,Bua Ngoen,Nam Phong,Khon Kaen
400709,40140,ทรายมูล,น้ำพอง,ขอนแก่น,Sai Mun,Nam Phong,Khon Kaen
400710,40140,ท่ากระเสริม,น้ำพอง,ขอนแก่น,Tha Krasoem,Nam Phong,Khon Kaen
400711,40140,พังทุย,น้ำพอง,ขอนแก่น,Phang Thui,Nam Phong,Khon Kaen
400712,40140,กุดน้ำใส,น้ำพอง,ขอนแก่น,Kut Nam Sai,Nam Phong,Khon Kaen
400801,40250,โคกสูง,อุบลรัตน์,ขอนแก่น,Khok Sung,Ubolratana,Khon Kaen
400802,40250,บ้านดง,อุบลรัตน์,ขอนแก่น,Ban Dong,Ubolratana,Khon Kaen
400803,40250,เขื่อนอุบลรัตน์,อุบลรัตน์,ขอนแก่น,Khuean Ubonrat,Ubolratana,Khon Kaen
400804,40250,นาคำ,อุบลรัตน์,ขอนแก่น,Na Kham,Ubolratana,Khon Kaen
400805,40250,ศรีสุขสำราญ,อุบลรัตน์,ขอนแก่น,Si Suk Samran,Ubolratana,Khon Kaen
400806,40250,ทุ่งโป่ง,อุบลรัตน์,ขอนแก่น,Thung Pong,Ubolratana,Khon Kaen
400901,40170,หนองโก,กระนวน,ขอนแก่น,Nong Ko,Kranuan,Khon Kaen
400902,40170,หนองกุงใหญ่,กระนวน,ขอนแก่น,Nong Kung Yai,Kranuan,Khon Kaen
400905,40170,ห้วยโจด,กระนวน,ขอนแก่น,Huai Chot,Kranuan,Khon Kaen
400906,40170,ห้วยยาง,กระนวน,ขอนแก่น,Huai Yang,Kranuan,Khon Kaen
400907,40170,บ้านฝาง,กระนวน,ขอนแก่น,Ban Fang,Kranuan,Khon Kaen
400909,40170,ดูนสาด,กระนวน,ขอนแก่น,Dun Sat,Kranuan,Khon Kaen
400910,40170,หนองโน,กระนวน,ขอนแก่น,Nong No,Kranuan,Khon Kaen
400911,40170,น้ำอ้อม,กระนวน,ขอนแก่น,Nam Om,Kranuan,Khon Kaen
400912,40170,หัวนาคำ,กระนวน,ขอนแก่น,Hua Na Kham,Kranuan,Khon Kaen
401001,40110,บ้านไผ่,บ้านไผ่,ขอนแก่น,Ban Phai,Ban Phai,Khon Kaen
401002,40110,ในเมือง,บ้านไผ่,ขอนแก่น,Nai Mueang,Ban Phai,Khon Kaen
401005,40110,เมืองเพีย,บ้านไผ่,ขอนแก่น,Mueang Phia,Ban Phai,Khon Kaen
401009,40110,บ้านลาน,บ้านไผ่,ขอนแก่น,Ban Lan,Ban Phai,Khon Kaen
401010,40110,แคนเหนือ,บ้านไผ่,ขอนแก่น,Khaen Nuea,Ban Phai,Khon Kaen
401011,40110,ภูเหล็ก,บ้านไผ่,ขอนแก่น,Phu Lek,Ban Phai,Khon Kaen
401013,40110,ป่าปอ,บ้านไผ่,ขอนแก่น,Pa Po,Ban Phai,Khon Kaen
401014,40110,หินตั้ง,บ้านไผ่,ขอนแก่น,Hin Tang,Ban Phai,Khon Kaen
401016,40110,หนองน้ำใส,บ้านไผ่,ขอนแก่น,Nong Nam Sai,Ban Phai,Khon Kaen
401017,40110,หัวหนอง,บ้านไผ่,ขอนแก่น,Hua Nong,Ban Phai,Khon Kaen
401101,40340,เปือยน้อย,เปือยน้อย,ขอนแก่น,Pueai Noi,Pueai Noi,Khon Kaen
401102,40340,วังม่วง,เปือยน้อย,ขอนแก่น,Wang Muang,Pueai Noi,Khon Kaen
401103,40340,ขามป้อม,เปือยน้อย,ขอนแก่น,Kham Pom,Pueai Noi,Khon Kaen
401104,40340,สระแก้ว,เปือยน้อย,ขอนแก่น,Sa Kaeo,Pueai Noi,Khon Kaen
401201,40120,เมืองพล,พล,ขอนแก่น,Mueang Phon,Phon,Khon Kaen
401203,40120,โจดหนองแก,พล,ขอนแก่น,Chot Nong Kae,Phon,Khon Kaen
401204,40120,เก่างิ้ว,พล,ขอนแก่น,Kao Ngio,Phon,Khon Kaen
401205,40120,หนองมะเขือ,พล,ขอนแก่น,Nong Makhuea,Phon,Khon Kaen
401206,40120,หนองแวงโสกพระ,พล,ขอนแก่น,Nong Waeng Sok Phra,Phon,Khon Kaen
401207,40120,เพ็กใหญ่,พล,ขอนแก่น,Phek Yai,Phon,Khon Kaen
401208,40120,โคกสง่า,พล,ขอนแก่น,Khok Sa-Nga,Phon,Khon Kaen
401209,40120,หนองแวงนางเบ้า,พล,ขอนแก่น,Nong Waeng Nang Bao,Phon,Khon Kaen
401210,40120,ลอมคอม,พล,ขอนแก่น,Lom Khom,Phon,Khon Kaen
401211,40120,โนนข่า,พล,ขอนแก่น,Non Kha,Phon,Khon Kaen
401212,40120,โสกนกเต็น,พล,ขอนแก่น,Sok Nok Ten,Phon,Khon Kaen
401213,40120,หัวทุ่ง,พล,ขอนแก่น,Hua Thung,Phon,Khon Kaen
401301,40330,คอนฉิม,แวงใหญ่,ขอนแก่น,Khon Chim,Waeng Yai,Khon Kaen
401302,40330,ใหม่นาเพียง,แวงใหญ่,ขอนแก่น,Mai Na Phiang,Waeng Yai,Khon Kaen
401303,40330,โนนทอง,แวงใหญ่,ขอนแก่น,Non Thong,Waeng Yai,Khon Kaen
401304,40330,แวงใหญ่,แวงใหญ่,ขอนแก่น,Waeng Yai,Waeng Yai,Khon Kaen
401305,40330,โนนสะอาด,แวงใหญ่,ขอนแก่น,Non Sa-At,Waeng Yai,Khon Kaen
401401,40230,แวงน้อย,แวงน้อย,ขอนแก่น,Waeng Noi,Waeng Noi,Khon Kaen
401402,40230,ก้านเหลือง,แวงน้อย,ขอนแก่น,Kan Lueang,Waeng Noi,Khon Kaen
401403,40230,ท่านางแนว,แวงน้อย,ขอนแก่น,Tha Nang Naeo,Waeng Noi,Khon Kaen
401404,40230,ละหานนา,แวงน้อย,ขอนแก่น,Lahan Na,Waeng Noi,Khon Kaen
401405,40230,ท่าวัด,แวงน้อย,ขอนแก่น,Tha Wat,Waeng Noi,Khon Kaen
401406,40230,ทางขวาง,แวงน้อย,ขอนแก่น,Thang Khwang,Waeng Noi,Khon Kaen
401501,40190,หนองสองห้อง,หนองสองห้อง,ขอนแก่น,Nong Song Hong,Nong Song Hong,Khon Kaen
401502,40190,คึมชาด,หนองสองห้อง,ขอนแก่น,Khuem Chat,Nong Song Hong,Khon Kaen
401503,40190,โนนธาตุ,หนองสองห้อง,ขอนแก่น,Non That,Nong Song Hong,Khon Kaen
401504,40190,ตะกั่วป่า,หนองสองห้อง,ขอนแก่น,Takua Pa,Nong Song Hong,Khon Kaen
401505,40190,สำโรง,หนองสองห้อง,ขอนแก่น,Samrong,Nong Song Hong,Khon Kaen
401506,40190,หนองเม็ก,หนองสองห้อง,ขอนแก่น,Nong Mek,Nong Song Hong,Khon Kaen
401507,40190,ดอนดู่,หนองสองห้อง,ขอนแก่น,Don Du,Nong Song Hong,Khon Kaen
401508,40190,ดงเค็ง,หนองสองห้อง,ขอนแก่น,Dong Kheng,Nong Song Hong,Khon Kaen
401509,40190,หันโจด,หนองสองห้อง,ขอนแก่น,Han Chot,Nong Song Hong,Khon Kaen
401510,40190,ดอนดั่ง,หนองสองห้อง,ขอนแก่น,Don Dang,Nong Song Hong,Khon Kaen
401511,40190,วังหิน,หนองสองห้อง,ขอนแก่น,Wang Hin,Nong Song Hong,Khon Kaen
401512,40190,หนองไผ่ล้อม,หนองสองห้อง,ขอนแก่น,Nong Phai Lom,Nong Song Hong,Khon Kaen
401601,40150,บ้านเรือ,ภูเวียง,ขอนแก่น,Ban Ruea,Phu Wiang,Khon Kaen
401604,40150,หว้าทอง,ภูเวียง,ขอนแก่น,Wa Thong,Phu Wiang,Khon Kaen
401605,40150,กุดขอนแก่น,ภูเวียง,ขอนแก่น,Kut Khon Kaen,Phu Wiang,Khon Kaen
401606,40150,นาชุมแสง,ภูเวียง,ขอนแก่น,Na Chum Saeng,Phu Wiang,Khon Kaen
401607,40150,นาหว้า,ภูเวียง,ขอนแก่น,Na Wa,Phu Wiang,Khon Kaen
401610,40150,หนองกุงธนสาร,ภูเวียง,ขอนแก่น,Nong Kung Thanasan,Phu Wiang,Khon Kaen
401612,40150,หนองกุงเซิน,ภูเวียง,ขอนแก่น,Nong Kung Soen,Phu Wiang,Khon Kaen
401613,40150,สงเปือย,ภูเวียง,ขอนแก่น,Song Pueai,Phu Wiang,Khon Kaen
401614,40150,ทุ่งชมพู,ภูเวียง,ขอนแก่น,Thung Chomphu,Phu Wiang,Khon Kaen
401616,40150,ดินดำ,ภูเวียง,ขอนแก่น,Din Dam,Phu Wiang,Khon Kaen
401617,40150,ภูเวียง,ภูเวียง,ขอนแก่น,Phu Wiang,Phu Wiang,Khon Kaen
401701,40160,กุดเค้า,มัญจาคีรี,ขอนแก่น,Kut Khao,Mancha Khiri,Khon Kaen
401702,40160,สวนหม่อน,มัญจาคีรี,ขอนแก่น,Suan Mon,Mancha Khiri,Khon Kaen
401703,40160,หนองแปน,มัญจาคีรี,ขอนแก่น,Nong Paen,Mancha Khiri,Khon Kaen
401704,40160,โพนเพ็ก,มัญจาคีรี,ขอนแก่น,Phon Phek,Mancha Khiri,Khon Kaen
401705,40160,คำแคน,มัญจาคีรี,ขอนแก่น,Kham Khaen,Mancha Khiri,Khon Kaen
401706,40160,นาข่า,มัญจาคีรี,ขอนแก่น,Nakha,Mancha Khiri,Khon Kaen
401707,40160,นางาม,มัญจาคีรี,ขอนแก่น,Na Ngam,Mancha Khiri,Khon Kaen
401710,40160,ท่าศาลา,มัญจาคีรี,ขอนแก่น,Tha Sala,Mancha Khiri,Khon Kaen
401801,40180,ชนบท,ชนบท,ขอนแก่น,Chonnabot,Chonnabot,Khon Kaen
401802,40180,กุดเพียขอม,ชนบท,ขอนแก่น,Kut Phia Khom,Chonnabot,Khon Kaen
401803,40180,วังแสง,ชนบท,ขอนแก่น,Wang Saeng,Chonnabot,Khon Kaen
401804,40180,ห้วยแก,ชนบท,ขอนแก่น,Huai Kae,Chonnabot,Khon Kaen
401805,40180,บ้านแท่น,ชนบท,ขอนแก่น,Ban Thaen,Chonnabot,Khon Kaen
401806,40180,ศรีบุญเรือง,ชนบท,ขอนแก่น,Si Bunrueang,Chonnabot,Khon Kaen
401807,40180,โนนพะยอม,ชนบท,ขอนแก่น,Non Phayom,Chonnabot,Khon Kaen
401808,40180,ปอแดง,ชนบท,ขอนแก่น,Po Daeng,Chonnabot,Khon Kaen
401901,40280,เขาสวนกวาง,เขาสวนกวาง,ขอนแก่น,Khao Suan Kwang,Khao Suan Kwang,Khon Kaen
401902,40280,ดงเมืองแอม,เขาสวนกวาง,ขอนแก่น,Dong Mueang Am,Khao Suan Kwang,Khon Kaen
401903,40280,นางิ้ว,เขาสวนกวาง,ขอนแก่น,Na Ngio,Khao Suan Kwang,Khon Kaen
401904,40280,โนนสมบูรณ์,เขาสวนกวาง,ขอนแก่น,Non Sombun,Khao Suan Kwang,Khon Kaen
401905,40280,คำม่วง,เขาสวนกวาง,ขอนแก่น,Kham Muang,Khao Suan Kwang,Khon Kaen
402001,40350,โนนคอม,ภูผาม่าน,ขอนแก่น,Non Khom,Phu Phaman,Khon Kaen
402002,40350,นาฝาย,ภูผาม่าน,ขอนแก่น,Na Fai,Phu Phaman,Khon Kaen
402003,40350,ภูผาม่าน,ภูผาม่าน,ขอนแก่น,Phu Pha Man,Phu Phaman,Khon Kaen
402004,40350,วังสวาบ,ภูผาม่าน,ขอนแก่น,Wang Sawap,Phu Phaman,Khon Kaen
402005,40350,ห้วยม่วง,ภูผาม่าน,ขอนแก่น,Huai Muang,Phu Phaman,Khon Kaen
402101,40170,กระนวน,ซำสูง,ขอนแก่น,Kranuan,Sam Sung,Khon Kaen
402102,40170,คำแมด,ซำสูง,ขอนแก่น,Kham Maet,Sam Sung,Khon Kaen
402103,40170,บ้านโนน,ซำสูง,ขอนแก่น,Ban Non,Sam Sung,Khon Kaen
402104,40170,คูคำ,ซำสูง,ขอนแก่น,Khu Kham,Sam Sung,Khon Kaen
402105,40170,ห้วยเตย,ซำสูง,ขอนแก่น,Huai Toei,Sam Sung,Khon Kaen
402201,40160,บ้านโคก,โคกโพธิ์ไชย,ขอนแก่น,Ban Khok,Khok Pho Chai,Khon Kaen
402202,40160,โพธิ์ไชย,โคกโพธิ์ไชย,ขอนแก่น,Pho Chai,Khok Pho Chai,Khon Kaen
402203,40160,ซับสมบูรณ์,โคกโพธิ์ไชย,ขอนแก่น,Sap Sombun,Khok Pho Chai,Khon Kaen
402204,40160,นาแพง,โคกโพธิ์ไชย,ขอนแก่น,Na Phaeng,Khok Pho Chai,Khon Kaen
402301,40150,กุดธาตุ,หนองนาคำ,ขอนแก่น,Kut That,Nong Na Kham,Khon Kaen
402302,40150,บ้านโคก,หนองนาคำ,ขอนแก่น,Ban Khok,Nong Na Kham,Khon Kaen
402303,40150,ขนวน,หนองนาคำ,ขอนแก่น,Khanuan,Nong Na Kham,Khon Kaen
402401,40110,บ้านแฮด,บ้านแฮด,ขอนแก่น,Ban Haet,Ban Haet,Khon Kaen
402402,40110,โคกสำราญ,บ้านแฮด,ขอนแก่น,Khok Samran,Ban Haet,Khon Kaen
402403,40110,โนนสมบูรณ์,บ้านแฮด,ขอนแก่น,Non Sombun,Ban Haet,Khon Kaen
402404,40110,หนองแซง,บ้านแฮด,ขอนแก่น,Nong Saeng,Ban Haet,Khon Kaen
402501,40110,โนนศิลา,โนนศิลา,ขอนแก่น,Non Sila,Non Sila,Khon Kaen
402502,40110,หนองปลาหมอ,โนนศิลา,ขอนแก่น,Nong Pla Mo,Non Sila,Khon Kaen
402503,40110,บ้านหัน,โนนศิลา,ขอนแก่น,Ban Han,Non Sila,Khon Kaen
402504,40110,เปือยใหญ่,โนนศิลา,ขอนแก่น,Pueai Yai,Non Sila,Khon Kaen
402505,40110,โนนแดง,โนนศิลา,ขอนแก่น,Non Daeng,Non Sila,Khon Kaen
402901,40140,ในเมือง,เวียงเก่า,ขอนแก่น,Nai Mueang,Wiang Kao,Khon Kaen
402902,40140,เมืองเก่าพัฒนา,เวียงเก่า,ขอนแก่น,Mueang Kao Phatthana,Wiang Kao,Khon Kaen
402903,40140,เขาน้อย,เวียงเก่า,ขอนแก่น,Khao Noi,Wiang Kao,Khon Kaen
410101,41000,หมากแข้ง,เมืองอุดรธานี,อุดรธานี,Mak Khaeng,Mueang Udon Thani,Udon Thani
410102,41000,นิคมสงเคราะห์,เมืองอุดรธานี,อุดรธานี,Nikhom Songkhro,Mueang Udon Thani,Udon Thani
410103,41000,บ้านขาว,เมืองอุดรธานี,อุดรธานี,Ban Khao,Mueang Udon Thani,Udon Thani
410104,41000,หนองบัว,เมืองอุดรธานี,อุดรธานี,Nong Bua,Mueang Udon Thani,Udon Thani
410105,41000,บ้านตาด,เมืองอุดรธานี,อุดรธานี,Ban Tat,Mueang Udon Thani,Udon Thani
410106,41330,โนนสูง,เมืองอุดรธานี,อุดรธานี,Non Sung,Mueang Udon Thani,Udon Thani
410107,41000,หมูม่น,เมืองอุดรธานี,อุดรธานี,Mu Mon,Mueang Udon Thani,Udon Thani
410108,41000,เชียงยืน,เมืองอุดรธานี,อุดรธานี,Chiang Yuen,Mueang Udon Thani,Udon Thani
410109,41000,หนองนาคำ,เมืองอุดรธานี,อุดรธานี,Nong Na Kham,Mueang Udon Thani,Udon Thani
410110,41000,กุดสระ,เมืองอุดรธานี,อุดรธานี,Kut Sa,Mueang Udon Thani,Udon Thani
410111,41000,นาดี,เมืองอุดรธานี,อุดรธานี,Na Di,Mueang Udon Thani,Udon Thani
410112,41000,บ้านเลื่อม,เมืองอุดรธานี,อุดรธานี,Ban Lueam,Mueang Udon Thani,Udon Thani
410113,41000,เชียงพิณ,เมืองอุดรธานี,อุดรธานี,Chiang Phin,Mueang Udon Thani,Udon Thani
410114,41000,สามพร้าว,เมืองอุดรธานี,อุดรธานี,Sam Phrao,Mueang Udon Thani,Udon Thani
410115,41000,หนองไฮ,เมืองอุดรธานี,อุดรธานี,Nong Hai,Mueang Udon Thani,Udon Thani
410116,41000,นาข่า,เมืองอุดรธานี,อุดรธานี,Na Kha,Mueang Udon Thani,Udon Thani
410117,41000,บ้านจั่น,เมืองอุดรธานี,อุดรธานี,Ban Chan,Mueang Udon Thani,Udon Thani
410118,41000,หนองขอนกว้าง,เมืองอุดรธานี,อุดรธานี,Nong Khon Kwang,Mueang Udon Thani,Udon Thani
410119,41000,โคกสะอาด,เมืองอุดรธานี,อุดรธานี,Khok Sa-At,Mueang Udon Thani,Udon Thani
410120,41000,นากว้าง,เมืองอุดรธานี,อุดรธานี,Na Kwang,Mueang Udon Thani,Udon Thani
410121,41330,หนองไผ่,เมืองอุดรธานี,อุดรธานี,Nong Phai,Mueang Udon Thani,Udon Thani
410201,41250,กุดจับ,กุดจับ,อุดรธานี,Kut Chap,Kut Chap,Udon Thani
410202,41250,ปะโค,กุดจับ,อุดรธานี,Pakho,Kut Chap,Udon Thani
410203,41250,ขอนยูง,กุดจับ,อุดรธานี,Khon Yung,Kut Chap,Udon Thani
410204,41250,เชียงเพ็ง,กุดจับ,อุดรธานี,Chiang Pheng,Kut Chap,Udon Thani
410205,41250,สร้างก่อ,กุดจับ,อุดรธานี,Sang Ko,Kut Chap,Udon Thani
410206,41250,เมืองเพีย,กุดจับ,อุดรธานี,Mueang Phia,Kut Chap,Udon Thani
410207,41250,ตาลเลียน,กุดจับ,อุดรธานี,Tan Lian,Kut Chap,Udon Thani
410301,41360,หมากหญ้า,หนองวัวซอ,อุดรธานี,Mak Ya,Nong Wua So,Udon Thani
410302,41220,หนองอ้อ,หนองวัวซอ,อุดรธานี,Nong O,Nong Wua So,Udon Thani
410303,41220,อูบมุง,หนองวัวซอ,อุดรธานี,Up Mung,Nong Wua So,Udon Thani
410304,41220,กุดหมากไฟ,หนองวัวซอ,อุดรธานี,Kut Mak Fai,Nong Wua So,Udon Thani
410305,41360,น้ำพ่น,หนองวัวซอ,อุดรธานี,Nam Phon,Nong Wua So,Udon Thani
410306,41360,หนองบัวบาน,หนองวัวซอ,อุดรธานี,Nong Bua Ban,Nong Wua So,Udon Thani
410307,41220,โนนหวาย,หนองวัวซอ,อุดรธานี,Non Wai,Nong Wua So,Udon Thani
410308,41360,หนองวัวซอ,หนองวัวซอ,อุดรธานี,Nong Wua So,Nong Wua So,Udon Thani
410401,41110,ตูมใต้,กุมภวาปี,อุดรธานี,Tum Tai,Kumphawapi,Udon Thani
410402,41370,พันดอน,กุมภวาปี,อุดรธานี,Phan Don,Kumphawapi,Udon Thani
410403,41110,เวียงคำ,กุมภวาปี,อุดรธานี,Wiang Kham,Kumphawapi,Udon Thani
410404,41110,แชแล,กุมภวาปี,อุดรธานี,Chae Lae,Kumphawapi,Udon Thani
410406,41110,เชียงแหว,กุมภวาปี,อุดรธานี,Chiang Wae,Kumphawapi,Udon Thani
410407,41110,ห้วยเกิ้ง,กุมภวาปี,อุดรธานี,Huai Koeng,Kumphawapi,Udon Thani
410409,41370,เสอเพลอ,กุมภวาปี,อุดรธานี,Soe Phloe,Kumphawapi,Udon Thani
410410,41110,สีออ,กุมภวาปี,อุดรธานี,Si-O,Kumphawapi,Udon Thani
410411,41370,ปะโค,กุมภวาปี,อุดรธานี,Pakho,Kumphawapi,Udon Thani
410413,41370,ผาสุก,กุมภวาปี,อุดรธานี,Pha Suk,Kumphawapi,Udon Thani
410414,41110,ท่าลี่,กุมภวาปี,อุดรธานี,Tha Li,Kumphawapi,Udon Thani
410415,41110,กุมภวาปี,กุมภวาปี,อุดรธานี,Kumphawapi,Kumphawapi,Udon Thani
410416,41110,หนองหว้า,กุมภวาปี,อุดรธานี,Nong Wa,Kumphawapi,Udon Thani
410501,41240,โนนสะอาด,โนนสะอาด,อุดรธานี,Non Sa-At,Non Sa-At,Udon Thani
410502,41240,บุ่งแก้ว,โนนสะอาด,อุดรธานี,Bung Kaeo,Non Sa-At,Udon Thani
410503,41240,โพธิ์ศรีสำราญ,โนนสะอาด,อุดรธานี,Pho Si Samran,Non Sa-At,Udon Thani
410504,41240,ทมนางาม,โนนสะอาด,อุดรธานี,Thom Na Ngam,Non Sa-At,Udon Thani
410505,41240,หนองกุงศรี,โนนสะอาด,อุดรธานี,Nong Kung Si,Non Sa-At,Udon Thani
410506,41240,โคกกลาง,โนนสะอาด,อุดรธานี,Khok Klang,Non Sa-At,Udon Thani
410601,41130,หนองหาน,หนองหาน,อุดรธานี,Nong Han,Nong Saeng,Udon Thani
410602,41130,หนองเม็ก,หนองหาน,อุดรธานี,Nong Mek,Nong Saeng,Udon Thani
410605,41130,พังงู,หนองหาน,อุดรธานี,Phang Ngu,Nong Saeng,Udon Thani
410606,41130,สะแบง,หนองหาน,อุดรธานี,Sabaeng,Nong Saeng,Udon Thani
410607,41130,สร้อยพร้าว,หนองหาน,อุดรธานี,Soi Phrao,Nong Saeng,Udon Thani
410609,41320,บ้านเชียง,หนองหาน,อุดรธานี,Ban Chiang,Nong Saeng,Udon Thani
410610,41320,บ้านยา,หนองหาน,อุดรธานี,Ban Ya,Nong Saeng,Udon Thani
410611,41130,โพนงาม,หนองหาน,อุดรธานี,Phon Ngam,Nong Saeng,Udon Thani
410612,41130,ผักตบ,หนองหาน,อุดรธานี,Phak Top,Nong Saeng,Udon Thani
410614,41130,หนองไผ่,หนองหาน,อุดรธานี,Nong Phai,Nong Saeng,Udon Thani
410617,41130,ดอนหายโศก,หนองหาน,อุดรธานี,Don Hai Sok,Nong Saeng,Udon Thani
410618,41320,หนองสระปลา,หนองหาน,อุดรธานี,Nong Sa Pla,Nong Saeng,Udon Thani
410701,41310,ทุ่งฝน,ทุ่งฝน,อุดรธานี,Thung Fon,Thung Fon,Udon Thani
410702,41310,ทุ่งใหญ่,ทุ่งฝน,อุดรธานี,Thung Yai,Thung Fon,Udon Thani
410703,41310,นาชุมแสง,ทุ่งฝน,อุดรธานี,Na Chum Saeng,Thung Fon,Udon Thani
410704,41310,นาทม,ทุ่งฝน,อุดรธานี,Na Thom,Thung Fon,Udon Thani
410801,41290,ไชยวาน,ไชยวาน,อุดรธานี,Chaiwan,Chai Wan,Udon Thani
410802,41290,หนองหลัก,ไชยวาน,อุดรธานี,Nong Lak,Chai Wan,Udon Thani
410803,41290,คำเลาะ,ไชยวาน,อุดรธานี,Kham Lo,Chai Wan,Udon Thani
410804,41290,โพนสูง,ไชยวาน,อุดรธานี,Phon Sung,Chai Wan,Udon Thani
410901,41230,ศรีธาตุ,ศรีธาตุ,อุดรธานี,Si That,Si That,Udon Thani
410902,41230,จำปี,ศรีธาตุ,อุดรธานี,Champi,Si That,Udon Thani
410903,41230,บ้านโปร่ง,ศรีธาตุ,อุดรธานี,Ban Prong,Si That,Udon Thani
410904,41230,หัวนาคำ,ศรีธาตุ,อุดรธานี,Hua Na Kham,Si That,Udon Thani
410905,41230,หนองนกเขียน,ศรีธาตุ,อุดรธานี,Nong Nok Khian,Si That,Udon Thani
410906,41230,นายูง,ศรีธาตุ,อุดรธานี,Na Yung,Si That,Udon Thani
410907,41230,ตาดทอง,ศรีธาตุ,อุดรธานี,Tat Thong,Si That,Udon Thani
411001,41280,หนองกุงทับม้า,วังสามหมอ,อุดรธานี,Nong Kung Thap Ma,Wang Sam Mo,Udon Thani
411002,41280,หนองหญ้าไซ,วังสามหมอ,อุดรธานี,Nong Ya Sai,Wang Sam Mo,Udon Thani
411003,41280,บะยาว,วังสามหมอ,อุดรธานี,Bayao,Wang Sam Mo,Udon Thani
411004,41280,ผาสุก,วังสามหมอ,อุดรธานี,Pha Suk,Wang Sam Mo,Udon Thani
411005,41280,คำโคกสูง,วังสามหมอ,อุดรธานี,Kham Khok Sung,Wang Sam Mo,Udon Thani
411006,41280,วังสามหมอ,วังสามหมอ,อุดรธานี,Wang Sam Mo,Wang Sam Mo,Udon Thani
411101,41190,ศรีสุทโธ,บ้านดุง,อุดรธานี,Si Suttho,Ban Dung,Udon Thani
411102,41190,บ้านดุง,บ้านดุง,อุดรธานี,Ban Dung,Ban Dung,Udon Thani
411103,41190,ดงเย็น,บ้านดุง,อุดรธานี,Dong Yen,Ban Dung,Udon Thani
411104,41190,โพนสูง,บ้านดุง,อุดรธานี,Phon Sung,Ban Dung,Udon Thani
411105,41190,อ้อมกอ,บ้านดุง,อุดรธานี,Om Ko,Ban Dung,Udon Thani
411106,41190,บ้านจันทน์,บ้านดุง,อุดรธานี,Ban Chan,Ban Dung,Udon Thani
411107,41190,บ้านชัย,บ้านดุง,อุดรธานี,Ban Chai,Ban Dung,Udon Thani
411108,41190,นาไหม,บ้านดุง,อุดรธานี,Na Mai,Ban Dung,Udon Thani
411109,41190,ถ่อนนาลับ,บ้านดุง,อุดรธานี,Thon Na Lap,Ban Dung,Udon Thani
411110,41190,วังทอง,บ้านดุง,อุดรธานี,Wang Thong,Ban Dung,Udon Thani
411111,41190,บ้านม่วง,บ้านดุง,อุดรธานี,Ban Muang,Ban Dung,Udon Thani
411112,41190,บ้านตาด,บ้านดุง,อุดรธานี,Ban Tat,Ban Dung,Udon Thani
411113,41190,นาคำ,บ้านดุง,อุดรธานี,Na Kham,Ban Dung,Udon Thani
411701,41160,บ้านผือ,บ้านผือ,อุดรธานี,Ban Phue,Ban Phue,Udon Thani
411702,41160,หายโศก,บ้านผือ,อุดรธานี,Hai Sok,Ban Phue,Udon Thani
411703,41160,เขือน้ำ,บ้านผือ,อุดรธานี,Khuea Nam,Ban Phue,Udon Thani
411704,41160,คำบง,บ้านผือ,อุดรธานี,Kham Bong,Ban Phue,Udon Thani
411705,41160,โนนทอง,บ้านผือ,อุดรธานี,Non Thong,Ban Phue,Udon Thani
411706,41160,ข้าวสาร,บ้านผือ,อุดรธานี,Khao San,Ban Phue,Udon Thani
411707,41160,จำปาโมง,บ้านผือ,อุดรธานี,Champa Mok,Ban Phue,Udon Thani
411708,41160,กลางใหญ่,บ้านผือ,อุดรธานี,Klang Yai,Ban Phue,Udon Thani
411709,41160,เมืองพาน,บ้านผือ,อุดรธานี,Mueang Phan,Ban Phue,Udon Thani
411710,41160,คำด้วง,บ้านผือ,อุดรธานี,Kham Duang,Ban Phue,Udon Thani
411711,41160,หนองหัวคู,บ้านผือ,อุดรธานี,Nong Hua Khu,Ban Phue,Udon Thani
411712,41160,บ้านค้อ,บ้านผือ,อุดรธานี,Ban Kho,Ban Phue,Udon Thani
411713,41160,หนองแวง,บ้านผือ,อุดรธานี,Nong Waeng,Ban Phue,Udon Thani
411801,41210,นางัว,น้ำโสม,อุดรธานี,Na Ngua,Nam Som,Udon Thani
411802,41210,น้ำโสม,น้ำโสม,อุดรธานี,Nam Som,Nam Som,Udon Thani
411805,41210,หนองแวง,น้ำโสม,อุดรธานี,Nong Waeng,Nam Som,Udon Thani
411806,41210,บ้านหยวก,น้ำโสม,อุดรธานี,Ban Yuak,Nam Som,Udon Thani
411807,41210,โสมเยี่ยม,น้ำโสม,อุดรธานี,Som Yiam,Nam Som,Udon Thani
411810,41210,ศรีสำราญ,น้ำโสม,อุดรธานี,Si Samran,Nam Som,Udon Thani
411812,41210,สามัคคี,น้ำโสม,อุดรธานี,Samakkhi,Nam Som,Udon Thani
411901,41150,เพ็ญ,เพ็ญ,อุดรธานี,Phen,Phen,Udon Thani
411902,41150,บ้านธาตุ,เพ็ญ,อุดรธานี,Ban That,Phen,Udon Thani
411903,41150,นาพู่,เพ็ญ,อุดรธานี,Na Phu,Phen,Udon Thani
411904,41150,เชียงหวาง,เพ็ญ,อุดรธานี,Chiang Wang,Phen,Udon Thani
411905,41150,สุมเส้า,เพ็ญ,อุดรธานี,Sum Sao,Phen,Udon Thani
411906,41150,นาบัว,เพ็ญ,อุดรธานี,Na Bua,Phen,Udon Thani
411907,41150,บ้านเหล่า,เพ็ญ,อุดรธานี,Ban Lao,Phen,Udon Thani
411908,41150,จอมศรี,เพ็ญ,อุดรธานี,Chom Si,Phen,Udon Thani
411909,41150,เตาไห,เพ็ญ,อุดรธานี,Tao Hai,Phen,Udon Thani
411910,41150,โคกกลาง,เพ็ญ,อุดรธานี,Khok Klang,Phen,Udon Thani
411911,41150,สร้างแป้น,เพ็ญ,อุดรธานี,Sang Paen,Phen,Udon Thani
412001,41260,สร้างคอม,สร้างคอม,อุดรธานี,Sang Khom,Sang Khom,Udon Thani
412002,41260,เชียงดา,สร้างคอม,อุดรธานี,Chiang Da,Sang Khom,Udon Thani
412003,41260,บ้านยวด,สร้างคอม,อุดรธานี,Ban Yuat,Sang Khom,Udon Thani
412004,41260,บ้านโคก,สร้างคอม,อุดรธานี,Ban Khok,Sang Khom,Udon Thani
412005,41260,นาสะอาด,สร้างคอม,อุดรธานี,Na Sa-At,Sang Khom,Udon Thani
412006,41260,บ้านหินโงม,สร้างคอม,อุดรธานี,Ban Hin Ngom,Sang Khom,Udon Thani
412101,41340,หนองแสง,หนองแสง,อุดรธานี,Nong Saeng,Nong Saeng,Udon Thani
412102,41340,แสงสว่าง,หนองแสง,อุดรธานี,Saeng Sawang,Nong Saeng,Udon Thani
412103,41340,นาดี,หนองแสง,อุดรธานี,Na Di,Nong Saeng,Udon Thani
412104,41340,ทับกุง,หนองแสง,อุดรธานี,Thap Kung,Nong Saeng,Udon Thani
412201,41380,นายูง,นายูง,อุดรธานี,Na Yung,Na Yung,Udon Thani
412202,41380,บ้านก้อง,นายูง,อุดรธานี,Ban Kong,Na Yung,Udon Thani
412203,41380,นาแค,นายูง,อุดรธานี,Na Khae,Na Yung,Udon Thani
412204,41380,โนนทอง,นายูง,อุดรธานี,Non Thong,Na Yung,Udon Thani
412301,41130,บ้านแดง,พิบูลย์รักษ์,อุดรธานี,Ban Daeng,Phibun Rak,Udon Thani
412302,41130,นาทราย,พิบูลย์รักษ์,อุดรธานี,Na Sai,Phibun Rak,Udon Thani
412303,41130,ดอนกลอย,พิบูลย์รักษ์,อุดรธานี,Don Kloi,Phibun Rak,Udon Thani
412401,41130,บ้านจีต,กู่แก้ว,อุดรธานี,Ban Chiet,Ku Kaeo,Udon Thani
412402,41130,โนนทองอินทร์,กู่แก้ว,อุดรธานี,Non Thong In,Ku Kaeo,Udon Thani
412403,41130,ค้อใหญ่,กู่แก้ว,อุดรธานี,Kho Yai,Ku Kaeo,Udon Thani
412404,41130,คอนสาย,กู่แก้ว,อุดรธานี,Khon Sai,Ku Kaeo,Udon Thani
412501,41110,นาม่วง,ประจักษ์ศิลปาคม,อุดรธานี,Na Muang,Prachaksinlapakhom,Udon Thani
412502,41110,ห้วยสามพาด,ประจักษ์ศิลปาคม,อุดรธานี,Huai Sam Phat,Prachaksinlapakhom,Udon Thani
412503,41110,อุ่มจาน,ประจักษ์ศิลปาคม,อุดรธานี,Um Chan,Prachaksinlapakhom,Udon Thani
420101,42000,กุดป่อง,เมืองเลย,เลย,Kut Pong,Mueang Loei,Loei
420102,42000,เมือง,เมืองเลย,เลย,Mueang,Mueang Loei,Loei
420103,42100,นาอ้อ,เมืองเลย,เลย,Na O,Mueang Loei,Loei
420104,42000,กกดู่,เมืองเลย,เลย,Kok Du,Mueang Loei,Loei
420105,42000,น้ำหมาน,เมืองเลย,เลย,Nam Man,Mueang Loei,Loei
420106,42000,เสี้ยว,เมืองเลย,เลย,Siao,Mueang Loei,Loei
420107,42000,นาอาน,เมืองเลย,เลย,Na An,Mueang Loei,Loei
420108,42000,นาโป่ง,เมืองเลย,เลย,Na Pong,Mueang Loei,Loei
420109,42000,นาดินดำ,เมืองเลย,เลย,Na Din Dam,Mueang Loei,Loei
420110,42000,น้ำสวย,เมืองเลย,เลย,Nam Suai,Mueang Loei,Loei
420111,42000,ชัยพฤกษ์,เมืองเลย,เลย,Chaiyaphruek,Mueang Loei,Loei
420112,42000,นาแขม,เมืองเลย,เลย,Na Khaem,Mueang Loei,Loei
420113,42100,ศรีสองรัก,เมืองเลย,เลย,Si Song Rak,Mueang Loei,Loei
420114,42000,กกทอง,เมืองเลย,เลย,Kok Thong,Mueang Loei,Loei
420201,42210,นาด้วง,นาด้วง,เลย,Na Duang,Na Duang,Loei
420202,42210,นาดอกคำ,นาด้วง,เลย,Na Dok Kham,Na Duang,Loei
420203,42210,ท่าสะอาด,นาด้วง,เลย,Tha Sa-At,Na Duang,Loei
420204,42210,ท่าสวรรค์,นาด้วง,เลย,Tha Sawan,Na Duang,Loei
420301,42110,เชียงคาน,เชียงคาน,เลย,Chiang Khan,Chiang Khan,Loei
420302,42110,ธาตุ,เชียงคาน,เลย,That,Chiang Khan,Loei
420303,42110,นาซ่าว,เชียงคาน,เลย,Na Sao,Chiang Khan,Loei
420304,42110,เขาแก้ว,เชียงคาน,เลย,Khao Kaeo,Chiang Khan,Loei
420305,42110,ปากตม,เชียงคาน,เลย,Pak Tom,Chiang Khan,Loei
420306,42110,บุฮม,เชียงคาน,เลย,Bu Hom,Chiang Khan,Loei
420307,42110,จอมศรี,เชียงคาน,เลย,Chom Si,Chiang Khan,Loei
420308,42110,หาดทรายขาว,เชียงคาน,เลย,Hat Sai Khao,Chiang Khan,Loei
420401,42150,ปากชม,ปากชม,เลย,Pak Chom,Pak Chom,Loei
420402,42150,เชียงกลม,ปากชม,เลย,Chiang Klom,Pak Chom,Loei
420403,42150,หาดคัมภีร์,ปากชม,เลย,Hat Khamphi,Pak Chom,Loei
420404,42150,ห้วยบ่อซืน,ปากชม,เลย,Huai Bo Suen,Pak Chom,Loei
420405,42150,ห้วยพิชัย,ปากชม,เลย,Huai Phichai,Pak Chom,Loei
420406,42150,ชมเจริญ,ปากชม,เลย,Chom Charoen,Pak Chom,Loei
420501,42120,ด่านซ้าย,ด่านซ้าย,เลย,Dan Sai,Dan Sai,Loei
420502,42120,ปากหมัน,ด่านซ้าย,เลย,Pak Man,Dan Sai,Loei
420503,42120,นาดี,ด่านซ้าย,เลย,Na Di,Dan Sai,Loei
420504,42120,โคกงาม,ด่านซ้าย,เลย,Khok Ngam,Dan Sai,Loei
420505,42120,โพนสูง,ด่านซ้าย,เลย,Phon Sung,Dan Sai,Loei
420506,42120,อิปุ่ม,ด่านซ้าย,เลย,I Pum,Dan Sai,Loei
420507,42120,กกสะทอน,ด่านซ้าย,เลย,Kok Sathon,Dan Sai,Loei
420508,42120,โป่ง,ด่านซ้าย,เลย,Pong,Dan Sai,Loei
420509,42120,วังยาว,ด่านซ้าย,เลย,Wang Yao,Dan Sai,Loei
420510,42120,นาหอ,ด่านซ้าย,เลย,Na Ho,Dan Sai,Loei
420601,42170,นาแห้ว,นาแห้ว,เลย,Na Haeo,Na Haeo,Loei
420602,42170,แสงภา,นาแห้ว,เลย,Saeng Pha,Na Haeo,Loei
420603,42170,นาพึง,นาแห้ว,เลย,Na Phueng,Na Haeo,Loei
420604,42170,นามาลา,นาแห้ว,เลย,Na Mala,Na Haeo,Loei
420605,42170,เหล่ากอหก,นาแห้ว,เลย,Lao Ko Hok,Na Haeo,Loei
420701,42160,หนองบัว,ภูเรือ,เลย,Nong Bua,Phu Ruea,Loei
420702,42160,ท่าศาลา,ภูเรือ,เลย,Tha Sala,Phu Ruea,Loei
420703,42160,ร่องจิก,ภูเรือ,เลย,Rong Chik,Phu Ruea,Loei
420704,42160,ปลาบ่า,ภูเรือ,เลย,Pla Ba,Phu Ruea,Loei
420705,42160,ลาดค่าง,ภูเรือ,เลย,Lat Khang,Phu Ruea,Loei
420706,42160,สานตม,ภูเรือ,เลย,Santom,Phu Ruea,Loei
420801,42140,ท่าลี่,ท่าลี่,เลย,Tha Li,Tha Li,Loei
420802,42140,หนองผือ,ท่าลี่,เลย,Nong Phue,Tha Li,Loei
420803,42140,อาฮี,ท่าลี่,เลย,A Hi,Tha Li,Loei
420804,42140,น้ำแคม,ท่าลี่,เลย,Nam Khaem,Tha Li,Loei
420805,42140,โคกใหญ่,ท่าลี่,เลย,Khok Yai,Tha Li,Loei
420806,42140,น้ำทูน,ท่าลี่,เลย,Nam Thun,Tha Li,Loei
420901,42130,วังสะพุง,วังสะพุง,เลย,Wang Saphung,Wang Saphung,Loei
420902,42130,ทรายขาว,วังสะพุง,เลย,Sai Khao,Wang Saphung,Loei
420903,42130,หนองหญ้าปล้อง,วังสะพุง,เลย,Nong Ya Plong,Wang Saphung,Loei
420904,42130,หนองงิ้ว,วังสะพุง,เลย,Nong Ngio,Wang Saphung,Loei
420905,42130,ปากปวน,วังสะพุง,เลย,Pak Puan,Wang Saphung,Loei
420906,42130,ผาน้อย,วังสะพุง,เลย,Pha Noi,Wang Saphung,Loei
420910,42130,ผาบิ้ง,วังสะพุง,เลย,Pha Bing,Wang Saphung,Loei
420911,42130,เขาหลวง,วังสะพุง,เลย,Khao Luang,Wang Saphung,Loei
420912,42130,โคกขมิ้น,วังสะพุง,เลย,Khok Khamin,Wang Saphung,Loei
420913,42130,ศรีสงคราม,วังสะพุง,เลย,Si Songkhram,Wang Saphung,Loei
421001,42180,ศรีฐาน,ภูกระดึง,เลย,Si Than,Phu Kradueng,Loei
421005,42180,ผานกเค้า,ภูกระดึง,เลย,Pha Nok Khao,Phu Kradueng,Loei
421007,42180,ภูกระดึง,ภูกระดึง,เลย,Phu Kradueng,Phu Kradueng,Loei
421010,42180,ห้วยส้ม,ภูกระดึง,เลย,Huai Som,Phu Kradueng,Loei
421101,42230,ภูหอ,ภูหลวง,เลย,Phu Ho,Phu Luang,Loei
421102,42230,หนองคัน,ภูหลวง,เลย,Nong Khan,Phu Luang,Loei
421104,42230,ห้วยสีเสียด,ภูหลวง,เลย,Huai Si Siat,Phu Luang,Loei
421105,42230,เลยวังไสย์,ภูหลวง,เลย,Loei Wang Sai,Phu Luang,Loei
421106,42230,แก่งศรีภูมิ,ภูหลวง,เลย,Kaeng Si Phum,Phu Luang,Loei
421201,42240,ผาขาว,ผาขาว,เลย,Pha Khao,Pha Khao,Loei
421202,42240,ท่าช้างคล้อง,ผาขาว,เลย,Tha Chang Khlong,Pha Khao,Loei
421203,42240,โนนปอแดง,ผาขาว,เลย,Non Po Daeng,Pha Khao,Loei
421204,42240,โนนป่าซาง,ผาขาว,เลย,Non Pa Sang,Pha Khao,Loei
421205,42240,บ้านเพิ่ม,ผาขาว,เลย,Ban Phoem,Pha Khao,Loei
421301,42220,เอราวัณ,เอราวัณ,เลย,Erawan,Erawan,Loei
421302,42220,ผาอินทร์แปลง,เอราวัณ,เลย,Pha In Plaeng,Erawan,Loei
421303,42220,ผาสามยอด,เอราวัณ,เลย,Pha Sam Yot,Erawan,Loei
421304,42220,ทรัพย์ไพวัลย์,เอราวัณ,เลย,Sap Phaiwan,Erawan,Loei
421401,42190,หนองหิน,หนองหิน,เลย,Nong Hin,Nong Hin,Loei
421402,42190,ตาดข่า,หนองหิน,เลย,Tat Kha,Nong Hin,Loei
421403,42190,ปวนพุ,หนองหิน,เลย,Puan Phu,Nong Hin,Loei
430101,43000,ในเมือง,เมืองหนองคาย,หนองคาย,Nai Mueang,Mueang Nong Khai,Nong Khai
430102,43000,มีชัย,เมืองหนองคาย,หนองคาย,Mi Chai,Mueang Nong Khai,Nong Khai
430103,43000,โพธิ์ชัย,เมืองหนองคาย,หนองคาย,Pho Chai,Mueang Nong Khai,Nong Khai
430104,43000,กวนวัน,เมืองหนองคาย,หนองคาย,Kuan Wan,Mueang Nong Khai,Nong Khai
430105,43000,เวียงคุก,เมืองหนองคาย,หนองคาย,Wiang Khuk,Mueang Nong Khai,Nong Khai
430106,43000,วัดธาตุ,เมืองหนองคาย,หนองคาย,Wat That,Mueang Nong Khai,Nong Khai
430107,43000,หาดคำ,เมืองหนองคาย,หนองคาย,Hat Kham,Mueang Nong Khai,Nong Khai
430108,43000,หินโงม,เมืองหนองคาย,หนองคาย,Hin Ngom,Mueang Nong Khai,Nong Khai
430109,43000,บ้านเดื่อ,เมืองหนองคาย,หนองคาย,Ban Duea,Mueang Nong Khai,Nong Khai
430110,43100,ค่ายบกหวาน,เมืองหนองคาย,หนองคาย,Khai Bok Wan,Mueang Nong Khai,Nong Khai
430111,43100,โพนสว่าง,เมืองหนองคาย,หนองคาย,Phon Sawang,Mueang Nong Khai,Nong Khai
430113,43100,พระธาตุบังพวน,เมืองหนองคาย,หนองคาย,Phrathat Bang Phuan,Mueang Nong Khai,Nong Khai
430116,43000,หนองกอมเกาะ,เมืองหนองคาย,หนองคาย,Nong Kom Ko,Mueang Nong Khai,Nong Khai
430117,43000,ปะโค,เมืองหนองคาย,หนองคาย,Pakho,Mueang Nong Khai,Nong Khai
430118,43000,เมืองหมี,เมืองหนองคาย,หนองคาย,Mueang Mi,Mueang Nong Khai,Nong Khai
430119,43000,สีกาย,เมืองหนองคาย,หนองคาย,Si Kai,Mueang Nong Khai,Nong Khai
430201,43110,ท่าบ่อ,ท่าบ่อ,หนองคาย,Tha Bo,Tha Bo,Nong Khai
430202,43110,น้ำโมง,ท่าบ่อ,หนองคาย,Nam Mong,Tha Bo,Nong Khai
430203,43110,กองนาง,ท่าบ่อ,หนองคาย,Kong Nang,Tha Bo,Nong Khai
430204,43110,โคกคอน,ท่าบ่อ,หนองคาย,Khok Khon,Tha Bo,Nong Khai
430205,43110,บ้านเดื่อ,ท่าบ่อ,หนองคาย,Ban Duea,Tha Bo,Nong Khai
430206,43110,บ้านถ่อน,ท่าบ่อ,หนองคาย,Ban Thon,Tha Bo,Nong Khai
430207,43110,บ้านว่าน,ท่าบ่อ,หนองคาย,Ban Wan,Tha Bo,Nong Khai
430208,43110,นาข่า,ท่าบ่อ,หนองคาย,Nakha,Tha Bo,Nong Khai
430209,43110,โพนสา,ท่าบ่อ,หนองคาย,Phon Sa,Tha Bo,Nong Khai
430210,43110,หนองนาง,ท่าบ่อ,หนองคาย,Nong Nang,Tha Bo,Nong Khai
430501,43120,จุมพล,โพนพิสัย,หนองคาย,Chum Phon,Phon Phisai,Nong Khai
430502,43120,วัดหลวง,โพนพิสัย,หนองคาย,Wat Luang,Phon Phisai,Nong Khai
430503,43120,กุดบง,โพนพิสัย,หนองคาย,Kut Bong,Phon Phisai,Nong Khai
430504,43120,ชุมช้าง,โพนพิสัย,หนองคาย,Chum Chang,Phon Phisai,Nong Khai
430506,43120,ทุ่งหลวง,โพนพิสัย,หนองคาย,Thung Luang,Phon Phisai,Nong Khai
430507,43120,เหล่าต่างคำ,โพนพิสัย,หนองคาย,Lao Tang Kham,Phon Phisai,Nong Khai
430508,43120,นาหนัง,โพนพิสัย,หนองคาย,Na Nang,Phon Phisai,Nong Khai
430509,43120,เซิม,โพนพิสัย,หนองคาย,Some,Phon Phisai,Nong Khai
430513,43120,บ้านโพธิ์,โพนพิสัย,หนองคาย,Ban Pho,Phon Phisai,Nong Khai
430521,43120,บ้านผือ,โพนพิสัย,หนองคาย,Ban Phue,Phon Phisai,Nong Khai
430522,43120,สร้างนางขาว,โพนพิสัย,หนองคาย,Sang Nang Khao,Phon Phisai,Nong Khai
430701,43130,พานพร้าว,ศรีเชียงใหม่,หนองคาย,Phan Phrao,Si Chiang Mai,Nong Khai
430703,43130,บ้านหม้อ,ศรีเชียงใหม่,หนองคาย,Ban Mo,Si Chiang Mai,Nong Khai
430704,43130,พระพุทธบาท,ศรีเชียงใหม่,หนองคาย,Phraphutthabat,Si Chiang Mai,Nong Khai
430705,43130,หนองปลาปาก,ศรีเชียงใหม่,หนองคาย,Nong Pla Pak,Si Chiang Mai,Nong Khai
430801,43160,แก้งไก่,สังคม,หนองคาย,Kaeng Kai,Sangkhom,Nong Khai
430802,43160,ผาตั้ง,สังคม,หนองคาย,Pha Tang,Sangkhom,Nong Khai
430803,43160,บ้านม่วง,สังคม,หนองคาย,Ban Muang,Sangkhom,Nong Khai
430804,43160,นางิ้ว,สังคม,หนองคาย,Na Ngio,Sangkhom,Nong Khai
430805,43160,สังคม,สังคม,หนองคาย,Sangkhom,Sangkhom,Nong Khai
431401,43100,สระใคร,สระใคร,หนองคาย,Sa Khrai,Sakhrai,Nong Khai
431402,43100,คอกช้าง,สระใคร,หนองคาย,Khok Chang,Sakhrai,Nong Khai
431403,43100,บ้านฝาง,สระใคร,หนองคาย,Ban Fang,Sakhrai,Nong Khai
431501,43120,เฝ้าไร่,เฝ้าไร่,หนองคาย,Fao Rai,Fao Rai,Nong Khai
431502,43120,นาดี,เฝ้าไร่,หนองคาย,Na Di,Fao Rai,Nong Khai
431503,43120,หนองหลวง,เฝ้าไร่,หนองคาย,Nong Luang,Fao Rai,Nong Khai
431504,43120,วังหลวง,เฝ้าไร่,หนองคาย,Wang Luang,Fao Rai,Nong Khai
431505,43120,อุดมพร,เฝ้าไร่,หนองคาย,Udom Phon,Fao Rai,Nong Khai
431601,43120,รัตนวาปี,รัตนวาปี,หนองคาย,Rattana Wapi,Rattanawapi,Nong Khai
431602,43120,นาทับไฮ,รัตนวาปี,หนองคาย,Na Thap Hai,Rattanawapi,Nong Khai
431603,43120,บ้านต้อน,รัตนวาปี,หนองคาย,Ban Ton,Rattanawapi,Nong Khai
431604,43120,พระบาทนาสิงห์,รัตนวาปี,หนองคาย,Phrabat Na Sing,Rattanawapi,Nong Khai
431605,43120,โพนแพง,รัตนวาปี,หนองคาย,Phon Phaeng,Rattanawapi,Nong Khai
431701,43130,โพธิ์ตาก,โพธิ์ตาก,หนองคาย,Pho Tak,Pho Tak,Nong Khai
431702,43130,โพนทอง,โพธิ์ตาก,หนองคาย,Phon Thong,Pho Tak,Nong Khai
431703,43130,ด่านศรีสุข,โพธิ์ตาก,หนองคาย,Dan Si Suk,Pho Tak,Nong Khai
440101,44000,ตลาด,เมืองมหาสารคาม,มหาสารคาม,Talat,Mueang Maha Sarakham,Maha Sarakham
440102,44000,เขวา,เมืองมหาสารคาม,มหาสารคาม,Khewa,Mueang Maha Sarakham,Maha Sarakham
440103,44000,ท่าตูม,เมืองมหาสารคาม,มหาสารคาม,Tha Tum,Mueang Maha Sarakham,Maha Sarakham
440104,44000,แวงน่าง,เมืองมหาสารคาม,มหาสารคาม,Waeng Nang,Mueang Maha Sarakham,Maha Sarakham
440105,44000,โคกก่อ,เมืองมหาสารคาม,มหาสารคาม,Khok Ko,Mueang Maha Sarakham,Maha Sarakham
440106,44000,ดอนหว่าน,เมืองมหาสารคาม,มหาสารคาม,Don Wan,Mueang Maha Sarakham,Maha Sarakham
440107,44000,เกิ้ง,เมืองมหาสารคาม,มหาสารคาม,Koeng,Mueang Maha Sarakham,Maha Sarakham
440108,44000,แก่งเลิงจาน,เมืองมหาสารคาม,มหาสารคาม,Kaeng Loeng Chan,Mueang Maha Sarakham,Maha Sarakham
440109,44000,ท่าสองคอน,เมืองมหาสารคาม,มหาสารคาม,Tha Song Khon,Mueang Maha Sarakham,Maha Sarakham
440110,44000,ลาดพัฒนา,เมืองมหาสารคาม,มหาสารคาม,Lat Phatthana,Mueang Maha Sarakham,Maha Sarakham
440111,44000,หนองปลิง,เมืองมหาสารคาม,มหาสารคาม,Nong Pling,Mueang Maha Sarakham,Maha Sarakham
440112,44000,ห้วยแอ่ง,เมืองมหาสารคาม,มหาสารคาม,Huai Aeng,Mueang Maha Sarakham,Maha Sarakham
440113,44000,หนองโน,เมืองมหาสารคาม,มหาสารคาม,Nong No,Mueang Maha Sarakham,Maha Sarakham
440114,44000,บัวค้อ,เมืองมหาสารคาม,มหาสารคาม,Bua Kho,Mueang Maha Sarakham,Maha Sarakham
440201,44190,แกดำ,แกดำ,มหาสารคาม,Kae Dam,Kae Dam,Maha Sarakham
440202,44190,วังแสง,แกดำ,มหาสารคาม,Wang Saeng,Kae Dam,Maha Sarakham
440203,44190,มิตรภาพ,แกดำ,มหาสารคาม,Mittraphap,Kae Dam,Maha Sarakham
440204,44190,หนองกุง,แกดำ,มหาสารคาม,Nong Kung,Kae Dam,Maha Sarakham
440205,44190,โนนภิบาล,แกดำ,มหาสารคาม,Non Phiban,Kae Dam,Maha Sarakham
440301,44140,หัวขวาง,โกสุมพิสัย,มหาสารคาม,Hua Khwang,Kosum Phisai,Maha Sarakham
440302,44140,ยางน้อย,โกสุมพิสัย,มหาสารคาม,Yang Noi,Kosum Phisai,Maha Sarakham
440303,44140,วังยาว,โกสุมพิสัย,มหาสารคาม,Wang Yao,Kosum Phisai,Maha Sarakham
440304,44140,เขวาไร่,โกสุมพิสัย,มหาสารคาม,Khewa Rai,Kosum Phisai,Maha Sarakham
440305,44140,แพง,โกสุมพิสัย,มหาสารคาม,Phaeng,Kosum Phisai,Maha Sarakham
440306,44140,แก้งแก,โกสุมพิสัย,มหาสารคาม,Kaeng Kae,Kosum Phisai,Maha Sarakham
440307,44140,หนองเหล็ก,โกสุมพิสัย,มหาสารคาม,Nong Lek,Kosum Phisai,Maha Sarakham
440308,44140,หนองบัว,โกสุมพิสัย,มหาสารคาม,Nong Bua,Kosum Phisai,Maha Sarakham
440309,44140,เหล่า,โกสุมพิสัย,มหาสารคาม,Lao,Kosum Phisai,Maha Sarakham
440310,44140,เขื่อน,โกสุมพิสัย,มหาสารคาม,Khuean,Kosum Phisai,Maha Sarakham
440311,44140,หนองบอน,โกสุมพิสัย,มหาสารคาม,Nong Bon,Kosum Phisai,Maha Sarakham
440312,44140,โพนงาม,โกสุมพิสัย,มหาสารคาม,Phon Ngam,Kosum Phisai,Maha Sarakham
440313,44140,ยางท่าแจ้ง,โกสุมพิสัย,มหาสารคาม,Yang Tha Chaeng,Kosum Phisai,Maha Sarakham
440314,44140,แห่ใต้,โกสุมพิสัย,มหาสารคาม,Hae Tai,Kosum Phisai,Maha Sarakham
440315,44140,หนองกุงสวรรค์,โกสุมพิสัย,มหาสารคาม,Nong Kung Sawan,Kosum Phisai,Maha Sarakham
440316,44140,เลิงใต้,โกสุมพิสัย,มหาสารคาม,Loeng Tai,Kosum Phisai,Maha Sarakham
440317,44140,ดอนกลาง,โกสุมพิสัย,มหาสารคาม,Don Klang,Kosum Phisai,Maha Sarakham
440401,44150,โคกพระ,กันทรวิชัย,มหาสารคาม,Khok Phra,Kantharawichai,Maha Sarakham
440402,44150,คันธารราษฎร์,กันทรวิชัย,มหาสารคาม,Khan Than Rat,Kantharawichai,Maha Sarakham
440403,44150,มะค่า,กันทรวิชัย,มหาสารคาม,Makha,Kantharawichai,Maha Sarakham
440404,44150,ท่าขอนยาง,กันทรวิชัย,มหาสารคาม,Tha Khon Yang,Kantharawichai,Maha Sarakham
440405,44150,นาสีนวน,กันทรวิชัย,มหาสารคาม,Na Si Nuan,Kantharawichai,Maha Sarakham
440406,44150,ขามเรียง,กันทรวิชัย,มหาสารคาม,Kham Riang,Kantharawichai,Maha Sarakham
440407,44150,เขวาใหญ่,กันทรวิชัย,มหาสารคาม,Khewa Yai,Kantharawichai,Maha Sarakham
440408,44150,ศรีสุข,กันทรวิชัย,มหาสารคาม,Si Suk,Kantharawichai,Maha Sarakham
440409,44150,กุดใส้จ่อ,กันทรวิชัย,มหาสารคาม,Kut Sai Cho,Kantharawichai,Maha Sarakham
440410,44150,ขามเฒ่าพัฒนา,กันทรวิชัย,มหาสารคาม,Kham Thao Phatthana,Kantharawichai,Maha Sarakham
440501,44160,เชียงยืน,เชียงยืน,มหาสารคาม,Chiang Yuen,Chiang Yuen,Maha Sarakham
440503,44160,หนองซอน,เชียงยืน,มหาสารคาม,Nong Son,Chiang Yuen,Maha Sarakham
440505,44160,ดอนเงิน,เชียงยืน,มหาสารคาม,Don Ngoen,Chiang Yuen,Maha Sarakham
440506,44160,กู่ทอง,เชียงยืน,มหาสารคาม,Ku Thong,Chiang Yuen,Maha Sarakham
440507,44160,นาทอง,เชียงยืน,มหาสารคาม,Na Thong,Chiang Yuen,Maha Sarakham
440508,44160,เสือเฒ่า,เชียงยืน,มหาสารคาม,Suea Thao,Chiang Yuen,Maha Sarakham
440511,44160,โพนทอง,เชียงยืน,มหาสารคาม,Phon Thong,Chiang Yuen,Maha Sarakham
440512,44160,เหล่าบัวบาน,เชียงยืน,มหาสารคาม,Lao Bua Ban,Chiang Yuen,Maha Sarakham
440601,44130,บรบือ,บรบือ,มหาสารคาม,Borabue,Borabue,Maha Sarakham
440602,44130,บ่อใหญ่,บรบือ,มหาสารคาม,Bo Yai,Borabue,Maha Sarakham
440604,44130,วังไชย,บรบือ,มหาสารคาม,Wang Chai,Borabue,Maha Sarakham
440605,44130,หนองม่วง,บรบือ,มหาสารคาม,Nong Muang,Borabue,Maha Sarakham
440606,44130,กำพี้,บรบือ,มหาสารคาม,Kamphi,Borabue,Maha Sarakham
440607,44130,โนนราษี,บรบือ,มหาสารคาม,Non Rasi,Borabue,Maha Sarakham
440608,44130,โนนแดง,บรบือ,มหาสารคาม,Non Daeng,Borabue,Maha Sarakham
440610,44130,หนองจิก,บรบือ,มหาสารคาม,Nong Chik,Borabue,Maha Sarakham
440611,44130,บัวมาศ,บรบือ,มหาสารคาม,Bua Mat,Borabue,Maha Sarakham
440613,44130,หนองคูขาด,บรบือ,มหาสารคาม,Nong Khu Khat,Borabue,Maha Sarakham
440615,44130,วังใหม่,บรบือ,มหาสารคาม,Wang Mai,Borabue,Maha Sarakham
440616,44130,ยาง,บรบือ,มหาสารคาม,Yang,Borabue,Maha Sarakham
440618,44130,หนองสิม,บรบือ,มหาสารคาม,Nong Sim,Borabue,Maha Sarakham
440619,44130,หนองโก,บรบือ,มหาสารคาม,Nong Ko,Borabue,Maha Sarakham
440620,44130,ดอนงัว,บรบือ,มหาสารคาม,Don Ngua,Borabue,Maha Sarakham
440701,44170,นาเชือก,นาเชือก,มหาสารคาม,Na Chueak,Na Chueak,Maha Sarakham
440702,44170,สำโรง,นาเชือก,มหาสารคาม,Samrong,Na Chueak,Maha Sarakham
440703,44170,หนองแดง,นาเชือก,มหาสารคาม,Nong Daeng,Na Chueak,Maha Sarakham
440704,44170,เขวาไร่,นาเชือก,มหาสารคาม,Khewa Rai,Na Chueak,Maha Sarakham
440705,44170,หนองโพธิ์,นาเชือก,มหาสารคาม,Nong Pho,Na Chueak,Maha Sarakham
440706,44170,ปอพาน,นาเชือก,มหาสารคาม,Po Phan,Na Chueak,Maha Sarakham
440707,44170,หนองเม็ก,นาเชือก,มหาสารคาม,Nong Mek,Na Chueak,Maha Sarakham
440708,44170,หนองเรือ,นาเชือก,มหาสารคาม,Nong Ruea,Na Chueak,Maha Sarakham
440709,44170,หนองกุง,นาเชือก,มหาสารคาม,Nong Kung,Na Chueak,Maha Sarakham
440710,44170,สันป่าตอง,นาเชือก,มหาสารคาม,San Patong,Na Chueak,Maha Sarakham
440801,44110,ปะหลาน,พยัคฆภูมิพิสัย,มหาสารคาม,Palan,Phayakkhaphum Phisai,Maha Sarakham
440802,44110,ก้ามปู,พยัคฆภูมิพิสัย,มหาสารคาม,Kam Pu,Phayakkhaphum Phisai,Maha Sarakham
440803,44110,เวียงสะอาด,พยัคฆภูมิพิสัย,มหาสารคาม,Wiang Sa-At,Phayakkhaphum Phisai,Maha Sarakham
440804,44110,เม็กดำ,พยัคฆภูมิพิสัย,มหาสารคาม,Mek Dam,Phayakkhaphum Phisai,Maha Sarakham
440805,44110,นาสีนวล,พยัคฆภูมิพิสัย,มหาสารคาม,Na Si Nuan,Phayakkhaphum Phisai,Maha Sarakham
440809,44110,ราษฎร์เจริญ,พยัคฆภูมิพิสัย,มหาสารคาม,Rat Charoen,Phayakkhaphum Phisai,Maha Sarakham
440810,44110,หนองบัวแก้ว,พยัคฆภูมิพิสัย,มหาสารคาม,Nong Bua Kaeo,Phayakkhaphum Phisai,Maha Sarakham
440812,44110,เมืองเตา,พยัคฆภูมิพิสัย,มหาสารคาม,Mueang Tao,Phayakkhaphum Phisai,Maha Sarakham
440815,44110,ลานสะแก,พยัคฆภูมิพิสัย,มหาสารคาม,Lan Sakae,Phayakkhaphum Phisai,Maha Sarakham
440816,44110,เวียงชัย,พยัคฆภูมิพิสัย,มหาสารคาม,Wiang Chai,Phayakkhaphum Phisai,Maha Sarakham
440817,44110,หนองบัว,พยัคฆภูมิพิสัย,มหาสารคาม,Nong Bua,Phayakkhaphum Phisai,Maha Sarakham
440818,44110,ราษฎร์พัฒนา,พยัคฆภูมิพิสัย,มหาสารคาม,Rat Phatthana,Phayakkhaphum Phisai,Maha Sarakham
440819,44110,เมืองเสือ,พยัคฆภูมิพิสัย,มหาสารคาม,Mueang Suea,Phayakkhaphum Phisai,Maha Sarakham
440820,44110,ภารแอ่น,พยัคฆภูมิพิสัย,มหาสารคาม,Phara-Aen,Phayakkhaphum Phisai,Maha Sarakham
440901,44120,หนองแสง,วาปีปทุม,มหาสารคาม,Nong Saeng,Wapi Pathum,Maha Sarakham
440902,44120,ขามป้อม,วาปีปทุม,มหาสารคาม,Kham Pom,Wapi Pathum,Maha Sarakham
440903,44120,เสือโก้ก,วาปีปทุม,มหาสารคาม,Suea Kok,Wapi Pathum,Maha Sarakham
440904,44120,ดงใหญ่,วาปีปทุม,มหาสารคาม,Dong Yai,Wapi Pathum,Maha Sarakham
440905,44120,โพธิ์ชัย,วาปีปทุม,มหาสารคาม,Pho Chai,Wapi Pathum,Maha Sarakham
440906,44120,หัวเรือ,วาปีปทุม,มหาสารคาม,Hua Ruea,Wapi Pathum,Maha Sarakham
440907,44120,แคน,วาปีปทุม,มหาสารคาม,Khaen,Wapi Pathum,Maha Sarakham
440908,44120,งัวบา,วาปีปทุม,มหาสารคาม,Ngua Ba,Wapi Pathum,Maha Sarakham
440909,44120,นาข่า,วาปีปทุม,มหาสารคาม,Nakha,Wapi Pathum,Maha Sarakham
440910,44120,บ้านหวาย,วาปีปทุม,มหาสารคาม,Ban Wai,Wapi Pathum,Maha Sarakham
440911,44120,หนองไฮ,วาปีปทุม,มหาสารคาม,Nong Hai,Wapi Pathum,Maha Sarakham
440912,44120,ประชาพัฒนา,วาปีปทุม,มหาสารคาม,Pracha Phatthana,Wapi Pathum,Maha Sarakham
440913,44120,หนองทุ่ม,วาปีปทุม,มหาสารคาม,Nong Thum,Wapi Pathum,Maha Sarakham
440914,44120,หนองแสน,วาปีปทุม,มหาสารคาม,Nong Saen,Wapi Pathum,Maha Sarakham
440915,44120,โคกสีทองหลาง,วาปีปทุม,มหาสารคาม,Khok Si Thong Lang,Wapi Pathum,Maha Sarakham
441001,44180,นาดูน,นาดูน,มหาสารคาม,Na Dun,Na Dun,Maha Sarakham
441002,44180,หนองไผ่,นาดูน,มหาสารคาม,Nong Phai,Na Dun,Maha Sarakham
441003,44180,หนองคู,นาดูน,มหาสารคาม,Nong Khu,Na Dun,Maha Sarakham
441004,44180,ดงบัง,นาดูน,มหาสารคาม,Dong Bang,Na Dun,Maha Sarakham
441005,44180,ดงดวน,นาดูน,มหาสารคาม,Dong Duan,Na Dun,Maha Sarakham
441006,44180,หัวดง,นาดูน,มหาสารคาม,Hua Dong,Na Dun,Maha Sarakham
441007,44180,ดงยาง,นาดูน,มหาสารคาม,Dong Yang,Na Dun,Maha Sarakham
441008,44180,กู่สันตรัตน์,นาดูน,มหาสารคาม,Ku Santarat,Na Dun,Maha Sarakham
441009,44180,พระธาตุ,นาดูน,มหาสารคาม,Phrathat,Na Dun,Maha Sarakham
441101,44210,ยางสีสุราช,ยางสีสุราช,มหาสารคาม,Yang Sisurat,Yang Sisurat,Maha Sarakham
441102,44210,นาภู,ยางสีสุราช,มหาสารคาม,Na Phu,Yang Sisurat,Maha Sarakham
441103,44210,แวงดง,ยางสีสุราช,มหาสารคาม,Waeng Dong,Yang Sisurat,Maha Sarakham
441104,44210,บ้านกู่,ยางสีสุราช,มหาสารคาม,Ban Ku,Yang Sisurat,Maha Sarakham
441105,44210,ดงเมือง,ยางสีสุราช,มหาสารคาม,Dong Mueang,Yang Sisurat,Maha Sarakham
441106,44210,สร้างแซ่ง,ยางสีสุราช,มหาสารคาม,Kham Rian,Yang Sisurat,Maha Sarakham
441107,44210,หนองบัวสันตุ,ยางสีสุราช,มหาสารคาม,Nong Bua Santu,Yang Sisurat,Maha Sarakham
441201,44130,กุดรัง,กุดรัง,มหาสารคาม,Kut Rang,Kut Rang,Maha Sarakham
441202,44130,นาโพธิ์,กุดรัง,มหาสารคาม,Na Pho,Kut Rang,Maha Sarakham
441203,44130,เลิงแฝก,กุดรัง,มหาสารคาม,Loeng Faek,Kut Rang,Maha Sarakham
441204,44130,หนองแวง,กุดรัง,มหาสารคาม,Nong Waeng,Kut Rang,Maha Sarakham
441205,44130,ห้วยเตย,กุดรัง,มหาสารคาม,Huai Toei,Kut Rang,Maha Sarakham
441301,44160,ชื่นชม,ชื่นชม,มหาสารคาม,Chuen Chom,Chuen Chom,Maha Sarakham
441302,44160,กุดปลาดุก,ชื่นชม,มหาสารคาม,Kut Pla Duk,Chuen Chom,Maha Sarakham
441303,44160,เหล่าดอกไม้,ชื่นชม,มหาสารคาม,Lao Dokmai,Chuen Chom,Maha Sarakham
441304,44160,หนองกุง,ชื่นชม,มหาสารคาม,Nong Kung,Chuen Chom,Maha Sarakham
450101,45000,ในเมือง,เมืองร้อยเอ็ด,ร้อยเอ็ด,Nai Mueang,Mueang Roi Et,Roi Et
450102,45000,รอบเมือง,เมืองร้อยเอ็ด,ร้อยเอ็ด,Rop Mueang,Mueang Roi Et,Roi Et
450103,45000,เหนือเมือง,เมืองร้อยเอ็ด,ร้อยเอ็ด,Nuea Mueang,Mueang Roi Et,Roi Et
450104,45000,ขอนแก่น,เมืองร้อยเอ็ด,ร้อยเอ็ด,Khon Kaen,Mueang Roi Et,Roi Et
450105,45000,นาโพธิ์,เมืองร้อยเอ็ด,ร้อยเอ็ด,Na Pho,Mueang Roi Et,Roi Et
450106,45000,สะอาดสมบูรณ์,เมืองร้อยเอ็ด,ร้อยเอ็ด,Sa-At Sombun,Mueang Roi Et,Roi Et
450108,45000,สีแก้ว,เมืองร้อยเอ็ด,ร้อยเอ็ด,Si Kaeo,Mueang Roi Et,Roi Et
450109,45000,ปอภาร,เมืองร้อยเอ็ด,ร้อยเอ็ด,Po Phan,Mueang Roi Et,Roi Et
450110,45000,โนนรัง,เมืองร้อยเอ็ด,ร้อยเอ็ด,Non Rang,Mueang Roi Et,Roi Et
450117,45000,หนองแก้ว,เมืองร้อยเอ็ด,ร้อยเอ็ด,Nong Kaeo,Mueang Roi Et,Roi Et
450118,45000,หนองแวง,เมืองร้อยเอ็ด,ร้อยเอ็ด,Nong Waeng,Mueang Roi Et,Roi Et
450120,45000,ดงลาน,เมืองร้อยเอ็ด,ร้อยเอ็ด,Dong Lan,Mueang Roi Et,Roi Et
450123,45000,แคนใหญ่,เมืองร้อยเอ็ด,ร้อยเอ็ด,Khaen Yai,Mueang Roi Et,Roi Et
450124,45000,โนนตาล,เมืองร้อยเอ็ด,ร้อยเอ็ด,Non Tan,Mueang Roi Et,Roi Et
450125,45000,เมืองทอง,เมืองร้อยเอ็ด,ร้อยเอ็ด,Mueang Thong,Mueang Roi Et,Roi Et
450201,45150,เกษตรวิสัย,เกษตรวิสัย,ร้อยเอ็ด,Kaset Wisai,Kaset Wisai,Roi Et
450202,45150,เมืองบัว,เกษตรวิสัย,ร้อยเอ็ด,Mueang Bua,Kaset Wisai,Roi Et
450203,45150,เหล่าหลวง,เกษตรวิสัย,ร้อยเอ็ด,Lao Luang,Kaset Wisai,Roi Et
450204,45150,สิงห์โคก,เกษตรวิสัย,ร้อยเอ็ด,Sing Khok,Kaset Wisai,Roi Et
450205,45150,ดงครั่งใหญ่,เกษตรวิสัย,ร้อยเอ็ด,Dong Khrang Yai,Kaset Wisai,Roi Et
450206,45150,บ้านฝาง,เกษตรวิสัย,ร้อยเอ็ด,Ban Fang,Kaset Wisai,Roi Et
450207,45150,หนองแวง,เกษตรวิสัย,ร้อยเอ็ด,Nong Waeng,Kaset Wisai,Roi Et
450208,45150,กำแพง,เกษตรวิสัย,ร้อยเอ็ด,Kamphaeng,Kaset Wisai,Roi Et
450209,45150,กู่กาสิงห์,เกษตรวิสัย,ร้อยเอ็ด,Ku Ka Sing,Kaset Wisai,Roi Et
450210,45150,น้ำอ้อม,เกษตรวิสัย,ร้อยเอ็ด,Nam Om,Kaset Wisai,Roi Et
450211,45150,โนนสว่าง,เกษตรวิสัย,ร้อยเอ็ด,Non Sawang,Kaset Wisai,Roi Et
450212,45150,ทุ่งทอง,เกษตรวิสัย,ร้อยเอ็ด,Thung Thong,Kaset Wisai,Roi Et
450213,45150,ดงครั่งน้อย,เกษตรวิสัย,ร้อยเอ็ด,Dong Khrang Noi,Kaset Wisai,Roi Et
450301,45190,บัวแดง,ปทุมรัตต์,ร้อยเอ็ด,Bua Daeng,Pathum Rat,Roi Et
450302,45190,ดอกล้ำ,ปทุมรัตต์,ร้อยเอ็ด,Dok Lam,Pathum Rat,Roi Et
450303,45190,หนองแคน,ปทุมรัตต์,ร้อยเอ็ด,Nong Khaen,Pathum Rat,Roi Et
450304,45190,โพนสูง,ปทุมรัตต์,ร้อยเอ็ด,Phon Sung,Pathum Rat,Roi Et
450305,45190,โนนสวรรค์,ปทุมรัตต์,ร้อยเอ็ด,Non Sawan,Pathum Rat,Roi Et
450306,45190,สระบัว,ปทุมรัตต์,ร้อยเอ็ด,Sa Bua,Pathum Rat,Roi Et
450307,45190,โนนสง่า,ปทุมรัตต์,ร้อยเอ็ด,Non Sa-Nga,Pathum Rat,Roi Et
450308,45190,ขี้เหล็ก,ปทุมรัตต์,ร้อยเอ็ด,Khi Lek,Pathum Rat,Roi Et
450401,45180,หัวช้าง,จตุรพักตรพิมาน,ร้อยเอ็ด,Hua Chang,Chaturaphak Phiman,Roi Et
450402,45180,หนองผือ,จตุรพักตรพิมาน,ร้อยเอ็ด,Nong Phue,Chaturaphak Phiman,Roi Et
450403,45180,เมืองหงส์,จตุรพักตรพิมาน,ร้อยเอ็ด,Mueang Hong,Chaturaphak Phiman,Roi Et
450404,45180,โคกล่าม,จตุรพักตรพิมาน,ร้อยเอ็ด,Khok Lam,Chaturaphak Phiman,Roi Et
450405,45180,น้ำใส,จตุรพักตรพิมาน,ร้อยเอ็ด,Nam Sai,Chaturaphak Phiman,Roi Et
450406,45180,ดงแดง,จตุรพักตรพิมาน,ร้อยเอ็ด,Dong Daeng,Chaturaphak Phiman,Roi Et
450407,45180,ดงกลาง,จตุรพักตรพิมาน,ร้อยเอ็ด,Dong Klang,Chaturaphak Phiman,Roi Et
450408,45180,ป่าสังข์,จตุรพักตรพิมาน,ร้อยเอ็ด,Pa Sang,Chaturaphak Phiman,Roi Et
450409,45180,อีง่อง,จตุรพักตรพิมาน,ร้อยเอ็ด,I Ngong,Chaturaphak Phiman,Roi Et
450410,45180,ลิ้นฟ้า,จตุรพักตรพิมาน,ร้อยเอ็ด,Lin Fa,Chaturaphak Phiman,Roi Et
450411,45180,ดู่น้อย,จตุรพักตรพิมาน,ร้อยเอ็ด,Du Noi,Chaturaphak Phiman,Roi Et
450412,45180,ศรีโคตร,จตุรพักตรพิมาน,ร้อยเอ็ด,Si Khot,Chaturaphak Phiman,Roi Et
450501,45170,นิเวศน์,ธวัชบุรี,ร้อยเอ็ด,Niwet,Thawat Buri,Roi Et
450502,45170,ธงธานี,ธวัชบุรี,ร้อยเอ็ด,Thong Thani,Thawat Buri,Roi Et
450503,45170,หนองไผ่,ธวัชบุรี,ร้อยเอ็ด,Nong Phai,Thawat Buri,Roi Et
450504,45170,ธวัชบุรี,ธวัชบุรี,ร้อยเอ็ด,Thawat Buri,Thawat Buri,Roi Et
450506,45170,อุ่มเม้า,ธวัชบุรี,ร้อยเอ็ด,Um Mao,Thawat Buri,Roi Et
450507,45170,มะอึ,ธวัชบุรี,ร้อยเอ็ด,Ma-Ue,Thawat Buri,Roi Et
450510,45170,เขวาทุ่ง,ธวัชบุรี,ร้อยเอ็ด,Khewa Thung,Thawat Buri,Roi Et
450515,45170,ไพศาล,ธวัชบุรี,ร้อยเอ็ด,Phaisan,Thawat Buri,Roi Et
450517,45170,เมืองน้อย,ธวัชบุรี,ร้อยเอ็ด,Mueang Noi,Thawat Buri,Roi Et
450520,45170,บึงนคร,ธวัชบุรี,ร้อยเอ็ด,Bueng Nakhon,Thawat Buri,Roi Et
450522,45170,ราชธานี,ธวัชบุรี,ร้อยเอ็ด,Ratchathani,Thawat Buri,Roi Et
450524,45170,หนองพอก,ธวัชบุรี,ร้อยเอ็ด,Nong Phok,Thawat Buri,Roi Et
450601,45140,พนมไพร,พนมไพร,ร้อยเอ็ด,Phanom Phrai,Phanom Phrai,Roi Et
450602,45140,แสนสุข,พนมไพร,ร้อยเอ็ด,Saen Suk,Phanom Phrai,Roi Et
450603,45140,กุดน้ำใส,พนมไพร,ร้อยเอ็ด,Kut Nam Sai,Phanom Phrai,Roi Et
450604,45140,หนองทัพไทย,พนมไพร,ร้อยเอ็ด,Nong Thap Thai,Phanom Phrai,Roi Et
450605,45140,โพธิ์ใหญ่,พนมไพร,ร้อยเอ็ด,Pho Yai,Phanom Phrai,Roi Et
450606,45140,วารีสวัสดิ์,พนมไพร,ร้อยเอ็ด,Wari Sawat,Phanom Phrai,Roi Et
450607,45140,โคกสว่าง,พนมไพร,ร้อยเอ็ด,Khok Sawang,Phanom Phrai,Roi Et
450611,45140,โพธิ์ชัย,พนมไพร,ร้อยเอ็ด,Pho Chai,Phanom Phrai,Roi Et
450612,45140,นานวล,พนมไพร,ร้อยเอ็ด,Na Nuan,Phanom Phrai,Roi Et
450613,45140,คำไฮ,พนมไพร,ร้อยเอ็ด,Kham Hai,Phanom Phrai,Roi Et
450614,45140,สระแก้ว,พนมไพร,ร้อยเอ็ด,Sa Kaeo,Phanom Phrai,Roi Et
450615,45140,ค้อใหญ่,พนมไพร,ร้อยเอ็ด,Kho Yai,Phanom Phrai,Roi Et
450617,45140,ชานุวรรณ,พนมไพร,ร้อยเอ็ด,Chanuwan,Phanom Phrai,Roi Et
450701,45110,แวง,โพนทอง,ร้อยเอ็ด,Waeng,Phon Thong,Roi Et
450702,45110,โคกกกม่วง,โพนทอง,ร้อยเอ็ด,Khok Kok Muang,Phon Thong,Roi Et
450703,45110,นาอุดม,โพนทอง,ร้อยเอ็ด,Na Udom,Phon Thong,Roi Et
450704,45110,สว่าง,โพนทอง,ร้อยเอ็ด,Sawang,Phon Thong,Roi Et
450705,45110,หนองใหญ่,โพนทอง,ร้อยเอ็ด,Nong Yai,Phon Thong,Roi Et
450706,45110,โพธิ์ทอง,โพนทอง,ร้อยเอ็ด,Pho Thong,Phon Thong,Roi Et
450707,45110,โนนชัยศรี,โพนทอง,ร้อยเอ็ด,Non Chai Si,Phon Thong,Roi Et
450708,45110,โพธิ์ศรีสว่าง,โพนทอง,ร้อยเอ็ด,Pho Si Sawang,Phon Thong,Roi Et
450709,45110,อุ่มเม่า,โพนทอง,ร้อยเอ็ด,Um Mao,Phon Thong,Roi Et
450710,45110,คำนาดี,โพนทอง,ร้อยเอ็ด,Kham Na Di,Phon Thong,Roi Et
450711,45110,พรมสวรรค์,โพนทอง,ร้อยเอ็ด,Phrom Sawan,Phon Thong,Roi Et
450712,45110,สระนกแก้ว,โพนทอง,ร้อยเอ็ด,Sa Nok Kaeo,Phon Thong,Roi Et
450713,45110,วังสามัคคี,โพนทอง,ร้อยเอ็ด,Wang Samakkhi,Phon Thong,Roi Et
450714,45110,โคกสูง,โพนทอง,ร้อยเอ็ด,Khok Sung,Phon Thong,Roi Et
450801,45230,ขามเปี้ย,โพธิ์ชัย,ร้อยเอ็ด,Kham Pia,Pho Chai,Roi Et
450802,45230,เชียงใหม่,โพธิ์ชัย,ร้อยเอ็ด,Chiang Mai,Pho Chai,Roi Et
450803,45230,บัวคำ,โพธิ์ชัย,ร้อยเอ็ด,Bua Kham,Pho Chai,Roi Et
450804,45230,อัคคะคำ,โพธิ์ชัย,ร้อยเอ็ด,Ak Khakham,Pho Chai,Roi Et
450805,45230,สะอาด,โพธิ์ชัย,ร้อยเอ็ด,Sa-At,Pho Chai,Roi Et
450806,45230,คำพอุง,โพธิ์ชัย,ร้อยเอ็ด,Kham Pha-Ung,Pho Chai,Roi Et
450807,45230,หนองตาไก้,โพธิ์ชัย,ร้อยเอ็ด,Nong Ta Kai,Pho Chai,Roi Et
450808,45230,ดอนโอง,โพธิ์ชัย,ร้อยเอ็ด,Don Ong,Pho Chai,Roi Et
450809,45230,โพธิ์ศรี,โพธิ์ชัย,ร้อยเอ็ด,Pho Si,Pho Chai,Roi Et
450901,45210,หนองพอก,หนองพอก,ร้อยเอ็ด,Nong Phok,Nong Phok,Roi Et
450902,45210,บึงงาม,หนองพอก,ร้อยเอ็ด,Bueng Ngam,Nong Phok,Roi Et
450903,45210,ภูเขาทอง,หนองพอก,ร้อยเอ็ด,Phu Khao Thong,Nong Phok,Roi Et
450904,45210,กกโพธิ์,หนองพอก,ร้อยเอ็ด,Kok Pho,Nong Phok,Roi Et
450905,45210,โคกสว่าง,หนองพอก,ร้อยเอ็ด,Khok Sawang,Nong Phok,Roi Et
450906,45210,หนองขุ่นใหญ่,หนองพอก,ร้อยเอ็ด,Nong Khun Yai,Nong Phok,Roi Et
450907,45210,รอบเมือง,หนองพอก,ร้อยเอ็ด,Rop Mueang,Nong Phok,Roi Et
450908,45210,ผาน้ำย้อย,หนองพอก,ร้อยเอ็ด,Pha Nam Yoi,Nong Phok,Roi Et
450909,45210,ท่าสีดา,หนองพอก,ร้อยเอ็ด,Tha Si Da,Nong Phok,Roi Et
451001,45120,กลาง,เสลภูมิ,ร้อยเอ็ด,Klang,Selaphum,Roi Et
451002,45120,นางาม,เสลภูมิ,ร้อยเอ็ด,Na Ngam,Selaphum,Roi Et
451003,45120,เมืองไพร,เสลภูมิ,ร้อยเอ็ด,Mueang Phrai,Selaphum,Roi Et
451004,45120,นาแซง,เสลภูมิ,ร้อยเอ็ด,Na Saeng,Selaphum,Roi Et
451005,45120,นาเมือง,เสลภูมิ,ร้อยเอ็ด,Na Mueang,Selaphum,Roi Et
451006,45120,วังหลวง,เสลภูมิ,ร้อยเอ็ด,Wang Luang,Selaphum,Roi Et
451007,45120,ท่าม่วง,เสลภูมิ,ร้อยเอ็ด,Tha Muang,Selaphum,Roi Et
451008,45120,ขวาว,เสลภูมิ,ร้อยเอ็ด,Khwao,Selaphum,Roi Et
451009,45120,โพธิ์ทอง,เสลภูมิ,ร้อยเอ็ด,Pho Thong,Selaphum,Roi Et
451010,45120,ภูเงิน,เสลภูมิ,ร้อยเอ็ด,Phu Ngoen,Selaphum,Roi Et
451011,45120,เกาะแก้ว,เสลภูมิ,ร้อยเอ็ด,Ko Kaeo,Selaphum,Roi Et
451012,45120,นาเลิง,เสลภูมิ,ร้อยเอ็ด,Na Loeng,Selaphum,Roi Et
451013,45120,เหล่าน้อย,เสลภูมิ,ร้อยเอ็ด,Lao Noi,Selaphum,Roi Et
451014,45120,ศรีวิลัย,เสลภูมิ,ร้อยเอ็ด,Si Wilai,Selaphum,Roi Et
451015,45120,หนองหลวง,เสลภูมิ,ร้อยเอ็ด,Nong Luang,Selaphum,Roi Et
451016,45120,พรสวรรค์,เสลภูมิ,ร้อยเอ็ด,Phon Sawan,Selaphum,Roi Et
451017,45120,ขวัญเมือง,เสลภูมิ,ร้อยเอ็ด,Khwan Mueang,Selaphum,Roi Et
451018,45120,บึงเกลือ,เสลภูมิ,ร้อยเอ็ด,Bueng Kluea,Selaphum,Roi Et
451101,45130,สระคู,สุวรรณภูมิ,ร้อยเอ็ด,Sa Khu,Suwannaphum,Roi Et
451102,45130,ดอกไม้,สุวรรณภูมิ,ร้อยเอ็ด,Dokmai,Suwannaphum,Roi Et
451103,45130,นาใหญ่,สุวรรณภูมิ,ร้อยเอ็ด,Na Yai,Suwannaphum,Roi Et
451104,45130,หินกอง,สุวรรณภูมิ,ร้อยเอ็ด,Hin Kong,Suwannaphum,Roi Et
451105,45130,เมืองทุ่ง,สุวรรณภูมิ,ร้อยเอ็ด,Mueang Thung,Suwannaphum,Roi Et
451106,45130,หัวโทน,สุวรรณภูมิ,ร้อยเอ็ด,Hua Thon,Suwannaphum,Roi Et
451107,45130,บ่อพันขัน,สุวรรณภูมิ,ร้อยเอ็ด,Bo Phan Khan,Suwannaphum,Roi Et
451108,45130,ทุ่งหลวง,สุวรรณภูมิ,ร้อยเอ็ด,Thung Luang,Suwannaphum,Roi Et
451109,45130,หัวช้าง,สุวรรณภูมิ,ร้อยเอ็ด,Hua Chang,Suwannaphum,Roi Et
451110,45130,น้ำคำ,สุวรรณภูมิ,ร้อยเอ็ด,Nam Kham,Suwannaphum,Roi Et
451111,45130,ห้วยหินลาด,สุวรรณภูมิ,ร้อยเอ็ด,Huai Hin Lat,Suwannaphum,Roi Et
451112,45130,ช้างเผือก,สุวรรณภูมิ,ร้อยเอ็ด,Chang Phueak,Suwannaphum,Roi Et
451113,45130,ทุ่งกุลา,สุวรรณภูมิ,ร้อยเอ็ด,Thung Kula,Suwannaphum,Roi Et
451114,45130,ทุ่งศรีเมือง,สุวรรณภูมิ,ร้อยเอ็ด,Thung Si Mueang,Suwannaphum,Roi Et
451115,45130,จำปาขัน,สุวรรณภูมิ,ร้อยเอ็ด,Champa Khan,Suwannaphum,Roi Et
451201,45220,หนองผือ,เมืองสรวง,ร้อยเอ็ด,Nong Phue,Mueang Suang,Roi Et
451202,45220,หนองหิน,เมืองสรวง,ร้อยเอ็ด,Nong Hin,Mueang Suang,Roi Et
451203,45220,คูเมือง,เมืองสรวง,ร้อยเอ็ด,Khu Mueang,Mueang Suang,Roi Et
451204,45220,กกกุง,เมืองสรวง,ร้อยเอ็ด,Kok Kung,Mueang Suang,Roi Et
451205,45220,เมืองสรวง,เมืองสรวง,ร้อยเอ็ด,Mueang Suang,Mueang Suang,Roi Et
451301,45240,โพนทราย,โพนทราย,ร้อยเอ็ด,Phon Sai,Phon Sai,Roi Et
451302,45240,สามขา,โพนทราย,ร้อยเอ็ด,Sam Kha,Phon Sai,Roi Et
451303,45240,ศรีสว่าง,โพนทราย,ร้อยเอ็ด,Si Sawang,Phon Sai,Roi Et
451304,45240,ยางคำ,โพนทราย,ร้อยเอ็ด,Yang Kham,Phon Sai,Roi Et
451305,45240,ท่าหาดยาว,โพนทราย,ร้อยเอ็ด,Tha Hat Yao,Phon Sai,Roi Et
451401,45160,อาจสามารถ,อาจสามารถ,ร้อยเอ็ด,At Samat,At Samat,Roi Et
451402,45160,โพนเมือง,อาจสามารถ,ร้อยเอ็ด,Phon Mueang,At Samat,Roi Et
451403,45160,บ้านแจ้ง,อาจสามารถ,ร้อยเอ็ด,Ban Chaeng,At Samat,Roi Et
451404,45160,หน่อม,อาจสามารถ,ร้อยเอ็ด,Nom,At Samat,Roi Et
451405,45160,หนองหมื่นถ่าน,อาจสามารถ,ร้อยเอ็ด,Nong Muen Than,At Samat,Roi Et
451406,45160,หนองขาม,อาจสามารถ,ร้อยเอ็ด,Nong Kham,At Samat,Roi Et
451407,45160,โหรา,อาจสามารถ,ร้อยเอ็ด,Hora,At Samat,Roi Et
451408,45160,หนองบัว,อาจสามารถ,ร้อยเอ็ด,Nong Bua,At Samat,Roi Et
451409,45160,ขี้เหล็ก,อาจสามารถ,ร้อยเอ็ด,Khi Lek,At Samat,Roi Et
451410,45160,บ้านดู่,อาจสามารถ,ร้อยเอ็ด,Ban Du,At Samat,Roi Et
451501,45250,เมยวดี,เมยวดี,ร้อยเอ็ด,Moei Wadi,Moei Wadi,Roi Et
451502,45250,ชุมพร,เมยวดี,ร้อยเอ็ด,Chumphon,Moei Wadi,Roi Et
451503,45250,บุ่งเลิศ,เมยวดี,ร้อยเอ็ด,Bung Loet,Moei Wadi,Roi Et
451504,45250,ชมสะอาด,เมยวดี,ร้อยเอ็ด,Chom Sa-At,Moei Wadi,Roi Et
451601,45000,โพธิ์ทอง,ศรีสมเด็จ,ร้อยเอ็ด,Pho Thong,Si Somdet,Roi Et
451602,45000,ศรีสมเด็จ,ศรีสมเด็จ,ร้อยเอ็ด,Si Somdet,Si Somdet,Roi Et
451603,45000,เมืองเปลือย,ศรีสมเด็จ,ร้อยเอ็ด,Mueang Plueai,Si Somdet,Roi Et
451604,45000,หนองใหญ่,ศรีสมเด็จ,ร้อยเอ็ด,Nong Yai,Si Somdet,Roi Et
451605,45280,สวนจิก,ศรีสมเด็จ,ร้อยเอ็ด,Suan Chik,Si Somdet,Roi Et
451606,45280,โพธิ์สัย,ศรีสมเด็จ,ร้อยเอ็ด,Pho Sai,Si Somdet,Roi Et
451607,45000,หนองแวงควง,ศรีสมเด็จ,ร้อยเอ็ด,Nong Waeng Khuang,Si Somdet,Roi Et
451608,45000,บ้านบาก,ศรีสมเด็จ,ร้อยเอ็ด,Ban Bak,Si Somdet,Roi Et
451701,45000,ดินดำ,จังหาร,ร้อยเอ็ด,Din Dam,Changhan,Roi Et
451702,45000,ปาฝา,จังหาร,ร้อยเอ็ด,Pa Fa,Changhan,Roi Et
451703,45000,ม่วงลาด,จังหาร,ร้อยเอ็ด,Muang Lat,Changhan,Roi Et
451704,45000,จังหาร,จังหาร,ร้อยเอ็ด,Changhan,Changhan,Roi Et
451705,45000,ดงสิงห์,จังหาร,ร้อยเอ็ด,Dong Sing,Changhan,Roi Et
451706,45000,ยางใหญ่,จังหาร,ร้อยเอ็ด,Yang Yai,Changhan,Roi Et
451707,45000,ผักแว่น,จังหาร,ร้อยเอ็ด,Phak Waen,Changhan,Roi Et
451708,45000,แสนชาติ,จังหาร,ร้อยเอ็ด,Saen Chat,Changhan,Roi Et
451801,45000,เชียงขวัญ,เชียงขวัญ,ร้อยเอ็ด,Chiang Khwan,Chiang Khwan,Roi Et
451802,45170,พลับพลา,เชียงขวัญ,ร้อยเอ็ด,Phlapphla,Chiang Khwan,Roi Et
451803,45000,พระธาตุ,เชียงขวัญ,ร้อยเอ็ด,Phrathat,Chiang Khwan,Roi Et
451804,45000,พระเจ้า,เชียงขวัญ,ร้อยเอ็ด,Phrachao,Chiang Khwan,Roi Et
451805,45170,หมูม้น,เชียงขวัญ,ร้อยเอ็ด,Mu Mon,Chiang Khwan,Roi Et
451806,45000,บ้านเขือง,เชียงขวัญ,ร้อยเอ็ด,Ban Khueang,Chiang Khwan,Roi Et
451901,45140,หนองฮี,หนองฮี,ร้อยเอ็ด,Nong Hi,Nong Hi,Roi Et
451902,45140,สาวแห,หนองฮี,ร้อยเอ็ด,Sao Hae,Nong Hi,Roi Et
451903,45140,ดูกอึ่ง,หนองฮี,ร้อยเอ็ด,Duk Ueng,Nong Hi,Roi Et
451904,45140,เด่นราษฎร์,หนองฮี,ร้อยเอ็ด,Den Rat,Nong Hi,Roi Et
452001,45170,ทุ่งเขาหลวง,ทุ่งเขาหลวง,ร้อยเอ็ด,Thung Khao Luang,Thung Khao Luang,Roi Et
452002,45170,เทอดไทย,ทุ่งเขาหลวง,ร้อยเอ็ด,Thoet Thai,Thung Khao Luang,Roi Et
452003,45170,บึงงาม,ทุ่งเขาหลวง,ร้อยเอ็ด,Bueng Ngam,Thung Khao Luang,Roi Et
452004,45170,มะบ้า,ทุ่งเขาหลวง,ร้อยเอ็ด,Maba,Thung Khao Luang,Roi Et
452005,45170,เหล่า,ทุ่งเขาหลวง,ร้อยเอ็ด,Lao,Thung Khao Luang,Roi Et
460101,46000,กาฬสินธุ์,เมืองกาฬสินธุ์,กาฬสินธุ์,Kalasin,Mueang Kalasin,Kalasin
460102,46000,เหนือ,เมืองกาฬสินธุ์,กาฬสินธุ์,Nuea,Mueang Kalasin,Kalasin
460103,46000,หลุบ,เมืองกาฬสินธุ์,กาฬสินธุ์,Lup,Mueang Kalasin,Kalasin
460104,46000,ไผ่,เมืองกาฬสินธุ์,กาฬสินธุ์,Phai,Mueang Kalasin,Kalasin
460105,46000,ลำปาว,เมืองกาฬสินธุ์,กาฬสินธุ์,Lampao,Mueang Kalasin,Kalasin
460106,46000,ลำพาน,เมืองกาฬสินธุ์,กาฬสินธุ์,Lamphan,Mueang Kalasin,Kalasin
460107,46000,เชียงเครือ,เมืองกาฬสินธุ์,กาฬสินธุ์,Chiang Khruea,Mueang Kalasin,Kalasin
460108,46000,บึงวิชัย,เมืองกาฬสินธุ์,กาฬสินธุ์,Bueng Wichai,Mueang Kalasin,Kalasin
460109,46000,ห้วยโพธิ์,เมืองกาฬสินธุ์,กาฬสินธุ์,Huai Pho,Mueang Kalasin,Kalasin
460111,46000,ภูปอ,เมืองกาฬสินธุ์,กาฬสินธุ์,Phu Po,Mueang Kalasin,Kalasin
460113,46000,ภูดิน,เมืองกาฬสินธุ์,กาฬสินธุ์,Phu Din,Mueang Kalasin,Kalasin
460115,46000,หนองกุง,เมืองกาฬสินธุ์,กาฬสินธุ์,Nong Kung,Mueang Kalasin,Kalasin
460116,46000,กลางหมื่น,เมืองกาฬสินธุ์,กาฬสินธุ์,Klang Muen,Mueang Kalasin,Kalasin
460117,46000,ขมิ้น,เมืองกาฬสินธุ์,กาฬสินธุ์,Khamin,Mueang Kalasin,Kalasin
460119,46000,โพนทอง,เมืองกาฬสินธุ์,กาฬสินธุ์,Phon Thong,Mueang Kalasin,Kalasin
460120,46000,นาจารย์,เมืองกาฬสินธุ์,กาฬสินธุ์,Na Chan,Mueang Kalasin,Kalasin
460121,46000,ลำคลอง,เมืองกาฬสินธุ์,กาฬสินธุ์,Lam Khlong,Mueang Kalasin,Kalasin
460201,46230,นามน,นามน,กาฬสินธุ์,Na Mon,Na Mon,Kalasin
460202,46230,ยอดแกง,นามน,กาฬสินธุ์,Yot Kaeng,Na Mon,Kalasin
460203,46230,สงเปลือย,นามน,กาฬสินธุ์,Song Plueai,Na Mon,Kalasin
460204,46230,หลักเหลี่ยม,นามน,กาฬสินธุ์,Lak Liam,Na Mon,Kalasin
460205,46230,หนองบัว,นามน,กาฬสินธุ์,Nong Bua,Na Mon,Kalasin
460301,46130,กมลาไสย,กมลาไสย,กาฬสินธุ์,Kamalasai,Kamalasai,Kalasin
460302,46130,หลักเมือง,กมลาไสย,กาฬสินธุ์,Lak Mueang,Kamalasai,Kalasin
460303,46130,โพนงาม,กมลาไสย,กาฬสินธุ์,Phon Ngam,Kamalasai,Kalasin
460304,46130,ดงลิง,กมลาไสย,กาฬสินธุ์,Dong Ling,Kamalasai,Kalasin
460305,46130,ธัญญา,กมลาไสย,กาฬสินธุ์,Thanya,Kamalasai,Kalasin
460308,46130,หนองแปน,กมลาไสย,กาฬสินธุ์,Nong Paen,Kamalasai,Kalasin
460310,46130,เจ้าท่า,กมลาไสย,กาฬสินธุ์,Chao Tha,Kamalasai,Kalasin
460311,46130,โคกสมบูรณ์,กมลาไสย,กาฬสินธุ์,Khok Sombun,Kamalasai,Kalasin
460401,46210,ร่องคำ,ร่องคำ,กาฬสินธุ์,Rong Kham,Rong Kham,Kalasin
460402,46210,สามัคคี,ร่องคำ,กาฬสินธุ์,Samakkhi,Rong Kham,Kalasin
460403,46210,เหล่าอ้อย,ร่องคำ,กาฬสินธุ์,Lao Oi,Rong Kham,Kalasin
460501,46110,บัวขาว,กุฉินารายณ์,กาฬสินธุ์,Bua Khao,Kuchinarai,Kalasin
460502,46110,แจนแลน,กุฉินารายณ์,กาฬสินธุ์,Chaen Laen,Kuchinarai,Kalasin
460503,46110,เหล่าใหญ่,กุฉินารายณ์,กาฬสินธุ์,Lao Yai,Kuchinarai,Kalasin
460504,46110,จุมจัง,กุฉินารายณ์,กาฬสินธุ์,Chum Chang,Kuchinarai,Kalasin
460505,46110,เหล่าไฮงาม,กุฉินารายณ์,กาฬสินธุ์,Lao Hai Ngam,Kuchinarai,Kalasin
460506,46110,กุดหว้า,กุฉินารายณ์,กาฬสินธุ์,Kut Wa,Kuchinarai,Kalasin
460507,46110,สามขา,กุฉินารายณ์,กาฬสินธุ์,Sam Kha,Kuchinarai,Kalasin
460508,46110,นาขาม,กุฉินารายณ์,กาฬสินธุ์,Nakham,Kuchinarai,Kalasin
460509,46110,หนองห้าง,กุฉินารายณ์,กาฬสินธุ์,Nong Hang,Kuchinarai,Kalasin
460510,46110,นาโก,กุฉินารายณ์,กาฬสินธุ์,Nako,Kuchinarai,Kalasin
460511,46110,สมสะอาด,กุฉินารายณ์,กาฬสินธุ์,Som Sa-At,Kuchinarai,Kalasin
460512,46110,กุดค้าว,กุฉินารายณ์,กาฬสินธุ์,Kut Khao,Kuchinarai,Kalasin
460601,46160,คุ้มเก่า,เขาวง,กาฬสินธุ์,Khum Kao,Khao Wong,Kalasin
460602,46160,สงเปลือย,เขาวง,กาฬสินธุ์,Song Plueai,Khao Wong,Kalasin
460603,46160,หนองผือ,เขาวง,กาฬสินธุ์,Nong Phue,Khao Wong,Kalasin
460606,46160,กุดสิมคุ้มใหม่,เขาวง,กาฬสินธุ์,Kut Sinkhum Mai,Khao Wong,Kalasin
460608,46160,สระพังทอง,เขาวง,กาฬสินธุ์,Sa Phang Thong,Khao Wong,Kalasin
460611,46160,กุดปลาค้าว,เขาวง,กาฬสินธุ์,Kut Pla Khao,Khao Wong,Kalasin
460701,46120,ยางตลาด,ยางตลาด,กาฬสินธุ์,Yang Talat,Yang Talat,Kalasin
460702,46120,หัวงัว,ยางตลาด,กาฬสินธุ์,Hua Ngua,Yang Talat,Kalasin
460703,46120,อุ่มเม่า,ยางตลาด,กาฬสินธุ์,Um Mao,Yang Talat,Kalasin
460704,46120,บัวบาน,ยางตลาด,กาฬสินธุ์,Bua Ban,Yang Talat,Kalasin
460705,46120,เว่อ,ยางตลาด,กาฬสินธุ์,Woe,Yang Talat,Kalasin
460706,46120,อิตื้อ,ยางตลาด,กาฬสินธุ์,I Tue,Yang Talat,Kalasin
460707,46120,หัวนาคำ,ยางตลาด,กาฬสินธุ์,Hua Na Kham,Yang Talat,Kalasin
460708,46120,หนองอิเฒ่า,ยางตลาด,กาฬสินธุ์,Nong I Thao,Yang Talat,Kalasin
460709,46120,ดอนสมบูรณ์,ยางตลาด,กาฬสินธุ์,Don Sombun,Yang Talat,Kalasin
460710,46120,นาเชือก,ยางตลาด,กาฬสินธุ์,Na Chueak,Yang Talat,Kalasin
460711,46120,คลองขาม,ยางตลาด,กาฬสินธุ์,Khlong Kham,Yang Talat,Kalasin
460712,46120,เขาพระนอน,ยางตลาด,กาฬสินธุ์,Khao Phra Non,Yang Talat,Kalasin
460713,46120,นาดี,ยางตลาด,กาฬสินธุ์,Na Di,Yang Talat,Kalasin
460714,46120,โนนสูง,ยางตลาด,กาฬสินธุ์,Non Sung,Yang Talat,Kalasin
460715,46120,หนองตอกแป้น,ยางตลาด,กาฬสินธุ์,Nong Tok Paen,Yang Talat,Kalasin
460801,46170,ห้วยเม็ก,ห้วยเม็ก,กาฬสินธุ์,Huai Mek,Huai Mek,Kalasin
460802,46170,คำใหญ่,ห้วยเม็ก,กาฬสินธุ์,Kham Yai,Huai Mek,Kalasin
460803,46170,กุดโดน,ห้วยเม็ก,กาฬสินธุ์,Kut Don,Huai Mek,Kalasin
460804,46170,บึงนาเรียง,ห้วยเม็ก,กาฬสินธุ์,Bueng Na Riang,Huai Mek,Kalasin
460805,46170,หัวหิน,ห้วยเม็ก,กาฬสินธุ์,Hua Hin,Huai Mek,Kalasin
460806,46170,พิมูล,ห้วยเม็ก,กาฬสินธุ์,Phimun,Huai Mek,Kalasin
460807,46170,คำเหมือดแก้ว,ห้วยเม็ก,กาฬสินธุ์,Kham Mueat Kaeo,Huai Mek,Kalasin
460808,46170,โนนสะอาด,ห้วยเม็ก,กาฬสินธุ์,Non Sa-At,Huai Mek,Kalasin
460809,46170,ทรายทอง,ห้วยเม็ก,กาฬสินธุ์,Sai Thong,Huai Mek,Kalasin
460901,46140,ภูสิงห์,สหัสขันธ์,กาฬสินธุ์,Phu Sing,Sahatsakhan,Kalasin
460902,46140,สหัสขันธ์,สหัสขันธ์,กาฬสินธุ์,Sahatsakhan,Sahatsakhan,Kalasin
460903,46140,นามะเขือ,สหัสขันธ์,กาฬสินธุ์,Na Makhuea,Sahatsakhan,Kalasin
460904,46140,โนนศิลา,สหัสขันธ์,กาฬสินธุ์,Non Sila,Sahatsakhan,Kalasin
460905,46140,นิคม,สหัสขันธ์,กาฬสินธุ์,Nikhom,Sahatsakhan,Kalasin
460906,46140,โนนแหลมทอง,สหัสขันธ์,กาฬสินธุ์,Non Laem Thong,Sahatsakhan,Kalasin
460907,46140,โนนบุรี,สหัสขันธ์,กาฬสินธุ์,Non Buri,Sahatsakhan,Kalasin
460908,46140,โนนน้ำเกลี้ยง,สหัสขันธ์,กาฬสินธุ์,Non Nam Kliang,Sahatsakhan,Kalasin
461001,46180,ทุ่งคลอง,คำม่วง,กาฬสินธุ์,Thung Khlong,Kham Muang,Kalasin
461002,46180,โพน,คำม่วง,กาฬสินธุ์,Phon,Kham Muang,Kalasin
461005,46180,ดินจี่,คำม่วง,กาฬสินธุ์,Din Chi,Kham Muang,Kalasin
461006,46180,นาบอน,คำม่วง,กาฬสินธุ์,Na Bon,Kham Muang,Kalasin
461007,46180,นาทัน,คำม่วง,กาฬสินธุ์,Na Than,Kham Muang,Kalasin
461009,46180,เนินยาง,คำม่วง,กาฬสินธุ์,Noen Yang,Kham Muang,Kalasin
461101,46190,ท่าคันโท,ท่าคันโท,กาฬสินธุ์,Tha Khantho,Tha Khantho,Kalasin
461102,46190,กุงเก่า,ท่าคันโท,กาฬสินธุ์,Kung Kao,Tha Khantho,Kalasin
461103,46190,ยางอู้ม,ท่าคันโท,กาฬสินธุ์,Yang Um,Tha Khantho,Kalasin
461104,46190,กุดจิก,ท่าคันโท,กาฬสินธุ์,Kut Chik,Tha Khantho,Kalasin
461105,46190,นาตาล,ท่าคันโท,กาฬสินธุ์,Na Tan,Tha Khantho,Kalasin
461106,46190,ดงสมบูรณ์,ท่าคันโท,กาฬสินธุ์,Dong Sombun,Tha Khantho,Kalasin
461201,46220,หนองกุงศรี,หนองกุงศรี,กาฬสินธุ์,Nong Kung Si,Nong Kung Si,Kalasin
461202,46220,หนองบัว,หนองกุงศรี,กาฬสินธุ์,Nong Bua,Nong Kung Si,Kalasin
461203,46220,โคกเครือ,หนองกุงศรี,กาฬสินธุ์,Khok Khruea,Nong Kung Si,Kalasin
461204,46220,หนองสรวง,หนองกุงศรี,กาฬสินธุ์,Nong Suang,Nong Kung Si,Kalasin
461205,46220,เสาเล้า,หนองกุงศรี,กาฬสินธุ์,Sao Lao,Nong Kung Si,Kalasin
461206,46220,หนองใหญ่,หนองกุงศรี,กาฬสินธุ์,Nong Yai,Nong Kung Si,Kalasin
461207,46220,ดงมูล,หนองกุงศรี,กาฬสินธุ์,Dong Mun,Nong Kung Si,Kalasin
461208,46220,ลำหนองแสน,หนองกุงศรี,กาฬสินธุ์,Lam Nong Saen,Nong Kung Si,Kalasin
461209,46220,หนองหิน,หนองกุงศรี,กาฬสินธุ์,Nong Hin,Nong Kung Si,Kalasin
461301,46150,สมเด็จ,สมเด็จ,กาฬสินธุ์,Somdet,Somdet,Kalasin
461302,46150,หนองแวง,สมเด็จ,กาฬสินธุ์,Nong Waeng,Somdet,Kalasin
461303,46150,แซงบาดาล,สมเด็จ,กาฬสินธุ์,Saeng Badan,Somdet,Kalasin
461304,46150,มหาไชย,สมเด็จ,กาฬสินธุ์,Mahachai,Somdet,Kalasin
461305,46150,หมูม่น,สมเด็จ,กาฬสินธุ์,Mu Mon,Somdet,Kalasin
461306,46150,ผาเสวย,สมเด็จ,กาฬสินธุ์,Pha Sawoei,Somdet,Kalasin
461307,46150,ศรีสมเด็จ,สมเด็จ,กาฬสินธุ์,Si Somdet,Somdet,Kalasin
461308,46150,ลำห้วยหลัว,สมเด็จ,กาฬสินธุ์,Lam Huai Lua,Somdet,Kalasin
461401,46240,คำบง,ห้วยผึ้ง,กาฬสินธุ์,Kham Bong,Huai Phueng,Kalasin
461402,46240,ไค้นุ่น,ห้วยผึ้ง,กาฬสินธุ์,Khai Nun,Huai Phueng,Kalasin
461403,46240,นิคมห้วยผึ้ง,ห้วยผึ้ง,กาฬสินธุ์,Nikhom Huai Phueng,Huai Phueng,Kalasin
461404,46240,หนองอีบุตร,ห้วยผึ้ง,กาฬสินธุ์,Nong I But,Huai Phueng,Kalasin
461501,46180,สำราญ,สามชัย,กาฬสินธุ์,Samran,Sam Chai,Kalasin
461502,46180,สำราญใต้,สามชัย,กาฬสินธุ์,Samran Tai,Sam Chai,Kalasin
461503,46180,คำสร้างเที่ยง,สามชัย,กาฬสินธุ์,Kham Sang Thiang,Sam Chai,Kalasin
461504,46180,หนองช้าง,สามชัย,กาฬสินธุ์,Nong Chang,Sam Chai,Kalasin
461601,46160,นาคู,นาคู,กาฬสินธุ์,Na Khu,Na Khu,Kalasin
461602,46160,สายนาวัง,นาคู,กาฬสินธุ์,Sai Na Wang,Na Khu,Kalasin
461603,46160,โนนนาจาน,นาคู,กาฬสินธุ์,Non Na Chan,Na Khu,Kalasin
461604,46160,บ่อแก้ว,นาคู,กาฬสินธุ์,Bo Kaeo,Na Khu,Kalasin
461605,46160,ภูแล่นช้าง,นาคู,กาฬสินธุ์,Phu Laen Chang,Na Khu,Kalasin
461701,46000,ดอนจาน,ดอนจาน,กาฬสินธุ์,Don Chan,Don Chan,Kalasin
461702,46000,สะอาดไชยศรี,ดอนจาน,กาฬสินธุ์,Sa-At Chai Si,Don Chan,Kalasin
461703,46000,ดงพยุง,ดอนจาน,กาฬสินธุ์,Dong Phayung,Don Chan,Kalasin
461704,46000,ม่วงนา,ดอนจาน,กาฬสินธุ์,Muang Na,Don Chan,Kalasin
461705,46000,นาจำปา,ดอนจาน,กาฬสินธุ์,Na Champa,Don Chan,Kalasin
461801,46130,ฆ้องชัยพัฒนา,ฆ้องชัย,กาฬสินธุ์,Khong Chai Phatthana,Khong Chai,Kalasin
461802,46130,เหล่ากลาง,ฆ้องชัย,กาฬสินธุ์,Lao Klang,Khong Chai,Kalasin
461803,46130,โคกสะอาด,ฆ้องชัย,กาฬสินธุ์,Khok Sa-At,Khong Chai,Kalasin
461804,46130,โนนศิลาเลิง,ฆ้องชัย,กาฬสินธุ์,Non Sila Loeng,Khong Chai,Kalasin
461805,46130,ลำชี,ฆ้องชัย,กาฬสินธุ์,Lam Chi,Khong Chai,Kalasin
470101,47000,ธาตุเชิงชุม,เมืองสกลนคร,สกลนคร,That Choengchum,Mueang Sakon Nakhon,Sakon Nakhon
470102,47220,ขมิ้น,เมืองสกลนคร,สกลนคร,Khamin,Mueang Sakon Nakhon,Sakon Nakhon
470103,47000,งิ้วด่อน,เมืองสกลนคร,สกลนคร,Ngio Don,Mueang Sakon Nakhon,Sakon Nakhon
470104,47000,โนนหอม,เมืองสกลนคร,สกลนคร,Non Hom,Mueang Sakon Nakhon,Sakon Nakhon
470106,47000,เชียงเครือ,เมืองสกลนคร,สกลนคร,Chiang Khruea,Mueang Sakon Nakhon,Sakon Nakhon
470107,47000,ท่าแร่,เมืองสกลนคร,สกลนคร,Tha Rae,Mueang Sakon Nakhon,Sakon Nakhon
470109,47000,ม่วงลาย,เมืองสกลนคร,สกลนคร,Muang Lai,Mueang Sakon Nakhon,Sakon Nakhon
470111,47000,ดงชน,เมืองสกลนคร,สกลนคร,Dong Chon,Mueang Sakon Nakhon,Sakon Nakhon
470112,47000,ห้วยยาง,เมืองสกลนคร,สกลนคร,Huai Yang,Mueang Sakon Nakhon,Sakon Nakhon
470113,47000,พังขว้าง,เมืองสกลนคร,สกลนคร,Phang Khwang,Mueang Sakon Nakhon,Sakon Nakhon
470115,47000,ดงมะไฟ,เมืองสกลนคร,สกลนคร,Dong Mafai,Mueang Sakon Nakhon,Sakon Nakhon
470116,47000,ธาตุนาเวง,เมืองสกลนคร,สกลนคร,That Naweng,Mueang Sakon Nakhon,Sakon Nakhon
470117,47000,เหล่าปอแดง,เมืองสกลนคร,สกลนคร,Lao Po Daeng,Mueang Sakon Nakhon,Sakon Nakhon
470118,47220,หนองลาด,เมืองสกลนคร,สกลนคร,Nong Lat,Mueang Sakon Nakhon,Sakon Nakhon
470120,47000,ฮางโฮง,เมืองสกลนคร,สกลนคร,Hang Hong,Mueang Sakon Nakhon,Sakon Nakhon
470121,47000,โคกก่อง,เมืองสกลนคร,สกลนคร,Khok Kong,Mueang Sakon Nakhon,Sakon Nakhon
470201,47210,กุสุมาลย์,กุสุมาลย์,สกลนคร,Kusuman,Kusuman,Sakon Nakhon
470202,47210,นาโพธิ์,กุสุมาลย์,สกลนคร,Na Pho,Kusuman,Sakon Nakhon
470203,47230,นาเพียง,กุสุมาลย์,สกลนคร,Na Phiang,Kusuman,Sakon Nakhon
470204,47210,โพธิไพศาล,กุสุมาลย์,สกลนคร,Pho Phisan,Kusuman,Sakon Nakhon
470205,47230,อุ่มจาน,กุสุมาลย์,สกลนคร,Um Chan,Kusuman,Sakon Nakhon
470301,47180,กุดบาก,กุดบาก,สกลนคร,Kut Bak,Kut Bak,Sakon Nakhon
470303,47180,นาม่อง,กุดบาก,สกลนคร,Na Mong,Kut Bak,Sakon Nakhon
470305,47180,กุดไห,กุดบาก,สกลนคร,Kut Hai,Kut Bak,Sakon Nakhon
470401,47130,พรรณา,พรรณานิคม,สกลนคร,Phanna,Phanna Nikhom,Sakon Nakhon
470402,47130,วังยาง,พรรณานิคม,สกลนคร,Wang Yang,Phanna Nikhom,Sakon Nakhon
470403,47220,พอกน้อย,พรรณานิคม,สกลนคร,Phok Noi,Phanna Nikhom,Sakon Nakhon
470404,47220,นาหัวบ่อ,พรรณานิคม,สกลนคร,Na Hua Bo,Phanna Nikhom,Sakon Nakhon
470405,47130,ไร่,พรรณานิคม,สกลนคร,Rai,Phanna Nikhom,Sakon Nakhon
470406,47130,ช้างมิ่ง,พรรณานิคม,สกลนคร,Chang Ming,Phanna Nikhom,Sakon Nakhon
470407,47130,นาใน,พรรณานิคม,สกลนคร,Na Nai,Phanna Nikhom,Sakon Nakhon
470408,47130,สว่าง,พรรณานิคม,สกลนคร,Sawang,Phanna Nikhom,Sakon Nakhon
470409,47130,บะฮี,พรรณานิคม,สกลนคร,Bahi,Phanna Nikhom,Sakon Nakhon
470410,47130,เชิงชุม,พรรณานิคม,สกลนคร,Choeng Chum,Phanna Nikhom,Sakon Nakhon
470501,47160,พังโคน,พังโคน,สกลนคร,Phang Khon,Phanh Khon,Sakon Nakhon
470502,47160,ม่วงไข่,พังโคน,สกลนคร,Muang Khai,Phanh Khon,Sakon Nakhon
470503,47160,แร่,พังโคน,สกลนคร,Rae,Phanh Khon,Sakon Nakhon
470504,47160,ไฮหย่อง,พังโคน,สกลนคร,Hai Yong,Phanh Khon,Sakon Nakhon
470505,47160,ต้นผึ้ง,พังโคน,สกลนคร,Ton Phueng,Phanh Khon,Sakon Nakhon
470601,47150,วาริชภูมิ,วาริชภูมิ,สกลนคร,Waritchaphum,Waritchaphum,Sakon Nakhon
470602,47150,ปลาโหล,วาริชภูมิ,สกลนคร,Pla Lo,Waritchaphum,Sakon Nakhon
470603,47150,หนองลาด,วาริชภูมิ,สกลนคร,Nong Lat,Waritchaphum,Sakon Nakhon
470604,47150,คำบ่อ,วาริชภูมิ,สกลนคร,Kham Bo,Waritchaphum,Sakon Nakhon
470605,47150,ค้อเขียว,วาริชภูมิ,สกลนคร,Kho Khiao,Waritchaphum,Sakon Nakhon
470701,47270,นิคมน้ำอูน,นิคมน้ำอูน,สกลนคร,Nikhom Nam Un,Nikhom Nam Un,Sakon Nakhon
470702,47270,หนองปลิง,นิคมน้ำอูน,สกลนคร,Nong Pling,Nikhom Nam Un,Sakon Nakhon
470703,47270,หนองบัว,นิคมน้ำอูน,สกลนคร,Nong Bua,Nikhom Nam Un,Sakon Nakhon
470704,47270,สุวรรณคาม,นิคมน้ำอูน,สกลนคร,Suwanakham,Nikhom Nam Un,Sakon Nakhon
470801,47120,วานรนิวาส,วานรนิวาส,สกลนคร,Wanon Niwat,Wanon Niwat,Sakon Nakhon
470802,47120,เดื่อศรีคันไชย,วานรนิวาส,สกลนคร,Duea Si Khan Chai,Wanon Niwat,Sakon Nakhon
470803,47120,ขัวก่าย,วานรนิวาส,สกลนคร,Khua Kai,Wanon Niwat,Sakon Nakhon
470804,47120,หนองสนม,วานรนิวาส,สกลนคร,Nong Sanom,Wanon Niwat,Sakon Nakhon
470805,47120,คูสะคาม,วานรนิวาส,สกลนคร,Khu Sakham,Wanon Niwat,Sakon Nakhon
470806,47120,ธาตุ,วานรนิวาส,สกลนคร,That,Wanon Niwat,Sakon Nakhon
470807,47120,หนองแวง,วานรนิวาส,สกลนคร,Nong Waeng,Wanon Niwat,Sakon Nakhon
470808,47120,ศรีวิชัย,วานรนิวาส,สกลนคร,Si Wichai,Wanon Niwat,Sakon Nakhon
470809,47120,นาซอ,วานรนิวาส,สกลนคร,Na So,Wanon Niwat,Sakon Nakhon
470810,47120,อินทร์แปลง,วานรนิวาส,สกลนคร,In Plaeng,Wanon Niwat,Sakon Nakhon
470811,47120,นาคำ,วานรนิวาส,สกลนคร,Na Kham,Wanon Niwat,Sakon Nakhon
470812,47120,คอนสวรรค์,วานรนิวาส,สกลนคร,Khon Sawan,Wanon Niwat,Sakon Nakhon
470813,47120,กุดเรือคำ,วานรนิวาส,สกลนคร,Kut Ruea Kham,Wanon Niwat,Sakon Nakhon
470814,47120,หนองแวงใต้,วานรนิวาส,สกลนคร,Nong Waeng Tai,Wanon Niwat,Sakon Nakhon
470901,47250,คำตากล้า,คำตากล้า,สกลนคร,Kham Ta Kla,Kham Ta Kla,Sakon Nakhon
470902,47250,หนองบัวสิม,คำตากล้า,สกลนคร,Nong Bua Sim,Kham Ta Kla,Sakon Nakhon
470903,47250,นาแต้,คำตากล้า,สกลนคร,Na Tae,Kham Ta Kla,Sakon Nakhon
470904,47250,แพด,คำตากล้า,สกลนคร,Phaet,Kham Ta Kla,Sakon Nakhon
471001,47140,ม่วง,บ้านม่วง,สกลนคร,Muang,Ban Muang,Sakon Nakhon
471002,47140,มาย,บ้านม่วง,สกลนคร,Mai,Ban Muang,Sakon Nakhon
471003,47140,ดงหม้อทอง,บ้านม่วง,สกลนคร,Dong Mo Thong,Ban Muang,Sakon Nakhon
471004,47140,ดงเหนือ,บ้านม่วง,สกลนคร,Dong Nuea,Ban Muang,Sakon Nakhon
471005,47140,ดงหม้อทองใต้,บ้านม่วง,สกลนคร,Dong Mo Thong Tai,Ban Muang,Sakon Nakhon
471006,47140,ห้วยหลัว,บ้านม่วง,สกลนคร,Huai Lua,Ban Muang,Sakon Nakhon
471007,47140,โนนสะอาด,บ้านม่วง,สกลนคร,Non Sa-At,Ban Muang,Sakon Nakhon
471008,47140,หนองกวั่ง,บ้านม่วง,สกลนคร,Nong Kwang,Ban Muang,Sakon Nakhon
471009,47140,บ่อแก้ว,บ้านม่วง,สกลนคร,Bo Kaeo,Ban Muang,Sakon Nakhon
471101,47170,อากาศ,อากาศอำนวย,สกลนคร,Akat,Akat Amnuai,Sakon Nakhon
471102,47170,โพนแพง,อากาศอำนวย,สกลนคร,Phon Phaeng,Akat Amnuai,Sakon Nakhon
471103,47170,วาใหญ่,อากาศอำนวย,สกลนคร,Wa Yai,Akat Amnuai,Sakon Nakhon
471104,47170,โพนงาม,อากาศอำนวย,สกลนคร,Phon Ngam,Akat Amnuai,Sakon Nakhon
471105,47170,ท่าก้อน,อากาศอำนวย,สกลนคร,Tha Kon,Akat Amnuai,Sakon Nakhon
471106,47170,นาฮี,อากาศอำนวย,สกลนคร,Na Hi,Akat Amnuai,Sakon Nakhon
471107,47170,บะหว้า,อากาศอำนวย,สกลนคร,Bawa,Akat Amnuai,Sakon Nakhon
471108,47170,สามัคคีพัฒนา,อากาศอำนวย,สกลนคร,Samakkhi Phatthana,Akat Amnuai,Sakon Nakhon
471201,47110,สว่างแดนดิน,สว่างแดนดิน,สกลนคร,Sawang Daen Din,Sawang Daen Din,Sakon Nakhon
471203,47110,คำสะอาด,สว่างแดนดิน,สกลนคร,Kham Sa-At,Sawang Daen Din,Sakon Nakhon
471204,47110,บ้านต้าย,สว่างแดนดิน,สกลนคร,Ban Tai,Sawang Daen Din,Sakon Nakhon
471206,47110,บงเหนือ,สว่างแดนดิน,สกลนคร,Bong Nuea,Sawang Daen Din,Sakon Nakhon
471207,47110,โพนสูง,สว่างแดนดิน,สกลนคร,Phon Sung,Sawang Daen Din,Sakon Nakhon
471208,47110,โคกสี,สว่างแดนดิน,สกลนคร,Khok Si,Sawang Daen Din,Sakon Nakhon
471210,47110,หนองหลวง,สว่างแดนดิน,สกลนคร,Nong Luang,Sawang Daen Din,Sakon Nakhon
471211,47110,บงใต้,สว่างแดนดิน,สกลนคร,Bong Tai,Sawang Daen Din,Sakon Nakhon
471212,47110,ค้อใต้,สว่างแดนดิน,สกลนคร,Kho Tai,Sawang Daen Din,Sakon Nakhon
471213,47240,พันนา,สว่างแดนดิน,สกลนคร,Phan Na,Sawang Daen Din,Sakon Nakhon
471214,47240,แวง,สว่างแดนดิน,สกลนคร,Waeng,Sawang Daen Din,Sakon Nakhon
471215,47110,ทรายมูล,สว่างแดนดิน,สกลนคร,Sai Mun,Sawang Daen Din,Sakon Nakhon
471216,47240,ตาลโกน,สว่างแดนดิน,สกลนคร,Tan Kon,Sawang Daen Din,Sakon Nakhon
471217,47240,ตาลเนิ้ง,สว่างแดนดิน,สกลนคร,Tan Noeng,Sawang Daen Din,Sakon Nakhon
471220,47240,ธาตุทอง,สว่างแดนดิน,สกลนคร,That Thong,Sawang Daen Din,Sakon Nakhon
471221,47110,บ้านถ่อน,สว่างแดนดิน,สกลนคร,Ban Thon,Sawang Daen Din,Sakon Nakhon
471301,47190,ส่องดาว,ส่องดาว,สกลนคร,Song Dao,Song Dao,Sakon Nakhon
471302,47190,ท่าศิลา,ส่องดาว,สกลนคร,Tha Sila,Song Dao,Sakon Nakhon
471303,47190,วัฒนา,ส่องดาว,สกลนคร,Watthana,Song Dao,Sakon Nakhon
471304,47190,ปทุมวาปี,ส่องดาว,สกลนคร,Pathum Wapi,Song Dao,Sakon Nakhon
471401,47260,เต่างอย,เต่างอย,สกลนคร,Tao Ngoi,Tao Ngoi,Sakon Nakhon
471402,47260,บึงทวาย,เต่างอย,สกลนคร,Bueng Thawai,Tao Ngoi,Sakon Nakhon
471403,47260,นาตาล,เต่างอย,สกลนคร,Na Tan,Tao Ngoi,Sakon Nakhon
471404,47260,จันทร์เพ็ญ,เต่างอย,สกลนคร,Chan Phen,Tao Ngoi,Sakon Nakhon
471501,47280,ตองโขบ,โคกศรีสุพรรณ,สกลนคร,Tong Khop,Khok Si Suphan,Sakon Nakhon
471502,47280,เหล่าโพนค้อ,โคกศรีสุพรรณ,สกลนคร,Lao Phon Kho,Khok Si Suphan,Sakon Nakhon
471503,47280,ด่านม่วงคำ,โคกศรีสุพรรณ,สกลนคร,Dan Muang Kham,Khok Si Suphan,Sakon Nakhon
471504,47280,แมดนาท่ม,โคกศรีสุพรรณ,สกลนคร,Maet Na Thom,Khok Si Suphan,Sakon Nakhon
471601,47290,บ้านเหล่า,เจริญศิลป์,สกลนคร,Ban Lao,Charoen Sin,Sakon Nakhon
471602,47290,เจริญศิลป์,เจริญศิลป์,สกลนคร,Charoen Sin,Charoen Sin,Sakon Nakhon
471603,47290,ทุ่งแก,เจริญศิลป์,สกลนคร,Thung Kae,Charoen Sin,Sakon Nakhon
471604,47290,โคกศิลา,เจริญศิลป์,สกลนคร,Khok Sila,Charoen Sin,Sakon Nakhon
471605,47290,หนองแปน,เจริญศิลป์,สกลนคร,Nong Paen,Charoen Sin,Sakon Nakhon
471701,47230,บ้านโพน,โพนนาแก้ว,สกลนคร,Ban Phon,Phon Na Kaeo,Sakon Nakhon
471702,47230,นาแก้ว,โพนนาแก้ว,สกลนคร,Na Kaeo,Phon Na Kaeo,Sakon Nakhon
471703,47230,นาตงวัฒนา,โพนนาแก้ว,สกลนคร,Na Tong Watthana,Phon Na Kaeo,Sakon Nakhon
471704,47230,บ้านแป้น,โพนนาแก้ว,สกลนคร,Ban Paen,Phon Na Kaeo,Sakon Nakhon
471705,47230,เชียงสือ,โพนนาแก้ว,สกลนคร,Chiang Sue,Phon Na Kaeo,Sakon Nakhon
471801,47180,สร้างค้อ,ภูพาน,สกลนคร,Sang Kho,Phu Phan,Sakon Nakhon
471802,47180,หลุบเลา,ภูพาน,สกลนคร,Luplao,Phu Phan,Sakon Nakhon
471803,47180,โคกภู,ภูพาน,สกลนคร,Khok Phu,Phu Phan,Sakon Nakhon
471804,47180,กกปลาซิว,ภูพาน,สกลนคร,Kok Pla Sio,Phu Phan,Sakon Nakhon
480101,48000,ในเมือง,เมืองนครพนม,นครพนม,Nai Mueang,Mueang Nakhon Phanom,Nakhon Phanom
480102,48000,หนองแสง,เมืองนครพนม,นครพนม,Nong Saeng,Mueang Nakhon Phanom,Nakhon Phanom
480103,48000,นาทราย,เมืองนครพนม,นครพนม,Na Sai,Mueang Nakhon Phanom,Nakhon Phanom
480104,48000,นาราชควาย,เมืองนครพนม,นครพนม,Na Ratchakhwai,Mueang Nakhon Phanom,Nakhon Phanom
480105,48000,กุรุคุ,เมืองนครพนม,นครพนม,Kurukhu,Mueang Nakhon Phanom,Nakhon Phanom
480106,48000,บ้านผึ้ง,เมืองนครพนม,นครพนม,Ban Phueng,Mueang Nakhon Phanom,Nakhon Phanom
480107,48000,อาจสามารถ,เมืองนครพนม,นครพนม,At Samat,Mueang Nakhon Phanom,Nakhon Phanom
480108,48000,ขามเฒ่า,เมืองนครพนม,นครพนม,Kham Thao,Mueang Nakhon Phanom,Nakhon Phanom
480109,48000,บ้านกลาง,เมืองนครพนม,นครพนม,Ban Klang,Mueang Nakhon Phanom,Nakhon Phanom
480110,48000,ท่าค้อ,เมืองนครพนม,นครพนม,Tha Kho,Mueang Nakhon Phanom,Nakhon Phanom
480111,48000,คำเตย,เมืองนครพนม,นครพนม,Kham Toei,Mueang Nakhon Phanom,Nakhon Phanom
480112,48000,หนองญาติ,เมืองนครพนม,นครพนม,Nong Yat,Mueang Nakhon Phanom,Nakhon Phanom
480113,48000,ดงขวาง,เมืองนครพนม,นครพนม,Dong Khwang,Mueang Nakhon Phanom,Nakhon Phanom
480114,48000,วังตามัว,เมืองนครพนม,นครพนม,Wang Ta Mua,Mueang Nakhon Phanom,Nakhon Phanom
480115,48000,โพธิ์ตาก,เมืองนครพนม,นครพนม,Pho Tak,Mueang Nakhon Phanom,Nakhon Phanom
480201,48160,ปลาปาก,ปลาปาก,นครพนม,Pla Pak,Pla Pak,Nakhon Phanom
480202,48160,หนองฮี,ปลาปาก,นครพนม,Nong Hi,Pla Pak,Nakhon Phanom
480203,48160,กุตาไก้,ปลาปาก,นครพนม,Kut Takai,Pla Pak,Nakhon Phanom
480204,48160,โคกสว่าง,ปลาปาก,นครพนม,Khok Sawang,Pla Pak,Nakhon Phanom
480205,48160,โคกสูง,ปลาปาก,นครพนม,Khok Sung,Pla Pak,Nakhon Phanom
480206,48160,มหาชัย,ปลาปาก,นครพนม,Mahachai,Pla Pak,Nakhon Phanom
480207,48160,นามะเขือ,ปลาปาก,นครพนม,Na Makhuea,Pla Pak,Nakhon Phanom
480208,48160,หนองเทาใหญ่,ปลาปาก,นครพนม,Nong Thao Yai,Pla Pak,Nakhon Phanom
480301,48120,ท่าอุเทน,ท่าอุเทน,นครพนม,Tha Uthen,Tha Uthen,Nakhon Phanom
480302,48120,โนนตาล,ท่าอุเทน,นครพนม,Non Tan,Tha Uthen,Nakhon Phanom
480303,48120,ท่าจำปา,ท่าอุเทน,นครพนม,Tha Champa,Tha Uthen,Nakhon Phanom
480304,48120,ไชยบุรี,ท่าอุเทน,นครพนม,Chai Buri,Tha Uthen,Nakhon Phanom
480305,48120,พนอม,ท่าอุเทน,นครพนม,Phanom,Tha Uthen,Nakhon Phanom
480306,48120,พะทาย,ท่าอุเทน,นครพนม,Phathai,Tha Uthen,Nakhon Phanom
480311,48120,เวินพระบาท,ท่าอุเทน,นครพนม,Woen Phrabat,Tha Uthen,Nakhon Phanom
480312,48120,รามราช,ท่าอุเทน,นครพนม,Rammarat,Tha Uthen,Nakhon Phanom
480314,48120,หนองเทา,ท่าอุเทน,นครพนม,Nong Thao,Tha Uthen,Nakhon Phanom
480401,48140,บ้านแพง,บ้านแพง,นครพนม,Ban Phaeng,Ban Phaeng,Nakhon Phanom
480402,48140,ไผ่ล้อม,บ้านแพง,นครพนม,Phai Lom,Ban Phaeng,Nakhon Phanom
480403,48140,โพนทอง,บ้านแพง,นครพนม,Phon Thong,Ban Phaeng,Nakhon Phanom
480404,48140,หนองแวง,บ้านแพง,นครพนม,Nong Waeng,Ban Phaeng,Nakhon Phanom
480408,48140,นางัว,บ้านแพง,นครพนม,Na Ngua,Ban Phaeng,Nakhon Phanom
480409,48140,นาเข,บ้านแพง,นครพนม,Na Khe,Ban Phaeng,Nakhon Phanom
480501,48110,ธาตุพนม,ธาตุพนม,นครพนม,That Phanom,That Phanom,Nakhon Phanom
480502,48110,ฝั่งแดง,ธาตุพนม,นครพนม,Fang Daeng,That Phanom,Nakhon Phanom
480503,48110,โพนแพง,ธาตุพนม,นครพนม,Phon Phaeng,That Phanom,Nakhon Phanom
480504,48110,พระกลางทุ่ง,ธาตุพนม,นครพนม,Phra Klang Thung,That Phanom,Nakhon Phanom
480505,48110,นาถ่อน,ธาตุพนม,นครพนม,Na Thon,That Phanom,Nakhon Phanom
480506,48110,แสนพัน,ธาตุพนม,นครพนม,Saen Phan,That Phanom,Nakhon Phanom
480507,48110,ดอนนางหงส์,ธาตุพนม,นครพนม,Don Nang Hong,That Phanom,Nakhon Phanom
480508,48110,น้ำก่ำ,ธาตุพนม,นครพนม,Nam Kam,That Phanom,Nakhon Phanom
480509,48110,อุ่มเหม้า,ธาตุพนม,นครพนม,Um Mao,That Phanom,Nakhon Phanom
480510,48110,นาหนาด,ธาตุพนม,นครพนม,Na Nat,That Phanom,Nakhon Phanom
480511,48110,กุดฉิม,ธาตุพนม,นครพนม,Kut Chim,That Phanom,Nakhon Phanom
480512,48110,ธาตุพนมเหนือ,ธาตุพนม,นครพนม,That Phanom Nuea,That Phanom,Nakhon Phanom
480601,48170,เรณู,เรณูนคร,นครพนม,Renu,Renu Nakhon,Nakhon Phanom
480602,48170,โพนทอง,เรณูนคร,นครพนม,Phon Thong,Renu Nakhon,Nakhon Phanom
480603,48170,ท่าลาด,เรณูนคร,นครพนม,Tha Lat,Renu Nakhon,Nakhon Phanom
480604,48170,นางาม,เรณูนคร,นครพนม,Na Ngam,Renu Nakhon,Nakhon Phanom
480605,48170,โคกหินแฮ่,เรณูนคร,นครพนม,Khok Hin Hae,Renu Nakhon,Nakhon Phanom
480607,48170,หนองย่างชิ้น,เรณูนคร,นครพนม,Nong Yang Chin,Renu Nakhon,Nakhon Phanom
480608,48170,เรณูใต้,เรณูนคร,นครพนม,Renu Tai,Renu Nakhon,Nakhon Phanom
480609,48170,นาขาม,เรณูนคร,นครพนม,Nakham,Renu Nakhon,Nakhon Phanom
480701,48130,นาแก,นาแก,นครพนม,Na Kae,Na Kae,Nakhon Phanom
480702,48130,พระซอง,นาแก,นครพนม,Phra Song,Na Kae,Nakhon Phanom
480703,48130,หนองสังข์,นาแก,นครพนม,Nong Sang,Na Kae,Nakhon Phanom
480704,48130,นาคู่,นาแก,นครพนม,Na Khu,Na Kae,Nakhon Phanom
480705,48130,พิมาน,นาแก,นครพนม,Phiman,Na Kae,Nakhon Phanom
480706,48130,พุ่มแก,นาแก,นครพนม,Phum Kae,Na Kae,Nakhon Phanom
480707,48130,ก้านเหลือง,นาแก,นครพนม,Kan Lueang,Na Kae,Nakhon Phanom
480708,48130,หนองบ่อ,นาแก,นครพนม,Nong Bo,Na Kae,Nakhon Phanom
480709,48130,นาเลียง,นาแก,นครพนม,Na Liang,Na Kae,Nakhon Phanom
480712,48130,บ้านแก้ง,นาแก,นครพนม,Ban Kaeng,Na Kae,Nakhon Phanom
480713,48130,คำพี้,นาแก,นครพนม,Kham Phi,Na Kae,Nakhon Phanom
480715,48130,สีชมพู,นาแก,นครพนม,Si Chomphu,Na Kae,Nakhon Phanom
480801,48150,ศรีสงคราม,ศรีสงคราม,นครพนม,Si Songkhram,Si Songkhram,Nakhon Phanom
480802,48150,นาเดื่อ,ศรีสงคราม,นครพนม,Na Duea,Si Songkhram,Nakhon Phanom
480803,48150,บ้านเอื้อง,ศรีสงคราม,นครพนม,Ban Ueang,Si Songkhram,Nakhon Phanom
480804,48150,สามผง,ศรีสงคราม,นครพนม,Sam Phong,Si Songkhram,Nakhon Phanom
480805,48150,ท่าบ่อสงคราม,ศรีสงคราม,นครพนม,Tha Bo Songkhram,Si Songkhram,Nakhon Phanom
480806,48150,บ้านข่า,ศรีสงคราม,นครพนม,Ban Kha,Si Songkhram,Nakhon Phanom
480807,48150,นาคำ,ศรีสงคราม,นครพนม,Na Kham,Si Songkhram,Nakhon Phanom
480808,48150,โพนสว่าง,ศรีสงคราม,นครพนม,Phon Sawang,Si Songkhram,Nakhon Phanom
480809,48150,หาดแพง,ศรีสงคราม,นครพนม,Hat Phaeng,Si Songkhram,Nakhon Phanom
480901,48180,นาหว้า,นาหว้า,นครพนม,Na Wa,Na Wa,Nakhon Phanom
480902,48180,นางัว,นาหว้า,นครพนม,Na Ngua,Na Wa,Nakhon Phanom
480903,48180,บ้านเสียว,นาหว้า,นครพนม,Ban Siao,Na Wa,Nakhon Phanom
480904,48180,นาคูณใหญ่,นาหว้า,นครพนม,Na Khun Yai,Na Wa,Nakhon Phanom
480905,48180,เหล่าพัฒนา,นาหว้า,นครพนม,Lao Phathana,Na Wa,Nakhon Phanom
480906,48180,ท่าเรือ,นาหว้า,นครพนม,Tha Ruea,Na Wa,Nakhon Phanom
481001,48190,โพนสวรรค์,โพนสวรรค์,นครพนม,Phon Sawan,Phon Sawan,Nakhon Phanom
481002,48190,นาหัวบ่อ,โพนสวรรค์,นครพนม,Na Hua Bo,Phon Sawan,Nakhon Phanom
481003,48190,นาขมิ้น,โพนสวรรค์,นครพนม,Na Khamin,Phon Sawan,Nakhon Phanom
481004,48190,โพนบก,โพนสวรรค์,นครพนม,Phon Bok,Phon Sawan,Nakhon Phanom
481005,48190,บ้านค้อ,โพนสวรรค์,นครพนม,Ban Kho,Phon Sawan,Nakhon Phanom
481006,48190,โพนจาน,โพนสวรรค์,นครพนม,Phon Chan,Phon Sawan,Nakhon Phanom
481007,48190,นาใน,โพนสวรรค์,นครพนม,Na Nai,Phon Sawan,Nakhon Phanom
481101,48140,นาทม,นาทม,นครพนม,Na Thom,Na Thom,Nakhon Phanom
481102,48140,หนองซน,นาทม,นครพนม,Nong Son,Na Thom,Nakhon Phanom
481103,48140,ดอนเตย,นาทม,นครพนม,Don Toei,Na Thom,Nakhon Phanom
481201,48130,วังยาง,วังยาง,นครพนม,Wang Yang,Wang Yang,Nakhon Phanom
481202,48130,โคกสี,วังยาง,นครพนม,Khok Si,Wang Yang,Nakhon Phanom
481203,48130,ยอดชาด,วังยาง,นครพนม,Yot Chat,Wang Yang,Nakhon Phanom
481204,48130,หนองโพธิ์,วังยาง,นครพนม,Nong Pho,Wang Yang,Nakhon Phanom
490101,49000,มุกดาหาร,เมืองมุกดาหาร,มุกดาหาร,Mukdahan,Mueang Mukdahan,Mukdahan
490102,49000,ศรีบุญเรือง,เมืองมุกดาหาร,มุกดาหาร,Si Bunrueang,Mueang Mukdahan,Mukdahan
490103,49000,บ้านโคก,เมืองมุกดาหาร,มุกดาหาร,Ban Khok,Mueang Mukdahan,Mukdahan
490104,49000,บางทรายใหญ่,เมืองมุกดาหาร,มุกดาหาร,Bang Sai Yai,Mueang Mukdahan,Mukdahan
490105,49000,โพนทราย,เมืองมุกดาหาร,มุกดาหาร,Phon Sai,Mueang Mukdahan,Mukdahan
490106,49000,ผึ่งแดด,เมืองมุกดาหาร,มุกดาหาร,Phueng Daet,Mueang Mukdahan,Mukdahan
490107,49000,นาโสก,เมืองมุกดาหาร,มุกดาหาร,Na Sok,Mueang Mukdahan,Mukdahan
490108,49000,นาสีนวน,เมืองมุกดาหาร,มุกดาหาร,Na Si Nuan,Mueang Mukdahan,Mukdahan
490109,49000,คำป่าหลาย,เมืองมุกดาหาร,มุกดาหาร,Kham Pa Lai,Mueang Mukdahan,Mukdahan
490110,49000,คำอาฮวน,เมืองมุกดาหาร,มุกดาหาร,Kham A Huan,Mueang Mukdahan,Mukdahan
490111,49000,ดงเย็น,เมืองมุกดาหาร,มุกดาหาร,Dong Yen,Mueang Mukdahan,Mukdahan
490112,49000,ดงมอน,เมืองมุกดาหาร,มุกดาหาร,Dong Mon,Mueang Mukdahan,Mukdahan
490113,49000,กุดแข้,เมืองมุกดาหาร,มุกดาหาร,Kut Khae,Mueang Mukdahan,Mukdahan
490201,49130,นิคมคำสร้อย,นิคมคำสร้อย,มุกดาหาร,Nikhom Kham Soi,Nikhom Kham Soi,Mukdahan
490202,49130,นากอก,นิคมคำสร้อย,มุกดาหาร,Na Kok,Nikhom Kham Soi,Mukdahan
490203,49130,หนองแวง,นิคมคำสร้อย,มุกดาหาร,Nong Waeng,Nikhom Kham Soi,Mukdahan
490204,49130,กกแดง,นิคมคำสร้อย,มุกดาหาร,Kok Daeng,Nikhom Kham Soi,Mukdahan
490205,49130,นาอุดม,นิคมคำสร้อย,มุกดาหาร,Na Udom,Nikhom Kham Soi,Mukdahan
490206,49130,โชคชัย,นิคมคำสร้อย,มุกดาหาร,Chok Chai,Nikhom Kham Soi,Mukdahan
490207,49130,ร่มเกล้า,นิคมคำสร้อย,มุกดาหาร,Romklao,Nikhom Kham Soi,Mukdahan
490301,49120,ดอนตาล,ดอนตาล,มุกดาหาร,Don Tan,Don Tan,Mukdahan
490302,49120,โพธิ์ไทร,ดอนตาล,มุกดาหาร,Pho Sai,Don Tan,Mukdahan
490303,49120,ป่าไร่,ดอนตาล,มุกดาหาร,Pa Rai,Don Tan,Mukdahan
490304,49120,เหล่าหมี,ดอนตาล,มุกดาหาร,Lao Mi,Don Tan,Mukdahan
490305,49120,บ้านบาก,ดอนตาล,มุกดาหาร,Ban Bak,Don Tan,Mukdahan
490306,49120,นาสะเม็ง,ดอนตาล,มุกดาหาร,Na Sameng,Don Tan,Mukdahan
490307,49120,บ้านแก้ง,ดอนตาล,มุกดาหาร,Ban Kaeng,Don Tan,Mukdahan
490401,49140,ดงหลวง,ดงหลวง,มุกดาหาร,Dong Luang,Don Tan,Mukdahan
490402,49140,หนองบัว,ดงหลวง,มุกดาหาร,Nong Bua,Don Tan,Mukdahan
490403,49140,กกตูม,ดงหลวง,มุกดาหาร,Kok Tum,Don Tan,Mukdahan
490404,49140,หนองแคน,ดงหลวง,มุกดาหาร,Nong Khaen,Don Tan,Mukdahan
490405,49140,ชะโนดน้อย,ดงหลวง,มุกดาหาร,Chanot Noi,Don Tan,Mukdahan
490406,49140,พังแดง,ดงหลวง,มุกดาหาร,Phang Daeng,Don Tan,Mukdahan
490503,49110,บ้านซ่ง,คำชะอี,มุกดาหาร,Ban Shong,Khamcha-I,Mukdahan
490504,49110,คำชะอี,คำชะอี,มุกดาหาร,Kham Cha-I,Khamcha-I,Mukdahan
490505,49110,หนองเอี่ยน,คำชะอี,มุกดาหาร,Nong Ian,Khamcha-I,Mukdahan
490506,49110,บ้านค้อ,คำชะอี,มุกดาหาร,Ban Kho,Khamcha-I,Mukdahan
490507,49110,บ้านเหล่า,คำชะอี,มุกดาหาร,Ban Lao,Khamcha-I,Mukdahan
490508,49110,โพนงาม,คำชะอี,มุกดาหาร,Phon Ngam,Khamcha-I,Mukdahan
490511,49110,เหล่าสร้างถ่อ,คำชะอี,มุกดาหาร,Lao Sang Tho,Khamcha-I,Mukdahan
490512,49110,คำบก,คำชะอี,มุกดาหาร,Kham Bok,Khamcha-I,Mukdahan
490514,49110,น้ำเที่ยง,คำชะอี,มุกดาหาร,Nam Thiang,Khamcha-I,Mukdahan
490601,49150,หว้านใหญ่,หว้านใหญ่,มุกดาหาร,Wan Yai,Wan Yai,Mukdahan
490602,49150,ป่งขาม,หว้านใหญ่,มุกดาหาร,Pong Kham,Wan Yai,Mukdahan
490603,49150,บางทรายน้อย,หว้านใหญ่,มุกดาหาร,Bang Sai Noi,Wan Yai,Mukdahan
490604,49150,ชะโนด,หว้านใหญ่,มุกดาหาร,Chanot,Wan Yai,Mukdahan
490605,49150,ดงหมู,หว้านใหญ่,มุกดาหาร,Dong Mu,Wan Yai,Mukdahan
490701,49160,หนองสูง,หนองสูง,มุกดาหาร,Nong Sung,Nong Sung,Mukdahan
490702,49160,โนนยาง,หนองสูง,มุกดาหาร,Non Yang,Nong Sung,Mukdahan
490703,49160,ภูวง,หนองสูง,มุกดาหาร,Phu Wong,Nong Sung,Mukdahan
490704,49160,บ้านเป้า,หนองสูง,มุกดาหาร,Ban Pao,Nong Sung,Mukdahan
490705,49160,หนองสูงใต้,หนองสูง,มุกดาหาร,Nong Sung Tai,Nong Sung,Mukdahan
490706,49160,หนองสูงเหนือ,หนองสูง,มุกดาหาร,Nong Sung Nuea,Nong Sung,Mukdahan
500101,50200,ศรีภูมิ,เมืองเชียงใหม่,เชียงใหม่,Si Phum,Mueang Chiang Mai,Chiang Mai
500102,50200,พระสิงห์,เมืองเชียงใหม่,เชียงใหม่,Phra Sing,Mueang Chiang Mai,Chiang Mai
500103,50100,หายยา,เมืองเชียงใหม่,เชียงใหม่,Hai Ya,Mueang Chiang Mai,Chiang Mai
500104,50300,ช้างม่อย,เมืองเชียงใหม่,เชียงใหม่,Chang Moi,Mueang Chiang Mai,Chiang Mai
500105,50100,ช้างคลาน,เมืองเชียงใหม่,เชียงใหม่,Chang Khlan,Mueang Chiang Mai,Chiang Mai
500106,50000,วัดเกต,เมืองเชียงใหม่,เชียงใหม่,Wat Ket,Mueang Chiang Mai,Chiang Mai
500107,50300,ช้างเผือก,เมืองเชียงใหม่,เชียงใหม่,Chang Phueak,Mueang Chiang Mai,Chiang Mai
500108,50200,สุเทพ,เมืองเชียงใหม่,เชียงใหม่,Su Thep,Mueang Chiang Mai,Chiang Mai
500109,50100,แม่เหียะ,เมืองเชียงใหม่,เชียงใหม่,Mae Hia,Mueang Chiang Mai,Chiang Mai
500110,50100,ป่าแดด,เมืองเชียงใหม่,เชียงใหม่,Pa Daet,Mueang Chiang Mai,Chiang Mai
500111,50000,หนองหอย,เมืองเชียงใหม่,เชียงใหม่,Nong Hoi,Mueang Chiang Mai,Chiang Mai
500112,50000,ท่าศาลา,เมืองเชียงใหม่,เชียงใหม่,Tha Sala,Mueang Chiang Mai,Chiang Mai
500113,50000,หนองป่าครั่ง,เมืองเชียงใหม่,เชียงใหม่,Nong Pa Khrang,Mueang Chiang Mai,Chiang Mai
500114,50000,ฟ้าฮ่าม,เมืองเชียงใหม่,เชียงใหม่,Fa Ham,Mueang Chiang Mai,Chiang Mai
500115,50300,ป่าตัน,เมืองเชียงใหม่,เชียงใหม่,Pa Tan,Mueang Chiang Mai,Chiang Mai
500116,50300,สันผีเสื้อ,เมืองเชียงใหม่,เชียงใหม่,San Phisuea,Mueang Chiang Mai,Chiang Mai
500203,50160,บ้านหลวง,จอมทอง,เชียงใหม่,Ban Luang,Chom Thong,Chiang Mai
500204,50160,ข่วงเปา,จอมทอง,เชียงใหม่,Khuang Pao,Chom Thong,Chiang Mai
500205,50160,สบเตี๊ยะ,จอมทอง,เชียงใหม่,Sop Tia,Chom Thong,Chiang Mai
500206,50240,บ้านแปะ,จอมทอง,เชียงใหม่,Ban Pae,Chom Thong,Chiang Mai
500207,50160,ดอยแก้ว,จอมทอง,เชียงใหม่,Doi Kaeo,Chom Thong,Chiang Mai
500209,50240,แม่สอย,จอมทอง,เชียงใหม่,Mae Soi,Chom Thong,Chiang Mai
500301,50270,ช่างเคิ่ง,แม่แจ่ม,เชียงใหม่,Chang Khoeng,Mae Chaem,Chiang Mai
500302,50270,ท่าผา,แม่แจ่ม,เชียงใหม่,Tha Pha,Mae Chaem,Chiang Mai
500303,50270,บ้านทับ,แม่แจ่ม,เชียงใหม่,Ban Thap,Mae Chaem,Chiang Mai
500304,50270,แม่ศึก,แม่แจ่ม,เชียงใหม่,Mae Suek,Mae Chaem,Chiang Mai
500305,50270,แม่นาจร,แม่แจ่ม,เชียงใหม่,Mae Na Chon,Mae Chaem,Chiang Mai
500307,50270,ปางหินฝน,แม่แจ่ม,เชียงใหม่,Pang Hin Fon,Mae Chaem,Chiang Mai
500308,50270,กองแขก,แม่แจ่ม,เชียงใหม่,Kong Khaek,Mae Chaem,Chiang Mai
500401,50170,เชียงดาว,เชียงดาว,เชียงใหม่,Chiang Dao,Chiang Dao,Chiang Mai
500402,50170,เมืองนะ,เชียงดาว,เชียงใหม่,Mueang Na,Chiang Dao,Chiang Mai
500403,50170,เมืองงาย,เชียงดาว,เชียงใหม่,Mueang Ngai,Chiang Dao,Chiang Mai
500404,50170,แม่นะ,เชียงดาว,เชียงใหม่,Mae Na,Chiang Dao,Chiang Mai
500405,50170,เมืองคอง,เชียงดาว,เชียงใหม่,Mueang Khong,Chiang Dao,Chiang Mai
500406,50170,ปิงโค้ง,เชียงดาว,เชียงใหม่,Ping Khong,Chiang Dao,Chiang Mai
500407,50170,ทุ่งข้าวพวง,เชียงดาว,เชียงใหม่,Thung Khao Phuang,Chiang Dao,Chiang Mai
500501,50220,เชิงดอย,ดอยสะเก็ด,เชียงใหม่,Choeng Doi,Doi Saket,Chiang Mai
500502,50220,สันปูเลย,ดอยสะเก็ด,เชียงใหม่,San Pu Loei,Doi Saket,Chiang Mai
500503,50220,ลวงเหนือ,ดอยสะเก็ด,เชียงใหม่,Luang Nuea,Doi Saket,Chiang Mai
500504,50220,ป่าป้อง,ดอยสะเก็ด,เชียงใหม่,Pa Pong,Doi Saket,Chiang Mai
500505,50220,สง่าบ้าน,ดอยสะเก็ด,เชียงใหม่,Sa-Nga Ban,Doi Saket,Chiang Mai
500506,50220,ป่าลาน,ดอยสะเก็ด,เชียงใหม่,Pa Lan,Doi Saket,Chiang Mai
500507,50220,ตลาดขวัญ,ดอยสะเก็ด,เชียงใหม่,Talat Khwan,Doi Saket,Chiang Mai
500508,50220,สำราญราษฎร์,ดอยสะเก็ด,เชียงใหม่,Samran Rat,Doi Saket,Chiang Mai
500509,50220,แม่คือ,ดอยสะเก็ด,เชียงใหม่,Mae Khue,Doi Saket,Chiang Mai
500510,50220,ตลาดใหญ่,ดอยสะเก็ด,เชียงใหม่,Talat Yai,Doi Saket,Chiang Mai
500511,50220,แม่ฮ้อยเงิน,ดอยสะเก็ด,เชียงใหม่,Mae Hoi Ngoen,Doi Saket,Chiang Mai
500512,50220,แม่โป่ง,ดอยสะเก็ด,เชียงใหม่,Mae Pong,Doi Saket,Chiang Mai
500513,50220,ป่าเมี่ยง,ดอยสะเก็ด,เชียงใหม่,Pa Miang,Doi Saket,Chiang Mai
500514,50220,เทพเสด็จ,ดอยสะเก็ด,เชียงใหม่,Thep Sadet,Doi Saket,Chiang Mai
500601,50150,สันมหาพน,แม่แตง,เชียงใหม่,San Mahaphon,Mae Taeng,Chiang Mai
500602,50150,แม่แตง,แม่แตง,เชียงใหม่,Mae Taeng,Mae Taeng,Chiang Mai
500603,50150,ขี้เหล็ก,แม่แตง,เชียงใหม่,Khi Lek,Mae Taeng,Chiang Mai
500604,50150,ช่อแล,แม่แตง,เชียงใหม่,Cho Lae,Mae Taeng,Chiang Mai
500605,50150,แม่หอพระ,แม่แตง,เชียงใหม่,Mae Ho Phra,Mae Taeng,Chiang Mai
500606,50150,สบเปิง,แม่แตง,เชียงใหม่,Sop Poeng,Mae Taeng,Chiang Mai
500607,50150,บ้านเป้า,แม่แตง,เชียงใหม่,Ban Pao,Mae Taeng,Chiang Mai
500608,50330,สันป่ายาง,แม่แตง,เชียงใหม่,San Pa Yang,Mae Taeng,Chiang Mai
500609,50150,ป่าแป๋,แม่แตง,เชียงใหม่,Pa Pae,Mae Taeng,Chiang Mai
500610,50150,เมืองก๋าย,แม่แตง,เชียงใหม่,Mueang Kai,Mae Taeng,Chiang Mai
500611,50150,บ้านช้าง,แม่แตง,เชียงใหม่,Ban Chang,Mae Taeng,Chiang Mai
500612,50150,กื้ดช้าง,แม่แตง,เชียงใหม่,Kuet Chang,Mae Taeng,Chiang Mai
500613,50150,อินทขิล,แม่แตง,เชียงใหม่,Inthakhin,Mae Taeng,Chiang Mai
500701,50180,ริมใต้,แม่ริม,เชียงใหม่,Rim Tai,Mae Rim,Chiang Mai
500702,50180,ริมเหนือ,แม่ริม,เชียงใหม่,Rim Nuea,Mae Rim,Chiang Mai
500703,50180,สันโป่ง,แม่ริม,เชียงใหม่,San Pong,Mae Rim,Chiang Mai
500704,50180,ขี้เหล็ก,แม่ริม,เชียงใหม่,Khi Lek,Mae Rim,Chiang Mai
500705,50330,สะลวง,แม่ริม,เชียงใหม่,Saluang,Mae Rim,Chiang Mai
500706,50180,ห้วยทราย,แม่ริม,เชียงใหม่,Huai Sai,Mae Rim,Chiang Mai
500707,50180,แม่แรม,แม่ริม,เชียงใหม่,Mae Raem,Mae Rim,Chiang Mai
500708,50180,โป่งแยง,แม่ริม,เชียงใหม่,Pong Yaeng,Mae Rim,Chiang Mai
500709,50180,แม่สา,แม่ริม,เชียงใหม่,Mae Sa,Mae Rim,Chiang Mai
500710,50180,ดอนแก้ว,แม่ริม,เชียงใหม่,Don Kaeo,Mae Rim,Chiang Mai
500711,50180,เหมืองแก้ว,แม่ริม,เชียงใหม่,Mueang Kaeo,Mae Rim,Chiang Mai
500801,50250,สะเมิงใต้,สะเมิง,เชียงใหม่,Samoeng Tai,Samoeng,Chiang Mai
500802,50250,สะเมิงเหนือ,สะเมิง,เชียงใหม่,Samoeng Nuea,Samoeng,Chiang Mai
500803,50250,แม่สาบ,สะเมิง,เชียงใหม่,Mae Sap,Samoeng,Chiang Mai
500804,50250,บ่อแก้ว,สะเมิง,เชียงใหม่,Bo Kaeo,Samoeng,Chiang Mai
500805,50250,ยั้งเมิน,สะเมิง,เชียงใหม่,Yung Moen,Samoeng,Chiang Mai
500901,50110,เวียง,ฝาง,เชียงใหม่,Wiang,Fang,Chiang Mai
500903,50110,ม่อนปิ่น,ฝาง,เชียงใหม่,Mon Pin,Fang,Chiang Mai
500904,50320,แม่งอน,ฝาง,เชียงใหม่,Mae Ngon,Fang,Chiang Mai
500905,50110,แม่สูน,ฝาง,เชียงใหม่,Mae Soon,Fang,Chiang Mai
500906,50110,สันทราย,ฝาง,เชียงใหม่,San Sai,Fang,Chiang Mai
500910,50110,แม่คะ,ฝาง,เชียงใหม่,Mae Kha,Fang,Chiang Mai
500911,50320,แม่ข่า,ฝาง,เชียงใหม่,Mae Kha,Fang,Chiang Mai
500912,50110,โป่งน้ำร้อน,ฝาง,เชียงใหม่,Pong Nam Ron,Fang,Chiang Mai
501001,50280,แม่อาย,แม่อาย,เชียงใหม่,Mae Ai,Mae Ai,Chiang Mai
501002,50280,แม่สาว,แม่อาย,เชียงใหม่,Mae Sao,Mae Ai,Chiang Mai
501003,50280,สันต้นหมื้อ,แม่อาย,เชียงใหม่,San Ton Mue,Mae Ai,Chiang Mai
501004,50280,แม่นาวาง,แม่อาย,เชียงใหม่,Mae Na Wang,Mae Ai,Chiang Mai
501005,50280,ท่าตอน,แม่อาย,เชียงใหม่,Tha Ton,Mae Ai,Chiang Mai
501006,50280,บ้านหลวง,แม่อาย,เชียงใหม่,Ban Luang,Mae Ai,Chiang Mai
501007,50280,มะลิกา,แม่อาย,เชียงใหม่,Malika,Mae Ai,Chiang Mai
501101,50190,เวียง,พร้าว,เชียงใหม่,Wiang,Phrao,Chiang Mai
501102,50190,ทุ่งหลวง,พร้าว,เชียงใหม่,Thung Luang,Phrao,Chiang Mai
501103,50190,ป่าตุ้ม,พร้าว,เชียงใหม่,Pa Tum,Phrao,Chiang Mai
501104,50190,ป่าไหน่,พร้าว,เชียงใหม่,Pa Nai,Phrao,Chiang Mai
501105,50190,สันทราย,พร้าว,เชียงใหม่,San Sai,Phrao,Chiang Mai
501106,50190,บ้านโป่ง,พร้าว,เชียงใหม่,Ban Pong,Phrao,Chiang Mai
501107,50190,น้ำแพร่,พร้าว,เชียงใหม่,Nam Phrae,Phrao,Chiang Mai
501108,50190,เขื่อนผาก,พร้าว,เชียงใหม่,Khuean Phak,Phrao,Chiang Mai
501109,50190,แม่แวน,พร้าว,เชียงใหม่,Mae Waen,Phrao,Chiang Mai
501110,50190,แม่ปั๋ง,พร้าว,เชียงใหม่,Mae Pang,Phrao,Chiang Mai
501111,50190,โหล่งขอด,พร้าว,เชียงใหม่,Long Khot,Phrao,Chiang Mai
501201,50120,ยุหว่า,สันป่าตอง,เชียงใหม่,Yu Wa,San Pa Tong,Chiang Mai
501202,50120,สันกลาง,สันป่าตอง,เชียงใหม่,San Klang,San Pa Tong,Chiang Mai
501203,50120,ท่าวังพร้าว,สันป่าตอง,เชียงใหม่,Tha Wang Phrao,San Pa Tong,Chiang Mai
501204,50120,มะขามหลวง,สันป่าตอง,เชียงใหม่,Makham Luang,San Pa Tong,Chiang Mai
501205,50120,แม่ก๊า,สันป่าตอง,เชียงใหม่,Mae Ka,San Pa Tong,Chiang Mai
501206,50120,บ้านแม,สันป่าตอง,เชียงใหม่,Ban Mae,San Pa Tong,Chiang Mai
501207,50120,บ้านกลาง,สันป่าตอง,เชียงใหม่,Ban Klang,San Pa Tong,Chiang Mai
501208,50120,ทุ่งสะโตก,สันป่าตอง,เชียงใหม่,Thung Satok,San Pa Tong,Chiang Mai
501210,50120,ทุ่งต้อม,สันป่าตอง,เชียงใหม่,Thung Tom,San Pa Tong,Chiang Mai
501214,50120,น้ำบ่อหลวง,สันป่าตอง,เชียงใหม่,Nam Bo Luang,San Pa Tong,Chiang Mai
501215,50120,มะขุนหวาน,สันป่าตอง,เชียงใหม่,Makhun Wan,San Pa Tong,Chiang Mai
501301,50130,สันกำแพง,สันกำแพง,เชียงใหม่,San Kamphaeng,San Kamphaeng,Chiang Mai
501302,50130,ทรายมูล,สันกำแพง,เชียงใหม่,Sai Mun,San Kamphaeng,Chiang Mai
501303,50130,ร้องวัวแดง,สันกำแพง,เชียงใหม่,Rong Wua Daeng,San Kamphaeng,Chiang Mai
501304,50130,บวกค้าง,สันกำแพง,เชียงใหม่,Buak Khang,San Kamphaeng,Chiang Mai
501305,50130,แช่ช้าง,สันกำแพง,เชียงใหม่,Chae Chang,San Kamphaeng,Chiang Mai
501306,50130,ออนใต้,สันกำแพง,เชียงใหม่,On Tai,San Kamphaeng,Chiang Mai
501310,50130,แม่ปูคา,สันกำแพง,เชียงใหม่,Mae Pu Kha,San Kamphaeng,Chiang Mai
501311,50130,ห้วยทราย,สันกำแพง,เชียงใหม่,Huai Sai,San Kamphaeng,Chiang Mai
501312,50130,ต้นเปา,สันกำแพง,เชียงใหม่,Ton Pao,San Kamphaeng,Chiang Mai
501313,50130,สันกลาง,สันกำแพง,เชียงใหม่,San Klang,San Kamphaeng,Chiang Mai
501401,50210,สันทรายหลวง,สันทราย,เชียงใหม่,San Sai Luang,San Sai,Chiang Mai
501402,50210,สันทรายน้อย,สันทราย,เชียงใหม่,San Sai Noi,San Sai,Chiang Mai
501403,50210,สันพระเนตร,สันทราย,เชียงใหม่,San Phranet,San Sai,Chiang Mai
501404,50210,สันนาเม็ง,สันทราย,เชียงใหม่,San Na Meng,San Sai,Chiang Mai
501405,50210,สันป่าเปา,สันทราย,เชียงใหม่,San Pa Pao,San Sai,Chiang Mai
501406,50210,หนองแหย่ง,สันทราย,เชียงใหม่,Nong Yaeng,San Sai,Chiang Mai
501407,50210,หนองจ๊อม,สันทราย,เชียงใหม่,Nong Chom,San Sai,Chiang Mai
501408,50290,หนองหาร,สันทราย,เชียงใหม่,Nong Han,San Sai,Chiang Mai
501409,50290,แม่แฝก,สันทราย,เชียงใหม่,Mae Faek,San Sai,Chiang Mai
501410,50290,แม่แฝกใหม่,สันทราย,เชียงใหม่,Mae Faek Mai,San Sai,Chiang Mai
501411,50210,เมืองเล็น,สันทราย,เชียงใหม่,Mueang Len,San Sai,Chiang Mai
501412,50210,ป่าไผ่,สันทราย,เชียงใหม่,Pa Phai,San Sai,Chiang Mai
501501,50230,หางดง,หางดง,เชียงใหม่,Hang Dong,Hang Dong,Chiang Mai
501502,50230,หนองแก๋ว,หางดง,เชียงใหม่,Nong Kaeo,Hang Dong,Chiang Mai
501503,50230,หารแก้ว,หางดง,เชียงใหม่,Han Kaeo,Hang Dong,Chiang Mai
501504,50340,หนองตอง,หางดง,เชียงใหม่,Nong Tong,Hang Dong,Chiang Mai
501505,50230,ขุนคง,หางดง,เชียงใหม่,Khun Khong,Hang Dong,Chiang Mai
501506,50230,สบแม่ข่า,หางดง,เชียงใหม่,Sop Mae Kha,Hang Dong,Chiang Mai
501507,50230,บ้านแหวน,หางดง,เชียงใหม่,Ban Waen,Hang Dong,Chiang Mai
501508,50230,สันผักหวาน,หางดง,เชียงใหม่,San Phak Wan,Hang Dong,Chiang Mai
501509,50230,หนองควาย,หางดง,เชียงใหม่,Nong Khwai,Hang Dong,Chiang Mai
501510,50230,บ้านปง,หางดง,เชียงใหม่,Ban Pong,Hang Dong,Chiang Mai
501511,50230,น้ำแพร่,หางดง,เชียงใหม่,Nam Phrae,Hang Dong,Chiang Mai
501601,50240,หางดง,ฮอด,เชียงใหม่,Hang Dong,Hot,Chiang Mai
501602,50240,ฮอด,ฮอด,เชียงใหม่,Hot,Hot,Chiang Mai
501603,50240,บ้านตาล,ฮอด,เชียงใหม่,Ban Tan,Hot,Chiang Mai
501604,50240,บ่อหลวง,ฮอด,เชียงใหม่,Bo Luang,Hot,Chiang Mai
501605,50240,บ่อสลี,ฮอด,เชียงใหม่,Bo Sali,Hot,Chiang Mai
501606,50240,นาคอเรือ,ฮอด,เชียงใหม่,Na Kho Ruea,Hot,Chiang Mai
501701,50260,ดอยเต่า,ดอยเต่า,เชียงใหม่,Doi Tao,Doi Tao,Chiang Mai
501702,50260,ท่าเดื่อ,ดอยเต่า,เชียงใหม่,Tha Duea,Doi Tao,Chiang Mai
501703,50260,มืดกา,ดอยเต่า,เชียงใหม่,Muet Ka,Doi Tao,Chiang Mai
501704,50260,บ้านแอ่น,ดอยเต่า,เชียงใหม่,Ban Aen,Doi Tao,Chiang Mai
501705,50260,บงตัน,ดอยเต่า,เชียงใหม่,Bong Tan,Doi Tao,Chiang Mai
501706,50260,โปงทุ่ง,ดอยเต่า,เชียงใหม่,Pong Thung,Doi Tao,Chiang Mai
501801,50310,อมก๋อย,อมก๋อย,เชียงใหม่,Omkoi,Omkoi,Chiang Mai
501802,50310,ยางเปียง,อมก๋อย,เชียงใหม่,Yang Piang,Omkoi,Chiang Mai
501803,50310,แม่ตื่น,อมก๋อย,เชียงใหม่,Mae Tuen,Omkoi,Chiang Mai
501804,50310,ม่อนจอง,อมก๋อย,เชียงใหม่,Mon Chong,Omkoi,Chiang Mai
501805,50310,แม่หลอง,อมก๋อย,เชียงใหม่,Sop Khong,Omkoi,Chiang Mai
501806,50310,นาเกียน,อมก๋อย,เชียงใหม่,Na Kian,Omkoi,Chiang Mai
501901,50140,ยางเนิ้ง,สารภี,เชียงใหม่,Yang Noeng,Saraphi,Chiang Mai
501902,50140,สารภี,สารภี,เชียงใหม่,Saraphi,Saraphi,Chiang Mai
501903,50140,ชมภู,สารภี,เชียงใหม่,Chomphu,Saraphi,Chiang Mai
501904,50140,ไชยสถาน,สารภี,เชียงใหม่,Chaiya Sathan,Saraphi,Chiang Mai
501905,50140,ขัวมุง,สารภี,เชียงใหม่,Khua Mung,Saraphi,Chiang Mai
501906,50140,หนองแฝก,สารภี,เชียงใหม่,Nong Faek,Saraphi,Chiang Mai
501907,50140,หนองผึ้ง,สารภี,เชียงใหม่,Nong Phueng,Saraphi,Chiang Mai
501908,50140,ท่ากว้าง,สารภี,เชียงใหม่,Tha Kwang,Saraphi,Chiang Mai
501909,50140,ดอนแก้ว,สารภี,เชียงใหม่,Don Kaeo,Saraphi,Chiang Mai
501910,50140,ท่าวังตาล,สารภี,เชียงใหม่,Tha Wang Tan,Saraphi,Chiang Mai
501911,50140,สันทราย,สารภี,เชียงใหม่,San Sai,Saraphi,Chiang Mai
501912,50140,ป่าบง,สารภี,เชียงใหม่,Pa Bong,Saraphi,Chiang Mai
502001,50350,เมืองแหง,เวียงแหง,เชียงใหม่,Mueang Haeng,Wiang Haeng,Chiang Mai
502002,50350,เปียงหลวง,เวียงแหง,เชียงใหม่,Piang Luang,Wiang Haeng,Chiang Mai
502003,50350,แสนไห,เวียงแหง,เชียงใหม่,Saen Hai,Wiang Haeng,Chiang Mai
502101,50320,ปงตำ,ไชยปราการ,เชียงใหม่,Pong Tam,Chai Prakan,Chiang Mai
502102,50320,ศรีดงเย็น,ไชยปราการ,เชียงใหม่,Si Dong Yen,Chai Prakan,Chiang Mai
502103,50320,แม่ทะลบ,ไชยปราการ,เชียงใหม่,Mae Thalop,Chai Prakan,Chiang Mai
502104,50320,หนองบัว,ไชยปราการ,เชียงใหม่,Nong Bua,Chai Prakan,Chiang Mai
502201,50360,บ้านกาด,แม่วาง,เชียงใหม่,Ban Kat,Mae Wang,Chiang Mai
502202,50360,ทุ่งปี๊,แม่วาง,เชียงใหม่,Thung Pi,Mae Wang,Chiang Mai
502203,50360,ทุ่งรวงทอง,แม่วาง,เชียงใหม่,Thung Ruang Thong,Mae Wang,Chiang Mai
502204,50360,แม่วิน,แม่วาง,เชียงใหม่,Mae Win,Mae Wang,Chiang Mai
502205,50360,ดอนเปา,แม่วาง,เชียงใหม่,Don Pao,Mae Wang,Chiang Mai
502301,50130,ออนเหนือ,แม่ออน,เชียงใหม่,On Nuea,Mae On,Chiang Mai
502302,50130,ออนกลาง,แม่ออน,เชียงใหม่,On Klang,Mae On,Chiang Mai
502303,50130,บ้านสหกรณ์,แม่ออน,เชียงใหม่,Ban Sahakon,Mae On,Chiang Mai
502304,50130,ห้วยแก้ว,แม่ออน,เชียงใหม่,Huai Kaeo,Mae On,Chiang Mai
502305,50130,แม่ทา,แม่ออน,เชียงใหม่,Mae Tha,Mae On,Chiang Mai
502306,50130,ทาเหนือ,แม่ออน,เชียงใหม่,Tha Nuea,Mae On,Chiang Mai
502401,50160,ดอยหล่อ,ดอยหล่อ,เชียงใหม่,Doi Lo,Doi Lo,Chiang Mai
502402,50160,สองแคว,ดอยหล่อ,เชียงใหม่,Song Khwae,Doi Lo,Chiang Mai
502403,50160,ยางคราม,ดอยหล่อ,เชียงใหม่,Yang Khram,Doi Lo,Chiang Mai
502404,50160,สันติสุข,ดอยหล่อ,เชียงใหม่,Santi Suk,Doi Lo,Chiang Mai
502501,58130,บ้านจันทร์,กัลยาณิวัฒนา,เชียงใหม่,Ban Chan,Kanlayaniwatthana,Chiang Mai
502502,58130,แม่แดด,กัลยาณิวัฒนา,เชียงใหม่,Mae Dad,Kanlayaniwatthana,Chiang Mai
502503,58130,แจ่มหลวง,กัลยาณิวัฒนา,เชียงใหม่,Jam Luang,Kanlayaniwatthana,Chiang Mai
510101,51000,ในเมือง,เมืองลำพูน,ลำพูน,Nai Mueang,Mueang Lamphun,Lamphun
510102,51000,เหมืองง่า,เมืองลำพูน,ลำพูน,Mueang Nga,Mueang Lamphun,Lamphun
510103,51150,อุโมงค์,เมืองลำพูน,ลำพูน,Umong,Mueang Lamphun,Lamphun
510104,51150,หนองช้างคืน,เมืองลำพูน,ลำพูน,Nong Chang Khuen,Mueang Lamphun,Lamphun
510105,51000,ประตูป่า,เมืองลำพูน,ลำพูน,Pratu Pa,Mueang Lamphun,Lamphun
510106,51000,ริมปิง,เมืองลำพูน,ลำพูน,Rim Ping,Mueang Lamphun,Lamphun
510107,51000,ต้นธง,เมืองลำพูน,ลำพูน,Ton Thong,Mueang Lamphun,Lamphun
510108,51000,บ้านแป้น,เมืองลำพูน,ลำพูน,Ban Paen,Mueang Lamphun,Lamphun
510109,51000,เหมืองจี้,เมืองลำพูน,ลำพูน,Mueang Chi,Mueang Lamphun,Lamphun
510110,51000,ป่าสัก,เมืองลำพูน,ลำพูน,Pa Sak,Mueang Lamphun,Lamphun
510111,51000,เวียงยอง,เมืองลำพูน,ลำพูน,Wiang Yong,Mueang Lamphun,Lamphun
510112,51000,บ้านกลาง,เมืองลำพูน,ลำพูน,Ban Klang,Mueang Lamphun,Lamphun
510113,51000,มะเขือแจ้,เมืองลำพูน,ลำพูน,Makhuea Chae,Mueang Lamphun,Lamphun
510116,51000,ศรีบัวบาน,เมืองลำพูน,ลำพูน,Si Bua Ban,Mueang Lamphun,Lamphun
510117,51000,หนองหนาม,เมืองลำพูน,ลำพูน,Nong Nam,Mueang Lamphun,Lamphun
510201,51140,ทาปลาดุก,แม่ทา,ลำพูน,Tha Pla Duk,Mae Tha,Lamphun
510202,51140,ทาสบเส้า,แม่ทา,ลำพูน,Tha Sopsao,Mae Tha,Lamphun
510203,51170,ทากาศ,แม่ทา,ลำพูน,Tha Kat,Mae Tha,Lamphun
510204,51170,ทาขุมเงิน,แม่ทา,ลำพูน,Tha Khum Ngoen,Mae Tha,Lamphun
510205,51170,ทาทุ่งหลวง,แม่ทา,ลำพูน,Tha Thung Luang,Mae Tha,Lamphun
510206,51170,ทาแม่ลอบ,แม่ทา,ลำพูน,Tha Mae Lop,Mae Tha,Lamphun
510301,51130,บ้านโฮ่ง,บ้านโฮ่ง,ลำพูน,Ban Hong,Ban Hong,Lamphun
510302,51130,ป่าพลู,บ้านโฮ่ง,ลำพูน,Pa Phlu,Ban Hong,Lamphun
510303,51130,เหล่ายาว,บ้านโฮ่ง,ลำพูน,Lao Yao,Ban Hong,Lamphun
510304,51130,ศรีเตี้ย,บ้านโฮ่ง,ลำพูน,Si Tia,Ban Hong,Lamphun
510305,51130,หนองปลาสะวาย,บ้านโฮ่ง,ลำพูน,Nong Pla Sawai,Ban Hong,Lamphun
510401,51110,ลี้,ลี้,ลำพูน,Li,Li,Lamphun
510402,51110,แม่ตืน,ลี้,ลำพูน,Mae Tuen,Li,Lamphun
510403,51110,นาทราย,ลี้,ลำพูน,Na Sai,Li,Lamphun
510404,51110,ดงดำ,ลี้,ลำพูน,Dong Dam,Li,Lamphun
510405,51110,ก้อ,ลี้,ลำพูน,Ko,Li,Lamphun
510406,51110,แม่ลาน,ลี้,ลำพูน,Mae Lan,Li,Lamphun
510408,51110,ป่าไผ่,ลี้,ลำพูน,Pa Phai,Li,Lamphun
510409,51110,ศรีวิชัย,ลี้,ลำพูน,Si Wichai,Li,Lamphun
510501,51160,ทุ่งหัวช้าง,ทุ่งหัวช้าง,ลำพูน,Thung Hua Chang,Thung Hua Chang,Lamphun
510502,51160,บ้านปวง,ทุ่งหัวช้าง,ลำพูน,Ban Puang,Thung Hua Chang,Lamphun
510503,51160,ตะเคียนปม,ทุ่งหัวช้าง,ลำพูน,Takhian Pom,Thung Hua Chang,Lamphun
510601,51120,ปากบ่อง,ป่าซาง,ลำพูน,Pak Bong,Pa Sang,Lamphun
510602,51120,ป่าซาง,ป่าซาง,ลำพูน,Pa Sang,Pa Sang,Lamphun
510603,51120,แม่แรง,ป่าซาง,ลำพูน,Mae Raeng,Pa Sang,Lamphun
510604,51120,ม่วงน้อย,ป่าซาง,ลำพูน,Muang Noi,Pa Sang,Lamphun
510605,51120,บ้านเรือน,ป่าซาง,ลำพูน,Ban Ruean,Pa Sang,Lamphun
510606,51120,มะกอก,ป่าซาง,ลำพูน,Makok,Pa Sang,Lamphun
510607,51120,ท่าตุ้ม,ป่าซาง,ลำพูน,Tha Tum,Pa Sang,Lamphun
510608,51120,น้ำดิบ,ป่าซาง,ลำพูน,Nam Dip,Pa Sang,Lamphun
510611,51120,นครเจดีย์,ป่าซาง,ลำพูน,Nakhon Chedi,Pa Sang,Lamphun
510701,51180,บ้านธิ,บ้านธิ,ลำพูน,Ban Thi,Ban Thi,Lamphun
510702,51180,ห้วยยาบ,บ้านธิ,ลำพูน,Huai Yap,Ban Thi,Lamphun
510801,51120,หนองล่อง,เวียงหนองล่อง,ลำพูน,Nong Long,Wiang Nong Long,Lamphun
510802,51120,หนองยวง,เวียงหนองล่อง,ลำพูน,Nong Yuang,Wiang Nong Long,Lamphun
510803,51120,วังผาง,เวียงหนองล่อง,ลำพูน,Wang Phang,Wiang Nong Long,Lamphun
520101,52000,เวียงเหนือ,เมืองลำปาง,ลำปาง,Wiang Nuea,Mueang Lampang,Lampang
520102,52000,หัวเวียง,เมืองลำปาง,ลำปาง,Hua Wiang,Mueang Lampang,Lampang
520103,52100,สวนดอก,เมืองลำปาง,ลำปาง,Suan Dok,Mueang Lampang,Lampang
520104,52100,สบตุ๋ย,เมืองลำปาง,ลำปาง,Sop Tui,Mueang Lampang,Lampang
520105,52000,พระบาท,เมืองลำปาง,ลำปาง,Phrabat,Mueang Lampang,Lampang
520106,52100,ชมพู,เมืองลำปาง,ลำปาง,Chomphu,Mueang Lampang,Lampang
520107,52000,กล้วยแพะ,เมืองลำปาง,ลำปาง,Kluai Phae,Mueang Lampang,Lampang
520108,52100,ปงแสนทอง,เมืองลำปาง,ลำปาง,Pong Saen Thong,Mueang Lampang,Lampang
520109,52000,บ้านแลง,เมืองลำปาง,ลำปาง,Ban Laeng,Mueang Lampang,Lampang
520110,52000,บ้านเสด็จ,เมืองลำปาง,ลำปาง,Ban Sadet,Mueang Lampang,Lampang
520111,52000,พิชัย,เมืองลำปาง,ลำปาง,Phichai,Mueang Lampang,Lampang
520112,52000,ทุ่งฝาย,เมืองลำปาง,ลำปาง,Thung Fai,Mueang Lampang,Lampang
520113,52100,บ้านเอื้อม,เมืองลำปาง,ลำปาง,Ban Ueam,Mueang Lampang,Lampang
520114,52100,บ้านเป้า,เมืองลำปาง,ลำปาง,Ban Pao,Mueang Lampang,Lampang
520115,52100,บ้านค่า,เมืองลำปาง,ลำปาง,Ban Kha,Mueang Lampang,Lampang
520116,52100,บ่อแฮ้ว,เมืองลำปาง,ลำปาง,Bo Haeo,Mueang Lampang,Lampang
520117,52000,ต้นธงชัย,เมืองลำปาง,ลำปาง,Ton Thong Chai,Mueang Lampang,Lampang
520118,52000,นิคมพัฒนา,เมืองลำปาง,ลำปาง,Nikhom Phatthana,Mueang Lampang,Lampang
520119,52000,บุญนาคพัฒนา,เมืองลำปาง,ลำปาง,Bunnak Phatthana,Mueang Lampang,Lampang
520201,52220,บ้านดง,แม่เมาะ,ลำปาง,Ban Dong,Mae Mo,Lampang
520202,52220,นาสัก,แม่เมาะ,ลำปาง,Na Sak,Mae Mo,Lampang
520203,52220,จางเหนือ,แม่เมาะ,ลำปาง,Chang Nuea,Mae Mo,Lampang
520204,52220,แม่เมาะ,แม่เมาะ,ลำปาง,Mae Mo,Mae Mo,Lampang
520205,52220,สบป้าด,แม่เมาะ,ลำปาง,Sop Pat,Mae Mo,Lampang
520301,52130,ลำปางหลวง,เกาะคา,ลำปาง,Lampang Luang,Ko Kha,Lampang
520302,52130,นาแก้ว,เกาะคา,ลำปาง,Na Kaeo,Ko Kha,Lampang
520303,52130,ไหล่หิน,เกาะคา,ลำปาง,Lai Hin,Ko Kha,Lampang
520304,52130,วังพร้าว,เกาะคา,ลำปาง,Wang Phrao,Ko Kha,Lampang
520305,52130,ศาลา,เกาะคา,ลำปาง,Sala,Ko Kha,Lampang
520306,52130,เกาะคา,เกาะคา,ลำปาง,Ko Kha,Ko Kha,Lampang
520307,52130,นาแส่ง,เกาะคา,ลำปาง,Na Saeng,Ko Kha,Lampang
520308,52130,ท่าผา,เกาะคา,ลำปาง,Tha Pha,Ko Kha,Lampang
520309,52130,ใหม่พัฒนา,เกาะคา,ลำปาง,Mai Phatthana,Ko Kha,Lampang
520401,52210,ทุ่งงาม,เสริมงาม,ลำปาง,Thung Ngam,Soem Ngam,Lampang
520402,52210,เสริมขวา,เสริมงาม,ลำปาง,Soem Khwa,Soem Ngam,Lampang
520403,52210,เสริมซ้าย,เสริมงาม,ลำปาง,Soem Sai,Soem Ngam,Lampang
520404,52210,เสริมกลาง,เสริมงาม,ลำปาง,Soem Klang,Soem Ngam,Lampang
520501,52110,หลวงเหนือ,งาว,ลำปาง,Luang Nuea,Ngao,Lampang
520502,52110,หลวงใต้,งาว,ลำปาง,Luang Tai,Ngao,Lampang
520503,52110,บ้านโป่ง,งาว,ลำปาง,Ban Pong,Ngao,Lampang
520504,52110,บ้านร้อง,งาว,ลำปาง,Ban Rong,Ngao,Lampang
520505,52110,ปงเตา,งาว,ลำปาง,Pong Tao,Ngao,Lampang
520506,52110,นาแก,งาว,ลำปาง,Na Kae,Ngao,Lampang
520507,52110,บ้านอ้อน,งาว,ลำปาง,Ban On,Ngao,Lampang
520508,52110,บ้านแหง,งาว,ลำปาง,Ban Haeng,Ngao,Lampang
520509,52110,บ้านหวด,งาว,ลำปาง,Ban Huat,Ngao,Lampang
520510,52110,แม่ตีบ,งาว,ลำปาง,Mae Tip,Ngao,Lampang
520601,52120,แจ้ห่ม,แจ้ห่ม,ลำปาง,Chae Hom,Chae Hom,Lampang
520602,52120,บ้านสา,แจ้ห่ม,ลำปาง,Ban Sa,Chae Hom,Lampang
520603,52120,ปงดอน,แจ้ห่ม,ลำปาง,Pong Don,Chae Hom,Lampang
520604,52120,แม่สุก,แจ้ห่ม,ลำปาง,Mae Suk,Chae Hom,Lampang
520605,52120,เมืองมาย,แจ้ห่ม,ลำปาง,Mueang Mai,Chae Hom,Lampang
520606,52120,ทุ่งผึ้ง,แจ้ห่ม,ลำปาง,Thung Phueng,Chae Hom,Lampang
520607,52120,วิเชตนคร,แจ้ห่ม,ลำปาง,Wichet Nakhon,Chae Hom,Lampang
520701,52140,ทุ่งฮั้ว,วังเหนือ,ลำปาง,Thung Hua,Wang Nuea,Lampang
520702,52140,วังเหนือ,วังเหนือ,ลำปาง,Wang Nuea,Wang Nuea,Lampang
520703,52140,วังใต้,วังเหนือ,ลำปาง,Wang Tai,Wang Nuea,Lampang
520704,52140,ร่องเคาะ,วังเหนือ,ลำปาง,Rong Kho,Wang Nuea,Lampang
520705,52140,วังทอง,วังเหนือ,ลำปาง,Wang Thong,Wang Nuea,Lampang
520706,52140,วังซ้าย,วังเหนือ,ลำปาง,Wang Sai,Wang Nuea,Lampang
520707,52140,วังแก้ว,วังเหนือ,ลำปาง,Wang Kaeo,Wang Nuea,Lampang
520708,52140,วังทรายคำ,วังเหนือ,ลำปาง,Wang Sai Thong,Wang Nuea,Lampang
520801,52160,ล้อมแรด,เถิน,ลำปาง,Lom Raet,Thoen,Lampang
520802,52230,แม่วะ,เถิน,ลำปาง,Mae Wa,Thoen,Lampang
520803,52160,แม่ปะ,เถิน,ลำปาง,Mae Pa,Thoen,Lampang
520804,52160,แม่มอก,เถิน,ลำปาง,Mae Mok,Thoen,Lampang
520805,52160,เวียงมอก,เถิน,ลำปาง,Wiang Mok,Thoen,Lampang
520806,52160,นาโป่ง,เถิน,ลำปาง,Na Pong,Thoen,Lampang
520807,52160,แม่ถอด,เถิน,ลำปาง,Mae Thot,Thoen,Lampang
520808,52160,เถินบุรี,เถิน,ลำปาง,Thoen Buri,Thoen,Lampang
520901,52180,แม่พริก,แม่พริก,ลำปาง,Mae Phrik,Mae Phrik,Lampang
520902,52180,ผาปัง,แม่พริก,ลำปาง,Pha Pang,Mae Phrik,Lampang
520903,52180,แม่ปุ,แม่พริก,ลำปาง,Mae Pu,Mae Phrik,Lampang
520904,52180,พระบาทวังตวง,แม่พริก,ลำปาง,Phrabat Wang Tuang,Mae Phrik,Lampang
521001,52150,แม่ทะ,แม่ทะ,ลำปาง,Mae Tha,Mae Tha,Lampang
521002,52150,นาครัว,แม่ทะ,ลำปาง,Na Khrua,Mae Tha,Lampang
521003,52150,ป่าตัน,แม่ทะ,ลำปาง,Pa Tan,Mae Tha,Lampang
521004,52150,บ้านกิ่ว,แม่ทะ,ลำปาง,Ban Kio,Mae Tha,Lampang
521005,52150,บ้านบอม,แม่ทะ,ลำปาง,Ban Bom,Mae Tha,Lampang
521006,52150,น้ำโจ้,แม่ทะ,ลำปาง,Nam Cho,Mae Tha,Lampang
521007,52150,ดอนไฟ,แม่ทะ,ลำปาง,Don Fai,Mae Tha,Lampang
521008,52150,หัวเสือ,แม่ทะ,ลำปาง,Hua Suea,Mae Tha,Lampang
521010,52150,วังเงิน,แม่ทะ,ลำปาง,Wang Ngoen,Mae Tha,Lampang
521011,52150,สันดอนแก้ว,แม่ทะ,ลำปาง,San Don Kaeo,Mae Tha,Lampang
521101,52170,สบปราบ,สบปราบ,ลำปาง,Sop Prap,Sop Prap,Lampang
521102,52170,สมัย,สบปราบ,ลำปาง,Samai,Sop Prap,Lampang
521103,52170,แม่กัวะ,สบปราบ,ลำปาง,Mae Kua,Sop Prap,Lampang
521104,52170,นายาง,สบปราบ,ลำปาง,Na Yang,Sop Prap,Lampang
521201,52190,ห้างฉัตร,ห้างฉัตร,ลำปาง,Hang Chat,Hang Chat,Lampang
521202,52190,หนองหล่ม,ห้างฉัตร,ลำปาง,Nong Lom,Hang Chat,Lampang
521203,52190,เมืองยาว,ห้างฉัตร,ลำปาง,Mueang Yao,Hang Chat,Lampang
521204,52190,ปงยางคก,ห้างฉัตร,ลำปาง,Pong Yang Khok,Hang Chat,Lampang
521205,52190,เวียงตาล,ห้างฉัตร,ลำปาง,Wiang Tan,Hang Chat,Lampang
521206,52190,แม่สัน,ห้างฉัตร,ลำปาง,Mae San,Hang Chat,Lampang
521207,52190,วอแก้ว,ห้างฉัตร,ลำปาง,Wo Kaeo,Hang Chat,Lampang
521301,52240,เมืองปาน,เมืองปาน,ลำปาง,Mueang Pan,Mueang Pan,Lampang
521302,52240,บ้านขอ,เมืองปาน,ลำปาง,Ban Kho,Mueang Pan,Lampang
521303,52240,ทุ่งกว๋าว,เมืองปาน,ลำปาง,Thung Khwao,Mueang Pan,Lampang
521304,52240,แจ้ซ้อน,เมืองปาน,ลำปาง,Chae Son,Mueang Pan,Lampang
521305,52240,หัวเมือง,เมืองปาน,ลำปาง,Hua Mueang,Mueang Pan,Lampang
530101,53000,ท่าอิฐ,เมืองอุตรดิตถ์,อุตรดิตถ์,Tha It,Mueang Uttaradit,Uttaradit
530102,53000,ท่าเสา,เมืองอุตรดิตถ์,อุตรดิตถ์,Tha Sao,Mueang Uttaradit,Uttaradit
530103,53000,บ้านเกาะ,เมืองอุตรดิตถ์,อุตรดิตถ์,Ban Ko,Mueang Uttaradit,Uttaradit
530104,53000,ป่าเซ่า,เมืองอุตรดิตถ์,อุตรดิตถ์,Pa Sao,Mueang Uttaradit,Uttaradit
530105,53000,คุ้งตะเภา,เมืองอุตรดิตถ์,อุตรดิตถ์,Khung Taphao,Mueang Uttaradit,Uttaradit
530106,53170,วังกะพี้,เมืองอุตรดิตถ์,อุตรดิตถ์,Wang Kaphi,Mueang Uttaradit,Uttaradit
530107,53000,หาดกรวด,เมืองอุตรดิตถ์,อุตรดิตถ์,Hat Kruat,Mueang Uttaradit,Uttaradit
530108,53000,น้ำริด,เมืองอุตรดิตถ์,อุตรดิตถ์,Nam Rit,Mueang Uttaradit,Uttaradit
530109,53000,งิ้วงาม,เมืองอุตรดิตถ์,อุตรดิตถ์,Ngio Ngam,Mueang Uttaradit,Uttaradit
530110,53000,บ้านด่านนาขาม,เมืองอุตรดิตถ์,อุตรดิตถ์,Ban Dan Na Kham,Mueang Uttaradit,Uttaradit
530111,53000,บ้านด่าน,เมืองอุตรดิตถ์,อุตรดิตถ์,Ban Dan,Mueang Uttaradit,Uttaradit
530112,53000,ผาจุก,เมืองอุตรดิตถ์,อุตรดิตถ์,Pha Chuk,Mueang Uttaradit,Uttaradit
530113,53000,วังดิน,เมืองอุตรดิตถ์,อุตรดิตถ์,Wang Din,Mueang Uttaradit,Uttaradit
530114,53000,แสนตอ,เมืองอุตรดิตถ์,อุตรดิตถ์,Saen To,Mueang Uttaradit,Uttaradit
530115,53000,หาดงิ้ว,เมืองอุตรดิตถ์,อุตรดิตถ์,Hat Ngio,Mueang Uttaradit,Uttaradit
530116,53000,ขุนฝาง,เมืองอุตรดิตถ์,อุตรดิตถ์,Khun Fang,Mueang Uttaradit,Uttaradit
530117,53000,ถ้ำฉลอง,เมืองอุตรดิตถ์,อุตรดิตถ์,Tham Chalong,Mueang Uttaradit,Uttaradit
530201,53140,วังแดง,ตรอน,อุตรดิตถ์,Wang Daeng,Tron,Uttaradit
530202,53140,บ้านแก่ง,ตรอน,อุตรดิตถ์,Ban Kaeng,Tron,Uttaradit
530203,53140,หาดสองแคว,ตรอน,อุตรดิตถ์,Hat Song Khwae,Tron,Uttaradit
530204,53140,น้ำอ่าง,ตรอน,อุตรดิตถ์,Nam Ang,Tron,Uttaradit
530205,53140,ข่อยสูง,ตรอน,อุตรดิตถ์,Khoi Sung,Tron,Uttaradit
530301,53150,ท่าปลา,ท่าปลา,อุตรดิตถ์,Tha Pla,Tha Pla,Uttaradit
530302,53150,หาดล้า,ท่าปลา,อุตรดิตถ์,Hat La,Tha Pla,Uttaradit
530303,53190,ผาเลือด,ท่าปลา,อุตรดิตถ์,Pha Lueat,Tha Pla,Uttaradit
530304,53150,จริม,ท่าปลา,อุตรดิตถ์,Charim,Tha Pla,Uttaradit
530305,53150,น้ำหมัน,ท่าปลา,อุตรดิตถ์,Nam Man,Tha Pla,Uttaradit
530307,53150,นางพญา,ท่าปลา,อุตรดิตถ์,Nang Phaya,Tha Pla,Uttaradit
530308,53190,ร่วมจิต,ท่าปลา,อุตรดิตถ์,Ruam Chit,Tha Pla,Uttaradit
530401,53110,แสนตอ,น้ำปาด,อุตรดิตถ์,Saen To,Nam Pat,Uttaradit
530402,53110,บ้านฝาย,น้ำปาด,อุตรดิตถ์,Ban Fai,Nam Pat,Uttaradit
530403,53110,เด่นเหล็ก,น้ำปาด,อุตรดิตถ์,Den Lek,Nam Pat,Uttaradit
530404,53110,น้ำไคร้,น้ำปาด,อุตรดิตถ์,Nam Khrai,Nam Pat,Uttaradit
530405,53110,น้ำไผ่,น้ำปาด,อุตรดิตถ์,Nam Phai,Nam Pat,Uttaradit
530406,53110,ห้วยมุ่น,น้ำปาด,อุตรดิตถ์,Huai Mun,Nam Pat,Uttaradit
530407,53110,ท่าแฝก,น้ำปาด,อุตรดิตถ์,Tha Faek,Nam Pat,Uttaradit
530501,53160,ฟากท่า,ฟากท่า,อุตรดิตถ์,Fak Tha,Fak Tha,Uttaradit
530502,53160,สองคอน,ฟากท่า,อุตรดิตถ์,Song Khon,Fak Tha,Uttaradit
530503,53160,บ้านเสี้ยว,ฟากท่า,อุตรดิตถ์,Ban Siao,Fak Tha,Uttaradit
530504,53160,สองห้อง,ฟากท่า,อุตรดิตถ์,Song Hong,Fak Tha,Uttaradit
530601,53180,ม่วงเจ็ดต้น,บ้านโคก,อุตรดิตถ์,Muang Chet Ton,Ban Khok,Uttaradit
530602,53180,บ้านโคก,บ้านโคก,อุตรดิตถ์,Ban Khok,Ban Khok,Uttaradit
530603,53180,นาขุม,บ้านโคก,อุตรดิตถ์,Na Khum,Ban Khok,Uttaradit
530604,53180,บ่อเบี้ย,บ้านโคก,อุตรดิตถ์,Bo Bia,Ban Khok,Uttaradit
530701,53120,ในเมือง,พิชัย,อุตรดิตถ์,Nai Mueang,Phichai,Uttaradit
530702,53220,บ้านดารา,พิชัย,อุตรดิตถ์,Ban Dara,Phichai,Uttaradit
530703,53120,ไร่อ้อย,พิชัย,อุตรดิตถ์,Rai Oi,Phichai,Uttaradit
530704,53220,ท่าสัก,พิชัย,อุตรดิตถ์,Tha Sak,Phichai,Uttaradit
530705,53120,คอรุม,พิชัย,อุตรดิตถ์,Kho Rum,Phichai,Uttaradit
530706,53120,บ้านหม้อ,พิชัย,อุตรดิตถ์,Ban Mo,Phichai,Uttaradit
530707,53120,ท่ามะเฟือง,พิชัย,อุตรดิตถ์,Tha Mafueang,Phichai,Uttaradit
530708,53120,บ้านโคน,พิชัย,อุตรดิตถ์,Ban Khon,Phichai,Uttaradit
530709,53120,พญาแมน,พิชัย,อุตรดิตถ์,Phaya Maen,Phichai,Uttaradit
530710,53120,นาอิน,พิชัย,อุตรดิตถ์,Na In,Phichai,Uttaradit
530711,53120,นายาง,พิชัย,อุตรดิตถ์,Na Yang,Phichai,Uttaradit
530801,53130,ศรีพนมมาศ,ลับแล,อุตรดิตถ์,Si Phanom Mat,Laplae,Uttaradit
530802,53130,แม่พูล,ลับแล,อุตรดิตถ์,Mae Phun,Laplae,Uttaradit
530803,53130,นานกกก,ลับแล,อุตรดิตถ์,Na Nok Kok,Laplae,Uttaradit
530804,53130,ฝายหลวง,ลับแล,อุตรดิตถ์,Fai Luang,Laplae,Uttaradit
530805,53130,ชัยจุมพล,ลับแล,อุตรดิตถ์,Chai Chumphon,Laplae,Uttaradit
530806,53210,ไผ่ล้อม,ลับแล,อุตรดิตถ์,Phai Lom,Laplae,Uttaradit
530807,53210,ทุ่งยั้ง,ลับแล,อุตรดิตถ์,Thung Yang,Laplae,Uttaradit
530808,53210,ด่านแม่คำมัน,ลับแล,อุตรดิตถ์,Dan Mae Kham Man,Laplae,Uttaradit
530901,53230,ผักขวง,ทองแสนขัน,อุตรดิตถ์,Phak Khuang,Thong Saen Khan,Uttaradit
530902,53230,บ่อทอง,ทองแสนขัน,อุตรดิตถ์,Bo Thong,Thong Saen Khan,Uttaradit
530903,53230,ป่าคาย,ทองแสนขัน,อุตรดิตถ์,Pa Khai,Thong Saen Khan,Uttaradit
530904,53230,น้ำพี้,ทองแสนขัน,อุตรดิตถ์,Namphi,Thong Saen Khan,Uttaradit
540101,54000,ในเวียง,เมืองแพร่,แพร่,Nai Wiang,Mueang Phrae,Phrae
540102,54000,นาจักร,เมืองแพร่,แพร่,Na Chak,Mueang Phrae,Phrae
540103,54000,น้ำชำ,เมืองแพร่,แพร่,Nam Cham,Mueang Phrae,Phrae
540104,54000,ป่าแดง,เมืองแพร่,แพร่,Pa Daeng,Mueang Phrae,Phrae
540105,54000,ทุ่งโฮ้ง,เมืองแพร่,แพร่,Thung Hong,Mueang Phrae,Phrae
540106,54000,เหมืองหม้อ,เมืองแพร่,แพร่,Mueang Mo,Mueang Phrae,Phrae
540107,54000,วังธง,เมืองแพร่,แพร่,Wang Thong,Mueang Phrae,Phrae
540108,54000,แม่หล่าย,เมืองแพร่,แพร่,Mae Lai,Mueang Phrae,Phrae
540109,54000,ห้วยม้า,เมืองแพร่,แพร่,Huai Ma,Mueang Phrae,Phrae
540110,54000,ป่าแมต,เมืองแพร่,แพร่,Pa Maet,Mueang Phrae,Phrae
540111,54000,บ้านถิ่น,เมืองแพร่,แพร่,Ban Thin,Mueang Phrae,Phrae
540112,54000,สวนเขื่อน,เมืองแพร่,แพร่,Suan Khuean,Mueang Phrae,Phrae
540113,54000,วังหงส์,เมืองแพร่,แพร่,Wang Hong,Mueang Phrae,Phrae
540114,54000,แม่คำมี,เมืองแพร่,แพร่,Mae Kham Mi,Mueang Phrae,Phrae
540115,54000,ทุ่งกวาว,เมืองแพร่,แพร่,Thung Kwao,Mueang Phrae,Phrae
540116,54000,ท่าข้าม,เมืองแพร่,แพร่,Tha Kham,Mueang Phrae,Phrae
540117,54000,แม่ยม,เมืองแพร่,แพร่,Mae Yom,Mueang Phrae,Phrae
540118,54000,ช่อแฮ,เมืองแพร่,แพร่,Cho Hae,Mueang Phrae,Phrae
540119,54000,ร่องฟอง,เมืองแพร่,แพร่,Rong Fong,Mueang Phrae,Phrae
540120,54000,กาญจนา,เมืองแพร่,แพร่,Kanchana,Mueang Phrae,Phrae
540201,54140,ร้องกวาง,ร้องกวาง,แพร่,Rong Kwang,Mueang Phrae,Phrae
540204,54140,ร้องเข็ม,ร้องกวาง,แพร่,Si Narong,Mueang Phrae,Phrae
540205,54140,น้ำเลา,ร้องกวาง,แพร่,Nam Lao,Mueang Phrae,Phrae
540206,54140,บ้านเวียง,ร้องกวาง,แพร่,Ban Wiang,Mueang Phrae,Phrae
540207,54140,ทุ่งศรี,ร้องกวาง,แพร่,Rong Khem,Mueang Phrae,Phrae
540208,54140,แม่ยางตาล,ร้องกวาง,แพร่,Mae Yang Tan,Mueang Phrae,Phrae
540209,54140,แม่ยางฮ่อ,ร้องกวาง,แพร่,Mae Yang Ho,Mueang Phrae,Phrae
540210,54140,ไผ่โทน,ร้องกวาง,แพร่,Phai Thon,Mueang Phrae,Phrae
540213,54140,ห้วยโรง,ร้องกวาง,แพร่,Huai Rong,Mueang Phrae,Phrae
540214,54140,แม่ทราย,ร้องกวาง,แพร่,Mae Sai,Mueang Phrae,Phrae
540215,54140,แม่ยางร้อง,ร้องกวาง,แพร่,Mae Yang Rong,Mueang Phrae,Phrae
540301,54150,ห้วยอ้อ,ลอง,แพร่,Huai O,Long,Phrae
540302,54150,บ้านปิน,ลอง,แพร่,Ban Pin,Long,Phrae
540303,54150,ต้าผามอก,ลอง,แพร่,Ta Pha Mok,Long,Phrae
540304,54150,เวียงต้า,ลอง,แพร่,Wiang Ta,Long,Phrae
540305,54150,ปากกาง,ลอง,แพร่,Pak Kang,Long,Phrae
540306,54150,หัวทุ่ง,ลอง,แพร่,Hua Thung,Long,Phrae
540307,54150,ทุ่งแล้ง,ลอง,แพร่,Thung Laeng,Long,Phrae
540308,54150,บ่อเหล็กลอง,ลอง,แพร่,Bo Lek Long,Long,Phrae
540309,54150,แม่ปาน,ลอง,แพร่,Mae Pan,Long,Phrae
540401,54130,สูงเม่น,สูงเม่น,แพร่,Sung Men,Sung Men,Phrae
540402,54130,น้ำชำ,สูงเม่น,แพร่,Nam Cham,Sung Men,Phrae
540403,54130,หัวฝาย,สูงเม่น,แพร่,Hua Fai,Sung Men,Phrae
540404,54130,ดอนมูล,สูงเม่น,แพร่,Don Mun,Sung Men,Phrae
540405,54130,บ้านเหล่า,สูงเม่น,แพร่,Ban Lao,Sung Men,Phrae
540406,54130,บ้านกวาง,สูงเม่น,แพร่,Ban Kwang,Sung Men,Phrae
540407,54130,บ้านปง,สูงเม่น,แพร่,Ban Pong,Sung Men,Phrae
540408,54130,บ้านกาศ,สูงเม่น,แพร่,Ban Kat,Sung Men,Phrae
540409,54130,ร่องกาศ,สูงเม่น,แพร่,Rong Kat,Sung Men,Phrae
540410,54130,สบสาย,สูงเม่น,แพร่,Sop Sai,Sung Men,Phrae
540411,54000,เวียงทอง,สูงเม่น,แพร่,Wiang Thong,Sung Men,Phrae
540412,54130,พระหลวง,สูงเม่น,แพร่,Phra Luang,Sung Men,Phrae
540501,54110,เด่นชัย,เด่นชัย,แพร่,Den Chai,Den Chai,Phrae
540502,54110,แม่จั๊วะ,เด่นชัย,แพร่,Mae Chua,Den Chai,Phrae
540503,54110,ไทรย้อย,เด่นชัย,แพร่,Sai Yoi,Den Chai,Phrae
540504,54110,ห้วยไร่,เด่นชัย,แพร่,Huai Rai,Den Chai,Phrae
540505,54110,ปงป่าหวาย,เด่นชัย,แพร่,Pong Pa Wai,Den Chai,Phrae
540601,54120,บ้านหนุน,สอง,แพร่,Ban Nun,Song,Phrae
540602,54120,บ้านกลาง,สอง,แพร่,Ban Klang,Song,Phrae
540603,54120,ห้วยหม้าย,สอง,แพร่,Huai Mai,Song,Phrae
540604,54120,เตาปูน,สอง,แพร่,Tao Pun,Song,Phrae
540605,54120,หัวเมือง,สอง,แพร่,Hua Mueang,Song,Phrae
540606,54120,สะเอียบ,สอง,แพร่,Sa-Iap,Song,Phrae
540607,54120,แดนชุมพล,สอง,แพร่,Daen Chumphon,Song,Phrae
540608,54120,ทุ่งน้าว,สอง,แพร่,Thung Nao,Song,Phrae
540701,54160,วังชิ้น,วังชิ้น,แพร่,Wang Chin,Wang Chin,Phrae
540702,54160,สรอย,วังชิ้น,แพร่,Soi,Wang Chin,Phrae
540703,54160,แม่ป้าก,วังชิ้น,แพร่,Mae Pak,Wang Chin,Phrae
540704,54160,นาพูน,วังชิ้น,แพร่,Na Phun,Wang Chin,Phrae
540705,54160,แม่พุง,วังชิ้น,แพร่,Mae Phung,Wang Chin,Phrae
540706,54160,ป่าสัก,วังชิ้น,แพร่,Pa Sak,Wang Chin,Phrae
540707,54160,แม่เกิ๋ง,วังชิ้น,แพร่,Mae Koeng,Wang Chin,Phrae
540801,54170,แม่คำมี,หนองม่วงไข่,แพร่,Mae Kham Mi,Nong Muang Khai,Phrae
540802,54170,หนองม่วงไข่,หนองม่วงไข่,แพร่,Nong Muang Khai,Nong Muang Khai,Phrae
540803,54170,น้ำรัด,หนองม่วงไข่,แพร่,Nam Rat,Nong Muang Khai,Phrae
540804,54170,วังหลวง,หนองม่วงไข่,แพร่,Wang Luang,Nong Muang Khai,Phrae
540805,54170,ตำหนักธรรม,หนองม่วงไข่,แพร่,Tamnak Tham,Nong Muang Khai,Phrae
540806,54170,ทุ่งแค้ว,หนองม่วงไข่,แพร่,Thung Khaeo,Nong Muang Khai,Phrae
550101,55000,ในเวียง,เมืองน่าน,น่าน,Nai Wiang,Mueang Nan,Nan
550102,55000,บ่อ,เมืองน่าน,น่าน,Bo,Mueang Nan,Nan
550103,55000,ผาสิงห์,เมืองน่าน,น่าน,Pha Sing,Mueang Nan,Nan
550104,55000,ไชยสถาน,เมืองน่าน,น่าน,Chaiya Sathan,Mueang Nan,Nan
550105,55000,ถืมตอง,เมืองน่าน,น่าน,Thuem Thong,Mueang Nan,Nan
550106,55000,เรือง,เมืองน่าน,น่าน,Rueang,Mueang Nan,Nan
550107,55000,นาซาว,เมืองน่าน,น่าน,Na Sao,Mueang Nan,Nan
550108,55000,ดู่ใต้,เมืองน่าน,น่าน,Du Tai,Mueang Nan,Nan
550109,55000,กองควาย,เมืองน่าน,น่าน,Kong Khwai,Mueang Nan,Nan
550116,55000,บ่อสวก,เมืองน่าน,น่าน,Suak,Mueang Nan,Nan
550117,55000,สะเนียน,เมืองน่าน,น่าน,Sanian,Mueang Nan,Nan
550202,55170,หนองแดง,แม่จริม,น่าน,Nong Daeng,Mae Charim,Nan
550203,55170,หมอเมือง,แม่จริม,น่าน,Mo Mueang,Mae Charim,Nan
550204,55170,น้ำพาง,แม่จริม,น่าน,Nam Phang,Mae Charim,Nan
550205,55170,น้ำปาย,แม่จริม,น่าน,Nam Pai,Mae Charim,Nan
550206,55170,แม่จริม,แม่จริม,น่าน,Mae Charim,Mae Charim,Nan
550301,55190,บ้านฟ้า,บ้านหลวง,น่าน,Ban Fa,Ban Luang,Nan
550302,55190,ป่าคาหลวง,บ้านหลวง,น่าน,Pa Kha Luang,Ban Luang,Nan
550303,55190,สวด,บ้านหลวง,น่าน,Suat,Ban Luang,Nan
550304,55190,บ้านพี้,บ้านหลวง,น่าน,Ban Phi,Ban Luang,Nan
550401,55150,นาน้อย,นาน้อย,น่าน,Na Noi,Na Noi,Nan
550402,55150,เชียงของ,นาน้อย,น่าน,Chiang Khong,Na Noi,Nan
550403,55150,ศรีษะเกษ,นาน้อย,น่าน,Sisa Ket,Na Noi,Nan
550404,55150,สถาน,นาน้อย,น่าน,Sathan,Na Noi,Nan
550405,55150,สันทะ,นาน้อย,น่าน,Santha,Na Noi,Nan
550406,55150,บัวใหญ่,นาน้อย,น่าน,Bua Yai,Na Noi,Nan
550407,55150,น้ำตก,นาน้อย,น่าน,Namtok,Na Noi,Nan
550501,55120,ปัว,ปัว,น่าน,Pua,Pua,Nan
550502,55120,แงง,ปัว,น่าน,Ngaeng,Pua,Nan
550503,55120,สถาน,ปัว,น่าน,Sathan,Pua,Nan
550504,55120,ศิลาแลง,ปัว,น่าน,Sila Laeng,Pua,Nan
550505,55120,ศิลาเพชร,ปัว,น่าน,Sila Phet,Pua,Nan
550506,55120,อวน,ปัว,น่าน,Ouan,Pua,Nan
550509,55120,ไชยวัฒนา,ปัว,น่าน,Chai Watthana,Pua,Nan
550510,55120,เจดีย์ชัย,ปัว,น่าน,Chedi Chai,Pua,Nan
550511,55120,ภูคา,ปัว,น่าน,Phu Kha,Pua,Nan
550512,55120,สกาด,ปัว,น่าน,Sakat,Pua,Nan
550513,55120,ป่ากลาง,ปัว,น่าน,Pa Klang,Pua,Nan
550514,55120,วรนคร,ปัว,น่าน,Wara Nakhon,Pua,Nan
550601,55140,ริม,ท่าวังผา,น่าน,Rim,Tha Wang Pha,Nan
550602,55140,ป่าคา,ท่าวังผา,น่าน,Pa Kha,Tha Wang Pha,Nan
550603,55140,ผาตอ,ท่าวังผา,น่าน,Pha To,Tha Wang Pha,Nan
550604,55140,ยม,ท่าวังผา,น่าน,Yom,Tha Wang Pha,Nan
550605,55140,ตาลชุม,ท่าวังผา,น่าน,Tan Chum,Tha Wang Pha,Nan
550606,55140,ศรีภูมิ,ท่าวังผา,น่าน,Si Phum,Tha Wang Pha,Nan
550607,55140,จอมพระ,ท่าวังผา,น่าน,Chom Phra,Tha Wang Pha,Nan
550608,55140,แสนทอง,ท่าวังผา,น่าน,Saen Thong,Tha Wang Pha,Nan
550609,55140,ท่าวังผา,ท่าวังผา,น่าน,Tha Wang Pha,Tha Wang Pha,Nan
550610,55140,ผาทอง,ท่าวังผา,น่าน,Pha Thong,Tha Wang Pha,Nan
550701,55110,กลางเวียง,เวียงสา,น่าน,Klang Wiang,Wiang Sa,Nan
550702,55110,ขึ่ง,เวียงสา,น่าน,Khueng,Wiang Sa,Nan
550703,55110,ไหล่น่าน,เวียงสา,น่าน,Lai Nan,Wiang Sa,Nan
550704,55110,ตาลชุม,เวียงสา,น่าน,Tan Chum,Wiang Sa,Nan
550705,55110,นาเหลือง,เวียงสา,น่าน,Na Lueang,Wiang Sa,Nan
550706,55110,ส้าน,เวียงสา,น่าน,San,Wiang Sa,Nan
550707,55110,น้ำมวบ,เวียงสา,น่าน,Nam Muap,Wiang Sa,Nan
550708,55110,น้ำปั้ว,เวียงสา,น่าน,Nam Pua,Wiang Sa,Nan
550709,55110,ยาบหัวนา,เวียงสา,น่าน,Yap Hua Na,Wiang Sa,Nan
550710,55110,ปงสนุก,เวียงสา,น่าน,Pong Sanuk,Wiang Sa,Nan
550711,55110,อ่ายนาไลย,เวียงสา,น่าน,I Na Lai,Wiang Sa,Nan
550712,55110,ส้านนาหนองใหม่,เวียงสา,น่าน,Sanna Nong Mai,Wiang Sa,Nan
550713,55110,แม่ขะนิง,เวียงสา,น่าน,Mae Khaning,Wiang Sa,Nan
550714,55110,แม่สาคร,เวียงสา,น่าน,Mae Sakhon,Wiang Sa,Nan
550715,55110,จอมจันทร์,เวียงสา,น่าน,Chom Chan,Wiang Sa,Nan
550716,55110,แม่สา,เวียงสา,น่าน,Mae Sa,Wiang Sa,Nan
550717,55110,ทุ่งศรีทอง,เวียงสา,น่าน,Thung Si Thong,Wiang Sa,Nan
550801,55130,ปอน,ทุ่งช้าง,น่าน,Pon,Thung Chang,Nan
550802,55130,งอบ,ทุ่งช้าง,น่าน,Ngop,Thung Chang,Nan
550803,55130,และ,ทุ่งช้าง,น่าน,Lae,Thung Chang,Nan
550804,55130,ทุ่งช้าง,ทุ่งช้าง,น่าน,Thung Chang,Thung Chang,Nan
550901,55160,เชียงกลาง,เชียงกลาง,น่าน,Chiang Klang,Chiang Klang,Nan
550902,55160,เปือ,เชียงกลาง,น่าน,Puea,Chiang Klang,Nan
550903,55160,เชียงคาน,เชียงกลาง,น่าน,Chiang Khan,Chiang Klang,Nan
550904,55160,พระธาตุ,เชียงกลาง,น่าน,Phrathat,Chiang Klang,Nan
550908,55160,พญาแก้ว,เชียงกลาง,น่าน,Phaya Kaeo,Chiang Klang,Nan
550909,55160,พระพุทธบาท,เชียงกลาง,น่าน,Phraphutthabat,Chiang Klang,Nan
551001,55180,นาทะนุง,นาหมื่น,น่าน,Na Thanung,Na Muen,Nan
551002,55180,บ่อแก้ว,นาหมื่น,น่าน,Bo Kaeo,Na Muen,Nan
551003,55180,เมืองลี,นาหมื่น,น่าน,Mueang Li,Na Muen,Nan
551004,55180,ปิงหลวง,นาหมื่น,น่าน,Ping Luang,Na Muen,Nan
551101,55210,ดู่พงษ์,สันติสุข,น่าน,Du Phong,Santi Suk,Nan
551102,55210,ป่าแลวหลวง,สันติสุข,น่าน,Pa Laeo Luang,Santi Suk,Nan
551103,55210,พงษ์,สันติสุข,น่าน,Phong,Santi Suk,Nan
551201,55220,บ่อเกลือเหนือ,บ่อเกลือ,น่าน,Bo Kluea Nuea,Bo Kluea,Nan
551202,55220,บ่อเกลือใต้,บ่อเกลือ,น่าน,Bo Kluea Tai,Bo Kluea,Nan
551204,55220,ภูฟ้า,บ่อเกลือ,น่าน,Phu Fa,Bo Kluea,Nan
551205,55220,ดงพญา,บ่อเกลือ,น่าน,Dong Phaya,Bo Kluea,Nan
551301,55160,นาไร่หลวง,สองแคว,น่าน,Na Rai Luang,Song Khwae,Nan
551302,55160,ชนแดน,สองแคว,น่าน,Chon Daen,Song Khwae,Nan
551303,55160,ยอด,สองแคว,น่าน,Yot,Song Khwae,Nan
551401,55000,ม่วงตึ๊ด,ภูเพียง,น่าน,Muang Tuet,Phu Phiang,Nan
551402,55000,นาปัง,ภูเพียง,น่าน,Na Pang,Phu Phiang,Nan
551403,55000,น้ำแก่น,ภูเพียง,น่าน,Nam Kaen,Phu Phiang,Nan
551404,55000,น้ำเกี๋ยน,ภูเพียง,น่าน,Nam Kian,Phu Phiang,Nan
551405,55000,เมืองจัง,ภูเพียง,น่าน,Mueang Chang,Phu Phiang,Nan
551406,55000,ท่าน้าว,ภูเพียง,น่าน,Tha Nao,Phu Phiang,Nan
551407,55000,ฝายแก้ว,ภูเพียง,น่าน,Fai Kaeo,Phu Phiang,Nan
551501,55130,ห้วยโก๋น,เฉลิมพระเกียรติ,น่าน,Huai Kon,Chaloem Phra Kiet,Nan
551502,55130,ขุนน่าน,เฉลิมพระเกียรติ,น่าน,Khun Nan,Chaloem Phra Kiet,Nan
560101,56000,เวียง,เมืองพะเยา,พะเยา,Wiang,Mueang Phayao,Phayao
560102,56000,แม่ต๋ำ,เมืองพะเยา,พะเยา,Mae Tam,Mueang Phayao,Phayao
560104,56000,แม่นาเรือ,เมืองพะเยา,พะเยา,Mae Na Ruea,Mueang Phayao,Phayao
560105,56000,บ้านตุ่น,เมืองพะเยา,พะเยา,Ban Tun,Mueang Phayao,Phayao
560106,56000,บ้านต๊ำ,เมืองพะเยา,พะเยา,Ban Tam,Mueang Phayao,Phayao
560107,56000,บ้านต๋อม,เมืองพะเยา,พะเยา,Ban Tom,Mueang Phayao,Phayao
560108,56000,แม่ปืม,เมืองพะเยา,พะเยา,Mae Puem,Mueang Phayao,Phayao
560110,56000,แม่กา,เมืองพะเยา,พะเยา,Mae Ka,Mueang Phayao,Phayao
560111,56000,บ้านใหม่,เมืองพะเยา,พะเยา,Ban Mai,Mueang Phayao,Phayao
560112,56000,จำป่าหวาย,เมืองพะเยา,พะเยา,Champa Wai,Mueang Phayao,Phayao
560113,56000,ท่าวังทอง,เมืองพะเยา,พะเยา,Tha Wang Thong,Mueang Phayao,Phayao
560114,56000,แม่ใส,เมืองพะเยา,พะเยา,Mae Sai,Mueang Phayao,Phayao
560115,56000,บ้านสาง,เมืองพะเยา,พะเยา,Ban Sang,Mueang Phayao,Phayao
560116,56000,ท่าจำปี,เมืองพะเยา,พะเยา,Tha Champi,Mueang Phayao,Phayao
560118,56000,สันป่าม่วง,เมืองพะเยา,พะเยา,San Pa Muang,Mueang Phayao,Phayao
560201,56150,ห้วยข้าวก่ำ,จุน,พะเยา,Huai Khao Kam,Chun,Phayao
560202,56150,จุน,จุน,พะเยา,Chun,Chun,Phayao
560203,56150,ลอ,จุน,พะเยา,Lo,Chun,Phayao
560204,56150,หงส์หิน,จุน,พะเยา,Hong Hin,Chun,Phayao
560205,56150,ทุ่งรวงทอง,จุน,พะเยา,Thung Ruang Thong,Chun,Phayao
560206,56150,ห้วยยางขาม,จุน,พะเยา,Huai Yang Kham,Chun,Phayao
560207,56150,พระธาตุขิงแกง,จุน,พะเยา,Phrathat Khing Kaeng,Chun,Phayao
560301,56110,หย่วน,เชียงคำ,พะเยา,Yuan,Chiang Kham,Phayao
560306,56110,น้ำแวน,เชียงคำ,พะเยา,Nam Waen,Chiang Kham,Phayao
560307,56110,เวียง,เชียงคำ,พะเยา,Wiang,Chiang Kham,Phayao
560308,56110,ฝายกวาง,เชียงคำ,พะเยา,Fai Kwang,Chiang Kham,Phayao
560309,56110,เจดีย์คำ,เชียงคำ,พะเยา,Chedi Kham,Chiang Kham,Phayao
560310,56110,ร่มเย็น,เชียงคำ,พะเยา,Rom Yen,Chiang Kham,Phayao
560311,56110,เชียงบาน,เชียงคำ,พะเยา,Chiang Ban,Chiang Kham,Phayao
560312,56110,แม่ลาว,เชียงคำ,พะเยา,Mae Lao,Chiang Kham,Phayao
560313,56110,อ่างทอง,เชียงคำ,พะเยา,Ang Thong,Chiang Kham,Phayao
560314,56110,ทุ่งผาสุข,เชียงคำ,พะเยา,Thung Pha Suk,Chiang Kham,Phayao
560401,56160,เชียงม่วน,เชียงม่วน,พะเยา,Chiang Muan,Chiang Muan,Phayao
560402,56160,บ้านมาง,เชียงม่วน,พะเยา,Ban Mang,Chiang Muan,Phayao
560403,56160,สระ,เชียงม่วน,พะเยา,Sa,Chiang Muan,Phayao
560501,56120,ดอกคำใต้,ดอกคำใต้,พะเยา,Dok Khamtai,Dok Khamtai,Phayao
560502,56120,ดอนศรีชุม,ดอกคำใต้,พะเยา,Don Si Chum,Dok Khamtai,Phayao
560503,56120,บ้านถ้ำ,ดอกคำใต้,พะเยา,Ban Tham,Dok Khamtai,Phayao
560504,56120,บ้านปิน,ดอกคำใต้,พะเยา,Ban Pin,Dok Khamtai,Phayao
560505,56120,ห้วยลาน,ดอกคำใต้,พะเยา,Huai Lan,Dok Khamtai,Phayao
560506,56120,สันโค้ง,ดอกคำใต้,พะเยา,San Khong,Dok Khamtai,Phayao
560507,56120,ป่าซาง,ดอกคำใต้,พะเยา,Pa Sang,Dok Khamtai,Phayao
560508,56120,หนองหล่ม,ดอกคำใต้,พะเยา,Nong Lom,Dok Khamtai,Phayao
560509,56120,ดงสุวรรณ,ดอกคำใต้,พะเยา,Dong Suwan,Dok Khamtai,Phayao
560510,56120,บุญเกิด,ดอกคำใต้,พะเยา,Bunkoet,Dok Khamtai,Phayao
560511,56120,สว่างอารมณ์,ดอกคำใต้,พะเยา,Sawang Arom,Dok Khamtai,Phayao
560512,56120,คือเวียง,ดอกคำใต้,พะเยา,Khue Wiang,Dok Khamtai,Phayao
560601,56140,ปง,ปง,พะเยา,Pong,Pong,Phayao
560602,56140,ควร,ปง,พะเยา,Khuan,Pong,Phayao
560603,56140,ออย,ปง,พะเยา,Oi,Pong,Phayao
560604,56140,งิม,ปง,พะเยา,Ngim,Pong,Phayao
560605,56140,ผาช้างน้อย,ปง,พะเยา,Pha Chang Noi,Pong,Phayao
560606,56140,นาปรัง,ปง,พะเยา,Na Prang,Pong,Phayao
560607,56140,ขุนควร,ปง,พะเยา,Khun Khuan,Pong,Phayao
560701,56130,แม่ใจ,แม่ใจ,พะเยา,Mae Chai,Mae Chai,Phayao
560702,56130,ศรีถ้อย,แม่ใจ,พะเยา,Si Thoi,Mae Chai,Phayao
560703,56130,แม่สุก,แม่ใจ,พะเยา,Mae Suk,Mae Chai,Phayao
560704,56130,ป่าแฝก,แม่ใจ,พะเยา,Pa Faek,Mae Chai,Phayao
560705,56130,บ้านเหล่า,แม่ใจ,พะเยา,Ban Lao,Mae Chai,Phayao
560706,56130,เจริญราษฎร์,แม่ใจ,พะเยา,Charoen Rat,Mae Chai,Phayao
560801,56110,ภูซาง,ภูซาง,พะเยา,Phu Sang,Phu Sang,Phayao
560802,56110,ป่าสัก,ภูซาง,พะเยา,Pa Sak,Phu Sang,Phayao
560803,56110,ทุ่งกล้วย,ภูซาง,พะเยา,Thung Kluai,Phu Sang,Phayao
560804,56110,เชียงแรง,ภูซาง,พะเยา,Chiang Raeng,Phu Sang,Phayao
560805,56110,สบบง,ภูซาง,พะเยา,Sop Bong,Phu Sang,Phayao
560901,56000,ห้วยแก้ว,ภูกามยาว,พะเยา,Huai Kaeo,Phu Kamyao,Phayao
560902,56000,ดงเจน,ภูกามยาว,พะเยา,Dong Chen,Phu Kamyao,Phayao
560903,56000,แม่อิง,ภูกามยาว,พะเยา,Mae Ing,Phu Kamyao,Phayao
570101,57000,เวียง,เมืองเชียงราย,เชียงราย,Wiang,Mueang Chiang Rai,Chiang Rai
570102,57000,รอบเวียง,เมืองเชียงราย,เชียงราย,Rop Wiang,Mueang Chiang Rai,Chiang Rai
570103,57100,บ้านดู่,เมืองเชียงราย,เชียงราย,Ban Du,Mueang Chiang Rai,Chiang Rai
570104,57100,นางแล,เมืองเชียงราย,เชียงราย,Nang Lae,Mueang Chiang Rai,Chiang Rai
570105,57100,แม่ข้าวต้ม,เมืองเชียงราย,เชียงราย,Mae Khao Tom,Mueang Chiang Rai,Chiang Rai
570106,57100,แม่ยาว,เมืองเชียงราย,เชียงราย,Mae Yao,Mueang Chiang Rai,Chiang Rai
570107,57000,สันทราย,เมืองเชียงราย,เชียงราย,San Sai,Mueang Chiang Rai,Chiang Rai
570111,57000,แม่กรณ์,เมืองเชียงราย,เชียงราย,Mae Kon,Mueang Chiang Rai,Chiang Rai
570112,57000,ห้วยชมภู,เมืองเชียงราย,เชียงราย,Huai Chomphu,Mueang Chiang Rai,Chiang Rai
570113,57000,ห้วยสัก,เมืองเชียงราย,เชียงราย,Huai Sak,Mueang Chiang Rai,Chiang Rai
570114,57100,ริมกก,เมืองเชียงราย,เชียงราย,Rim Kok,Mueang Chiang Rai,Chiang Rai
570115,57000,ดอยลาน,เมืองเชียงราย,เชียงราย,Doi Lan,Mueang Chiang Rai,Chiang Rai
570116,57000,ป่าอ้อดอนชัย,เมืองเชียงราย,เชียงราย,Pa O Don Chai,Mueang Chiang Rai,Chiang Rai
570118,57000,ท่าสาย,เมืองเชียงราย,เชียงราย,Tha Sai,Mueang Chiang Rai,Chiang Rai
570120,57000,ดอยฮาง,เมืองเชียงราย,เชียงราย,Doi Hang,Mueang Chiang Rai,Chiang Rai
570121,57100,ท่าสุด,เมืองเชียงราย,เชียงราย,Tha Sut,Mueang Chiang Rai,Chiang Rai
570202,57210,เวียงชัย,เวียงชัย,เชียงราย,Wiang Chai,Wiang Chai,Chiang Rai
570203,57210,ผางาม,เวียงชัย,เชียงราย,Pha Ngam,Wiang Chai,Chiang Rai
570204,57210,เวียงเหนือ,เวียงชัย,เชียงราย,Wiang Nuea,Wiang Chai,Chiang Rai
570206,57210,ดอนศิลา,เวียงชัย,เชียงราย,Don Sila,Wiang Chai,Chiang Rai
570208,57210,เมืองชุม,เวียงชัย,เชียงราย,Mueang Chum,Wiang Chai,Chiang Rai
570301,57140,เวียง,เชียงของ,เชียงราย,Wiang,Chiang Khong,Chiang Rai
570302,57140,สถาน,เชียงของ,เชียงราย,Sathan,Chiang Khong,Chiang Rai
570303,57140,ครึ่ง,เชียงของ,เชียงราย,Khrueng,Chiang Khong,Chiang Rai
570304,57140,บุญเรือง,เชียงของ,เชียงราย,Bunrueang,Chiang Khong,Chiang Rai
570305,57140,ห้วยซ้อ,เชียงของ,เชียงราย,Huai So,Chiang Khong,Chiang Rai
570308,57230,ศรีดอนชัย,เชียงของ,เชียงราย,Si Don Chai,Chiang Khong,Chiang Rai
570310,57140,ริมโขง,เชียงของ,เชียงราย,Rim Khong,Chiang Khong,Chiang Rai
570401,57160,เวียง,เทิง,เชียงราย,Wiang,Thoeng,Chiang Rai
570402,57160,งิ้ว,เทิง,เชียงราย,Ngio,Thoeng,Chiang Rai
570403,57230,ปล้อง,เทิง,เชียงราย,Plong,Thoeng,Chiang Rai
570404,57230,แม่ลอย,เทิง,เชียงราย,Mae Loi,Thoeng,Chiang Rai
570405,57230,เชียงเคี่ยน,เทิง,เชียงราย,Chiang Khian,Thoeng,Chiang Rai
570409,57160,ตับเต่า,เทิง,เชียงราย,Tap Tao,Thoeng,Chiang Rai
570410,57160,หงาว,เทิง,เชียงราย,Ngao,Thoeng,Chiang Rai
570411,57160,สันทรายงาม,เทิง,เชียงราย,San Sai Ngam,Thoeng,Chiang Rai
570412,57160,ศรีดอนไชย,เทิง,เชียงราย,Si Don Chai,Thoeng,Chiang Rai
570413,57160,หนองแรด,เทิง,เชียงราย,Nong Raet,Thoeng,Chiang Rai
570501,57120,สันมะเค็ด,พาน,เชียงราย,San Makhet,Phan,Chiang Rai
570502,57120,แม่อ้อ,พาน,เชียงราย,Mae O,Phan,Chiang Rai
570503,57250,ธารทอง,พาน,เชียงราย,Than Thong,Phan,Chiang Rai
570504,57120,สันติสุข,พาน,เชียงราย,Santi Suk,Phan,Chiang Rai
570505,57120,ดอยงาม,พาน,เชียงราย,Doi Ngam,Phan,Chiang Rai
570506,57120,หัวง้ม,พาน,เชียงราย,Hua Ngom,Phan,Chiang Rai
570507,57120,เจริญเมือง,พาน,เชียงราย,Charoen Mueang,Phan,Chiang Rai
570508,57120,ป่าหุ่ง,พาน,เชียงราย,Pa Hung,Phan,Chiang Rai
570509,57120,ม่วงคำ,พาน,เชียงราย,Muang Kham,Phan,Chiang Rai
570510,57120,ทรายขาว,พาน,เชียงราย,Sai Khao,Phan,Chiang Rai
570511,57120,สันกลาง,พาน,เชียงราย,San Klang,Phan,Chiang Rai
570512,57280,แม่เย็น,พาน,เชียงราย,Mae Yen,Phan,Chiang Rai
570513,57120,เมืองพาน,พาน,เชียงราย,Mueang Phan,Phan,Chiang Rai
570514,57280,ทานตะวัน,พาน,เชียงราย,Than Tawan,Phan,Chiang Rai
570515,57120,เวียงห้าว,พาน,เชียงราย,Wiang Hao,Phan,Chiang Rai
570601,57190,ป่าแดด,ป่าแดด,เชียงราย,Pa Daet,Pa Daet,Chiang Rai
570602,57190,ป่าแงะ,ป่าแดด,เชียงราย,Pa Ngae,Pa Daet,Chiang Rai
570603,57190,สันมะค่า,ป่าแดด,เชียงราย,San Makha,Pa Daet,Chiang Rai
570605,57190,โรงช้าง,ป่าแดด,เชียงราย,Rong Chang,Pa Daet,Chiang Rai
570606,57190,ศรีโพธิ์เงิน,ป่าแดด,เชียงราย,Si Pho Ngoen,Pa Daet,Chiang Rai
570701,57110,แม่จัน,แม่จัน,เชียงราย,Mae Chan,Mae Chan,Chiang Rai
570702,57270,จันจว้า,แม่จัน,เชียงราย,Chan Chawa,Mae Chan,Chiang Rai
570703,57240,แม่คำ,แม่จัน,เชียงราย,Mae Kham,Mae Chan,Chiang Rai
570704,57110,ป่าซาง,แม่จัน,เชียงราย,Pa Sang,Mae Chan,Chiang Rai
570705,57110,สันทราย,แม่จัน,เชียงราย,San Sai,Mae Chan,Chiang Rai
570706,57110,ท่าข้าวเปลือก,แม่จัน,เชียงราย,Tha Khao Plueak,Mae Chan,Chiang Rai
570708,57110,ป่าตึง,แม่จัน,เชียงราย,Pa Tueng,Mae Chan,Chiang Rai
570710,57240,แม่ไร่,แม่จัน,เชียงราย,Mae Rai,Mae Chan,Chiang Rai
570711,57110,ศรีค้ำ,แม่จัน,เชียงราย,Si Kham,Mae Chan,Chiang Rai
570712,57270,จันจว้าใต้,แม่จัน,เชียงราย,Chan Chawa Tai,Mae Chan,Chiang Rai
570713,57110,จอมสวรรค์,แม่จัน,เชียงราย,Chom Sawan,Mae Chan,Chiang Rai
570801,57150,เวียง,เชียงแสน,เชียงราย,Wiang,Chiang Saen,Chiang Rai
570802,57150,ป่าสัก,เชียงแสน,เชียงราย,Pa Sak,Chiang Saen,Chiang Rai
570803,57150,บ้านแซว,เชียงแสน,เชียงราย,Ban Saeo,Chiang Saen,Chiang Rai
570804,57150,ศรีดอนมูล,เชียงแสน,เชียงราย,Si Don Mun,Chiang Saen,Chiang Rai
570805,57150,แม่เงิน,เชียงแสน,เชียงราย,Mae Ngoen,Chiang Saen,Chiang Rai
570806,57150,โยนก,เชียงแสน,เชียงราย,Yonok,Chiang Saen,Chiang Rai
570901,57130,แม่สาย,แม่สาย,เชียงราย,Mae Sai,Mae Sai,Chiang Rai
570902,57220,ห้วยไคร้,แม่สาย,เชียงราย,Huai Khrai,Mae Sai,Chiang Rai
570903,57130,เกาะช้าง,แม่สาย,เชียงราย,Ko Chang,Mae Sai,Chiang Rai
570904,57130,โป่งผา,แม่สาย,เชียงราย,Pong Pha,Mae Sai,Chiang Rai
570905,57130,ศรีเมืองชุม,แม่สาย,เชียงราย,Si Mueang Chum,Mae Sai,Chiang Rai
570906,57130,เวียงพางคำ,แม่สาย,เชียงราย,Wiang Phang Kham,Mae Sai,Chiang Rai
570908,57220,บ้านด้าย,แม่สาย,เชียงราย,Ban Dai,Mae Sai,Chiang Rai
570909,57130,โป่งงาม,แม่สาย,เชียงราย,Pong Ngam,Mae Sai,Chiang Rai
571001,57180,แม่สรวย,แม่สรวย,เชียงราย,Mae Saruai,Mae Suai,Chiang Rai
571002,57180,ป่าแดด,แม่สรวย,เชียงราย,Pa Daet,Mae Suai,Chiang Rai
571003,57180,แม่พริก,แม่สรวย,เชียงราย,Mae Phrik,Mae Suai,Chiang Rai
571004,57180,ศรีถ้อย,แม่สรวย,เชียงราย,Si Thoi,Mae Suai,Chiang Rai
571005,57180,ท่าก๊อ,แม่สรวย,เชียงราย,Tha Ko,Mae Suai,Chiang Rai
571006,57180,วาวี,แม่สรวย,เชียงราย,Wawi,Mae Suai,Chiang Rai
571007,57180,เจดีย์หลวง,แม่สรวย,เชียงราย,Chedi Luang,Mae Suai,Chiang Rai
571101,57170,สันสลี,เวียงป่าเป้า,เชียงราย,San Sali,Wiang Pa Pao,Chiang Rai
571102,57170,เวียง,เวียงป่าเป้า,เชียงราย,Wiang,Wiang Pa Pao,Chiang Rai
571103,57170,บ้านโป่ง,เวียงป่าเป้า,เชียงราย,Ban Pong,Wiang Pa Pao,Chiang Rai
571104,57170,ป่างิ้ว,เวียงป่าเป้า,เชียงราย,Pa Ngio,Wiang Pa Pao,Chiang Rai
571105,57260,เวียงกาหลง,เวียงป่าเป้า,เชียงราย,Wiang Kalong,Wiang Pa Pao,Chiang Rai
571106,57260,แม่เจดีย์,เวียงป่าเป้า,เชียงราย,Mae Chedi,Wiang Pa Pao,Chiang Rai
571107,57260,แม่เจดีย์ใหม่,เวียงป่าเป้า,เชียงราย,Mae Chedi Mai,Wiang Pa Pao,Chiang Rai
571201,57290,แม่เปา,พญาเม็งราย,เชียงราย,Mae Pao,Phaya Mengrai,Chiang Rai
571202,57290,แม่ต๋ำ,พญาเม็งราย,เชียงราย,Mae Tam,Phaya Mengrai,Chiang Rai
571203,57290,ไม้ยา,พญาเม็งราย,เชียงราย,Mai Ya,Phaya Mengrai,Chiang Rai
571204,57290,เม็งราย,พญาเม็งราย,เชียงราย,Mengrai,Phaya Mengrai,Chiang Rai
571205,57290,ตาดควัน,พญาเม็งราย,เชียงราย,Tat Khwan,Phaya Mengrai,Chiang Rai
571301,57310,ม่วงยาย,เวียงแก่น,เชียงราย,Muang Yai,Wiang Kaen,Chiang Rai
571302,57310,ปอ,เวียงแก่น,เชียงราย,Po,Wiang Kaen,Chiang Rai
571303,57310,หล่ายงาว,เวียงแก่น,เชียงราย,Lai Ngao,Wiang Kaen,Chiang Rai
571304,57310,ท่าข้าม,เวียงแก่น,เชียงราย,Tha Kham,Wiang Kaen,Chiang Rai
571401,57340,ต้า,ขุนตาล,เชียงราย,Ta,Khun Tan,Chiang Rai
571402,57340,ป่าตาล,ขุนตาล,เชียงราย,Pa Tan,Khun Tan,Chiang Rai
571403,57340,ยางฮอม,ขุนตาล,เชียงราย,Yang Hom,Khun Tan,Chiang Rai
571501,57240,เทอดไทย,แม่ฟ้าหลวง,เชียงราย,Thoet Thai,Mae Fa Luang,Chiang Rai
571502,57110,แม่สลองใน,แม่ฟ้าหลวง,เชียงราย,Mae Salong Nai,Mae Fa Luang,Chiang Rai
571503,57110,แม่สลองนอก,แม่ฟ้าหลวง,เชียงราย,Mae Salong Nok,Mae Fa Luang,Chiang Rai
571504,57240,แม่ฟ้าหลวง,แม่ฟ้าหลวง,เชียงราย,Mae Fa Luang,Mae Fa Luang,Chiang Rai
571601,57250,ดงมะดะ,แม่ลาว,เชียงราย,Dong Mada,Mae Lao,Chiang Rai
571602,57250,จอมหมอกแก้ว,แม่ลาว,เชียงราย,Chom Mok Kaeo,Mae Lao,Chiang Rai
571603,57250,บัวสลี,แม่ลาว,เชียงราย,Bua Sali,Mae Lao,Chiang Rai
571604,57250,ป่าก่อดำ,แม่ลาว,เชียงราย,Pa Ko Dam,Mae Lao,Chiang Rai
571605,57000,โป่งแพร่,แม่ลาว,เชียงราย,Pong Phrae,Mae Lao,Chiang Rai
571701,57210,ทุ่งก่อ,เวียงเชียงรุ้ง,เชียงราย,Thung Ko,Wiang Chiang Rung,Chiang Rai
571702,57210,ดงมหาวัน,เวียงเชียงรุ้ง,เชียงราย,Dong Mahawan,Wiang Chiang Rung,Chiang Rai
571703,57210,ป่าซาง,เวียงเชียงรุ้ง,เชียงราย,Pa Sang,Wiang Chiang Rung,Chiang Rai
571801,57110,ปงน้อย,ดอยหลวง,เชียงราย,Pong Noi,Doi Luang,Chiang Rai
571802,57110,โชคชัย,ดอยหลวง,เชียงราย,Chok Chai,Doi Luang,Chiang Rai
571803,57110,หนองป่าก่อ,ดอยหลวง,เชียงราย,Nong Pa Ko,Doi Luang,Chiang Rai
580101,58000,จองคำ,เมืองแม่ฮ่องสอน,แม่ฮ่องสอน,Chong Kham,Mueang Mae Hong Son,Mae Hong Son
580102,58000,ห้วยโป่ง,เมืองแม่ฮ่องสอน,แม่ฮ่องสอน,Huai Pong,Mueang Mae Hong Son,Mae Hong Son
580103,58000,ผาบ่อง,เมืองแม่ฮ่องสอน,แม่ฮ่องสอน,Pha Bong,Mueang Mae Hong Son,Mae Hong Son
580104,58000,ปางหมู,เมืองแม่ฮ่องสอน,แม่ฮ่องสอน,Pang Mu,Mueang Mae Hong Son,Mae Hong Son
580105,58000,หมอกจำแป่,เมืองแม่ฮ่องสอน,แม่ฮ่องสอน,Mok Champae,Mueang Mae Hong Son,Mae Hong Son
580106,58000,ห้วยผา,เมืองแม่ฮ่องสอน,แม่ฮ่องสอน,Huai Pha,Mueang Mae Hong Son,Mae Hong Son
580109,58000,ห้วยปูลิง,เมืองแม่ฮ่องสอน,แม่ฮ่องสอน,Huai Pu Ling,Mueang Mae Hong Son,Mae Hong Son
580201,58140,ขุนยวม,ขุนยวม,แม่ฮ่องสอน,Khun Yuam,Khun Yuam,Mae Hong Son
580202,58140,แม่เงา,ขุนยวม,แม่ฮ่องสอน,Mae Ngao,Khun Yuam,Mae Hong Son
580203,58140,เมืองปอน,ขุนยวม,แม่ฮ่องสอน,Mueang Pon,Khun Yuam,Mae Hong Son
580204,58140,แม่ยวมน้อย,ขุนยวม,แม่ฮ่องสอน,Mae Yuam Noi,Khun Yuam,Mae Hong Son
580205,58140,แม่กิ๊,ขุนยวม,แม่ฮ่องสอน,Mae Ki,Khun Yuam,Mae Hong Son
580206,58140,แม่อูคอ,ขุนยวม,แม่ฮ่องสอน,Mae U Kho,Khun Yuam,Mae Hong Son
580301,58130,เวียงใต้,ปาย,แม่ฮ่องสอน,Wiang Tai,Pai,Mae Hong Son
580302,58130,เวียงเหนือ,ปาย,แม่ฮ่องสอน,Wiang Nuea,Pai,Mae Hong Son
580303,58130,แม่นาเติง,ปาย,แม่ฮ่องสอน,Mae Na Toeng,Pai,Mae Hong Son
580304,58130,แม่ฮี้,ปาย,แม่ฮ่องสอน,Mae Hi,Pai,Mae Hong Son
580305,58130,ทุ่งยาว,ปาย,แม่ฮ่องสอน,Thung Yao,Pai,Mae Hong Son
580306,58130,เมืองแปง,ปาย,แม่ฮ่องสอน,Mueang Paeng,Pai,Mae Hong Son
580307,58130,โป่งสา,ปาย,แม่ฮ่องสอน,Pong Sa,Pai,Mae Hong Son
580401,58110,บ้านกาศ,แม่สะเรียง,แม่ฮ่องสอน,Ban Kat,Mae Sariang,Mae Hong Son
580402,58110,แม่สะเรียง,แม่สะเรียง,แม่ฮ่องสอน,Mae Sariang,Mae Sariang,Mae Hong Son
580403,58110,แม่คง,แม่สะเรียง,แม่ฮ่องสอน,Mae Khong,Mae Sariang,Mae Hong Son
580404,58110,แม่เหาะ,แม่สะเรียง,แม่ฮ่องสอน,Mae Ho,Mae Sariang,Mae Hong Son
580405,58110,แม่ยวม,แม่สะเรียง,แม่ฮ่องสอน,Mae Yuam,Mae Sariang,Mae Hong Son
580406,58110,เสาหิน,แม่สะเรียง,แม่ฮ่องสอน,Sao Hin,Mae Sariang,Mae Hong Son
580408,58110,ป่าแป๋,แม่สะเรียง,แม่ฮ่องสอน,Pa Pae,Mae Sariang,Mae Hong Son
580501,58120,แม่ลาน้อย,แม่ลาน้อย,แม่ฮ่องสอน,Mae La Noi,Mae La Noi,Mae Hong Son
580502,58120,แม่ลาหลวง,แม่ลาน้อย,แม่ฮ่องสอน,Mae La Luang,Mae La Noi,Mae Hong Son
580503,58120,ท่าผาปุ้ม,แม่ลาน้อย,แม่ฮ่องสอน,Tha Pha Pum,Mae La Noi,Mae Hong Son
580504,58120,แม่โถ,แม่ลาน้อย,แม่ฮ่องสอน,Mae Tho,Mae La Noi,Mae Hong Son
580505,58120,ห้วยห้อม,แม่ลาน้อย,แม่ฮ่องสอน,Huai Hom,Mae La Noi,Mae Hong Son
580506,58120,แม่นาจาง,แม่ลาน้อย,แม่ฮ่องสอน,Mae Na Chang,Mae La Noi,Mae Hong Son
580507,58120,สันติคีรี,แม่ลาน้อย,แม่ฮ่องสอน,Santi Khiri,Mae La Noi,Mae Hong Son
580508,58120,ขุนแม่ลาน้อย,แม่ลาน้อย,แม่ฮ่องสอน,Khun Mae La Noi,Mae La Noi,Mae Hong Son
580601,58110,สบเมย,สบเมย,แม่ฮ่องสอน,Sop Moei,Sop Moei,Mae Hong Son
580602,58110,แม่คะตวน,สบเมย,แม่ฮ่องสอน,Mae Khatuan,Sop Moei,Mae Hong Son
580603,58110,กองก๋อย,สบเมย,แม่ฮ่องสอน,Kong Koi,Sop Moei,Mae Hong Son
580604,58110,แม่สวด,สบเมย,แม่ฮ่องสอน,Mae Suat,Sop Moei,Mae Hong Son
580605,58110,ป่าโปง,สบเมย,แม่ฮ่องสอน,Pa Pong,Sop Moei,Mae Hong Son
580606,58110,แม่สามแลบ,สบเมย,แม่ฮ่องสอน,Mae Sam Laep,Sop Moei,Mae Hong Son
580701,58150,สบป่อง,ปางมะผ้า,แม่ฮ่องสอน,Sop Pong,Pang Mapha,Mae Hong Son
580702,58150,ปางมะผ้า,ปางมะผ้า,แม่ฮ่องสอน,Pang Mapha,Pang Mapha,Mae Hong Son
580703,58150,ถ้ำลอด,ปางมะผ้า,แม่ฮ่องสอน,Tham Lot,Pang Mapha,Mae Hong Son
580704,58150,นาปู่ป้อม,ปางมะผ้า,แม่ฮ่องสอน,Na Pu Pom,Pang Mapha,Mae Hong Son
600101,60000,ปากน้ำโพ,เมืองนครสวรรค์,นครสวรรค์,Pak Nam Pho,Mueang Nakhon Sawan,Nakhon Sawan
600102,60000,กลางแดด,เมืองนครสวรรค์,นครสวรรค์,Klang Daet,Mueang Nakhon Sawan,Nakhon Sawan
600103,60000,เกรียงไกร,เมืองนครสวรรค์,นครสวรรค์,Kriang Krai,Mueang Nakhon Sawan,Nakhon Sawan
600104,60000,แควใหญ่,เมืองนครสวรรค์,นครสวรรค์,Khwae Yai,Mueang Nakhon Sawan,Nakhon Sawan
600105,60000,ตะเคียนเลื่อน,เมืองนครสวรรค์,นครสวรรค์,Takhian Luean,Mueang Nakhon Sawan,Nakhon Sawan
600106,60000,นครสวรรค์ตก,เมืองนครสวรรค์,นครสวรรค์,Nakhon Sawan Tok,Mueang Nakhon Sawan,Nakhon Sawan
600107,60000,นครสวรรค์ออก,เมืองนครสวรรค์,นครสวรรค์,Nakhon Sawan Ok,Mueang Nakhon Sawan,Nakhon Sawan
600108,60000,บางพระหลวง,เมืองนครสวรรค์,นครสวรรค์,Bang Phra Luang,Mueang Nakhon Sawan,Nakhon Sawan
600109,60000,บางม่วง,เมืองนครสวรรค์,นครสวรรค์,Bang Muang,Mueang Nakhon Sawan,Nakhon Sawan
600110,60000,บ้านมะเกลือ,เมืองนครสวรรค์,นครสวรรค์,Ban Makluea,Mueang Nakhon Sawan,Nakhon Sawan
600111,60000,บ้านแก่ง,เมืองนครสวรรค์,นครสวรรค์,Ban Kaeng,Mueang Nakhon Sawan,Nakhon Sawan
600112,60000,พระนอน,เมืองนครสวรรค์,นครสวรรค์,Phra Non,Mueang Nakhon Sawan,Nakhon Sawan
600113,60000,วัดไทรย์,เมืองนครสวรรค์,นครสวรรค์,Wat Sai,Mueang Nakhon Sawan,Nakhon Sawan
600114,60240,หนองกรด,เมืองนครสวรรค์,นครสวรรค์,Nong Krot,Mueang Nakhon Sawan,Nakhon Sawan
600115,60240,หนองกระโดน,เมืองนครสวรรค์,นครสวรรค์,Nong Kradon,Mueang Nakhon Sawan,Nakhon Sawan
600116,60000,หนองปลิง,เมืองนครสวรรค์,นครสวรรค์,Nong Pling,Mueang Nakhon Sawan,Nakhon Sawan
600117,60000,บึงเสนาท,เมืองนครสวรรค์,นครสวรรค์,Bueng Senat,Mueang Nakhon Sawan,Nakhon Sawan
600201,60170,โกรกพระ,โกรกพระ,นครสวรรค์,Krok Phra,Krok Phra,Nakhon Sawan
600202,60170,ยางตาล,โกรกพระ,นครสวรรค์,Yang Tan,Krok Phra,Nakhon Sawan
600203,60170,บางมะฝ่อ,โกรกพระ,นครสวรรค์,Bang Mafo,Krok Phra,Nakhon Sawan
600204,60170,บางประมุง,โกรกพระ,นครสวรรค์,Bang Pramung,Krok Phra,Nakhon Sawan
600205,60170,นากลาง,โกรกพระ,นครสวรรค์,Na Klang,Krok Phra,Nakhon Sawan
600206,60170,ศาลาแดง,โกรกพระ,นครสวรรค์,Sala Daeng,Krok Phra,Nakhon Sawan
600207,60170,เนินกว้าว,โกรกพระ,นครสวรรค์,Noen Kwao,Krok Phra,Nakhon Sawan
600208,60170,เนินศาลา,โกรกพระ,นครสวรรค์,Noen Sala,Krok Phra,Nakhon Sawan
600209,60170,หาดสูง,โกรกพระ,นครสวรรค์,Hat Sung,Krok Phra,Nakhon Sawan
600301,60120,ชุมแสง,ชุมแสง,นครสวรรค์,Chum Saeng,Chum Saeng,Nakhon Sawan
600302,60250,ทับกฤช,ชุมแสง,นครสวรรค์,Thap Krit,Chum Saeng,Nakhon Sawan
600303,60120,พิกุล,ชุมแสง,นครสวรรค์,Phikun,Chum Saeng,Nakhon Sawan
600304,60120,เกยไชย,ชุมแสง,นครสวรรค์,Koei Chai,Chum Saeng,Nakhon Sawan
600305,60120,ท่าไม้,ชุมแสง,นครสวรรค์,Tha Mai,Chum Saeng,Nakhon Sawan
600306,60120,บางเคียน,ชุมแสง,นครสวรรค์,Bang Khian,Chum Saeng,Nakhon Sawan
600307,60120,หนองกระเจา,ชุมแสง,นครสวรรค์,Nong Krachao,Chum Saeng,Nakhon Sawan
600308,60250,พันลาน,ชุมแสง,นครสวรรค์,Phan Lan,Chum Saeng,Nakhon Sawan
600309,60120,โคกหม้อ,ชุมแสง,นครสวรรค์,Khok Mo,Chum Saeng,Nakhon Sawan
600310,60120,ไผ่สิงห์,ชุมแสง,นครสวรรค์,Phai Sing,Chum Saeng,Nakhon Sawan
600311,60120,ฆะมัง,ชุมแสง,นครสวรรค์,Kha Mang,Chum Saeng,Nakhon Sawan
600312,60250,ทับกฤชใต้,ชุมแสง,นครสวรรค์,Thap Krit Tai,Chum Saeng,Nakhon Sawan
600401,60110,หนองบัว,หนองบัว,นครสวรรค์,Nong Bua,Nong Bua,Nakhon Sawan
600402,60110,หนองกลับ,หนองบัว,นครสวรรค์,Nong Klap,Nong Bua,Nakhon Sawan
600403,60110,ธารทหาร,หนองบัว,นครสวรรค์,Than Thahan,Nong Bua,Nakhon Sawan
600404,60110,ห้วยร่วม,หนองบัว,นครสวรรค์,Huai Ruam,Nong Bua,Nakhon Sawan
600405,60110,ห้วยถั่วใต้,หนองบัว,นครสวรรค์,Huai Thua Tai,Nong Bua,Nakhon Sawan
600406,60110,ห้วยถั่วเหนือ,หนองบัว,นครสวรรค์,Huai Thua Nuea,Nong Bua,Nakhon Sawan
600407,60110,ห้วยใหญ่,หนองบัว,นครสวรรค์,Huai Yai,Nong Bua,Nakhon Sawan
600408,60110,ทุ่งทอง,หนองบัว,นครสวรรค์,Thung Thong,Nong Bua,Nakhon Sawan
600409,60110,วังบ่อ,หนองบัว,นครสวรรค์,Wang Bo,Nong Bua,Nakhon Sawan
600501,60180,ท่างิ้ว,บรรพตพิสัย,นครสวรรค์,Tha Ngio,Banphot Phisai,Nakhon Sawan
600502,60180,บางตาหงาย,บรรพตพิสัย,นครสวรรค์,Bang Ta Ngai,Banphot Phisai,Nakhon Sawan
600503,60180,หูกวาง,บรรพตพิสัย,นครสวรรค์,Hu Kwang,Banphot Phisai,Nakhon Sawan
600504,60180,อ่างทอง,บรรพตพิสัย,นครสวรรค์,Ang Thong,Banphot Phisai,Nakhon Sawan
600505,60180,บ้านแดน,บรรพตพิสัย,นครสวรรค์,Ban Daen,Banphot Phisai,Nakhon Sawan
600506,60180,บางแก้ว,บรรพตพิสัย,นครสวรรค์,Bang Kaeo,Banphot Phisai,Nakhon Sawan
600507,60180,ตาขีด,บรรพตพิสัย,นครสวรรค์,Ta Khit,Banphot Phisai,Nakhon Sawan
600508,60180,ตาสัง,บรรพตพิสัย,นครสวรรค์,Ta Sang,Banphot Phisai,Nakhon Sawan
600509,60180,ด่านช้าง,บรรพตพิสัย,นครสวรรค์,Dan Chang,Banphot Phisai,Nakhon Sawan
600510,60180,หนองกรด,บรรพตพิสัย,นครสวรรค์,Nong Krot,Banphot Phisai,Nakhon Sawan
600511,60180,หนองตางู,บรรพตพิสัย,นครสวรรค์,Nong Ta Ngu,Banphot Phisai,Nakhon Sawan
600512,60180,บึงปลาทู,บรรพตพิสัย,นครสวรรค์,Bueng Pla Thu,Banphot Phisai,Nakhon Sawan
600513,60180,เจริญผล,บรรพตพิสัย,นครสวรรค์,Charoen Phon,Banphot Phisai,Nakhon Sawan
600601,60230,มหาโพธิ,เก้าเลี้ยว,นครสวรรค์,Mahapho,Kao Liao,Nakhon Sawan
600602,60230,เก้าเลี้ยว,เก้าเลี้ยว,นครสวรรค์,Kao Liao,Kao Liao,Nakhon Sawan
600603,60230,หนองเต่า,เก้าเลี้ยว,นครสวรรค์,Nong Tao,Kao Liao,Nakhon Sawan
600604,60230,เขาดิน,เก้าเลี้ยว,นครสวรรค์,Khao Din,Kao Liao,Nakhon Sawan
600605,60230,หัวดง,เก้าเลี้ยว,นครสวรรค์,Hua Dong,Kao Liao,Nakhon Sawan
600701,60140,ตาคลี,ตาคลี,นครสวรรค์,Ta Khli,Takhli,Nakhon Sawan
600702,60210,ช่องแค,ตาคลี,นครสวรรค์,Chong Khae,Takhli,Nakhon Sawan
600703,60260,จันเสน,ตาคลี,นครสวรรค์,Chan Sen,Takhli,Nakhon Sawan
600704,60210,ห้วยหอม,ตาคลี,นครสวรรค์,Huai Hom,Takhli,Nakhon Sawan
600705,60140,หัวหวาย,ตาคลี,นครสวรรค์,Hua Wai,Takhli,Nakhon Sawan
600706,60140,หนองโพ,ตาคลี,นครสวรรค์,Nong Pho,Takhli,Nakhon Sawan
600707,60140,หนองหม้อ,ตาคลี,นครสวรรค์,Nong Mo,Takhli,Nakhon Sawan
600708,60210,สร้อยทอง,ตาคลี,นครสวรรค์,Soi Thong,Takhli,Nakhon Sawan
600709,60260,ลาดทิพรส,ตาคลี,นครสวรรค์,Lat Thippharot,Takhli,Nakhon Sawan
600710,60210,พรหมนิมิต,ตาคลี,นครสวรรค์,Phrom Nimit,Takhli,Nakhon Sawan
600801,60160,ท่าตะโก,ท่าตะโก,นครสวรรค์,Tha Tako,Tha Tako,Nakhon Sawan
600802,60160,พนมรอก,ท่าตะโก,นครสวรรค์,Phanom Rok,Tha Tako,Nakhon Sawan
600803,60160,หัวถนน,ท่าตะโก,นครสวรรค์,Hua Thanon,Tha Tako,Nakhon Sawan
600804,60160,สายลำโพง,ท่าตะโก,นครสวรรค์,Sai Lamphong,Tha Tako,Nakhon Sawan
600805,60160,วังมหากร,ท่าตะโก,นครสวรรค์,Wang Mahakon,Tha Tako,Nakhon Sawan
600806,60160,ดอนคา,ท่าตะโก,นครสวรรค์,Don Kha,Tha Tako,Nakhon Sawan
600807,60160,ทำนบ,ท่าตะโก,นครสวรรค์,Tham Nop,Tha Tako,Nakhon Sawan
600808,60160,วังใหญ่,ท่าตะโก,นครสวรรค์,Wang Yai,Tha Tako,Nakhon Sawan
600809,60160,พนมเศษ,ท่าตะโก,นครสวรรค์,Phanom Set,Tha Tako,Nakhon Sawan
600810,60160,หนองหลวง,ท่าตะโก,นครสวรรค์,Nong Luang,Tha Tako,Nakhon Sawan
600901,60220,โคกเดื่อ,ไพศาลี,นครสวรรค์,Khok Duea,Phaisali,Nakhon Sawan
600902,60220,สำโรงชัย,ไพศาลี,นครสวรรค์,Samrong Chai,Phaisali,Nakhon Sawan
600903,60220,วังน้ำลัด,ไพศาลี,นครสวรรค์,Wang Nam Lat,Phaisali,Nakhon Sawan
600904,60220,ตะคร้อ,ไพศาลี,นครสวรรค์,Takhro,Phaisali,Nakhon Sawan
600905,60220,โพธิ์ประสาท,ไพศาลี,นครสวรรค์,Pho Prasat,Phaisali,Nakhon Sawan
600906,60220,วังข่อย,ไพศาลี,นครสวรรค์,Wang Khoi,Phaisali,Nakhon Sawan
600907,60220,นาขอม,ไพศาลี,นครสวรรค์,Na Khom,Phaisali,Nakhon Sawan
600908,60220,ไพศาลี,ไพศาลี,นครสวรรค์,Phaisali,Phaisali,Nakhon Sawan
601001,60130,พยุหะ,พยุหะคีรี,นครสวรรค์,Phayuha,Phayuha Hkiri,Nakhon Sawan
601002,60130,เนินมะกอก,พยุหะคีรี,นครสวรรค์,Noen Makok,Phayuha Hkiri,Nakhon Sawan
601003,60130,นิคมเขาบ่อแก้ว,พยุหะคีรี,นครสวรรค์,Nikhom Khao Bo Kaeo,Phayuha Hkiri,Nakhon Sawan
601004,60130,ม่วงหัก,พยุหะคีรี,นครสวรรค์,Muang Hak,Phayuha Hkiri,Nakhon Sawan
601005,60130,ยางขาว,พยุหะคีรี,นครสวรรค์,Yang Khao,Phayuha Hkiri,Nakhon Sawan
601006,60130,ย่านมัทรี,พยุหะคีรี,นครสวรรค์,Yan Matsi,Phayuha Hkiri,Nakhon Sawan
601007,60130,เขาทอง,พยุหะคีรี,นครสวรรค์,Khao Thong,Phayuha Hkiri,Nakhon Sawan
601008,60130,ท่าน้ำอ้อย,พยุหะคีรี,นครสวรรค์,Tha Nam Oi,Phayuha Hkiri,Nakhon Sawan
601009,60130,น้ำทรง,พยุหะคีรี,นครสวรรค์,Nam Song,Phayuha Hkiri,Nakhon Sawan
601010,60130,เขากะลา,พยุหะคีรี,นครสวรรค์,Khao Kala,Phayuha Hkiri,Nakhon Sawan
601011,60130,สระทะเล,พยุหะคีรี,นครสวรรค์,Sa Thale,Phayuha Hkiri,Nakhon Sawan
601101,60150,ลาดยาว,ลาดยาว,นครสวรรค์,Lat Yao,Lat Yao,Nakhon Sawan
601102,60150,ห้วยน้ำหอม,ลาดยาว,นครสวรรค์,Huai Nam Hom,Lat Yao,Nakhon Sawan
601103,60150,วังม้า,ลาดยาว,นครสวรรค์,Wang Ma,Lat Yao,Nakhon Sawan
601104,60150,วังเมือง,ลาดยาว,นครสวรรค์,Wang Mueang,Lat Yao,Nakhon Sawan
601105,60150,สร้อยละคร,ลาดยาว,นครสวรรค์,Soi Lakhon,Lat Yao,Nakhon Sawan
601106,60150,มาบแก,ลาดยาว,นครสวรรค์,Map Kae,Lat Yao,Nakhon Sawan
601107,60150,หนองยาว,ลาดยาว,นครสวรรค์,Nong Yao,Lat Yao,Nakhon Sawan
601108,60150,หนองนมวัว,ลาดยาว,นครสวรรค์,Nong Nom Wua,Lat Yao,Nakhon Sawan
601109,60150,บ้านไร่,ลาดยาว,นครสวรรค์,Ban Rai,Lat Yao,Nakhon Sawan
601110,60150,เนินขี้เหล็ก,ลาดยาว,นครสวรรค์,Noen Khi Lek,Lat Yao,Nakhon Sawan
601116,60150,ศาลเจ้าไก่ต่อ,ลาดยาว,นครสวรรค์,San Chao Kai To,Lat Yao,Nakhon Sawan
601117,60150,สระแก้ว,ลาดยาว,นครสวรรค์,Sa Kaeo,Lat Yao,Nakhon Sawan
601201,60190,ตากฟ้า,ตากฟ้า,นครสวรรค์,Tak Fa,Tak Fa,Nakhon Sawan
601202,60190,ลำพยนต์,ตากฟ้า,นครสวรรค์,Lam Phayon,Tak Fa,Nakhon Sawan
601203,60190,สุขสำราญ,ตากฟ้า,นครสวรรค์,Suk Samran,Tak Fa,Nakhon Sawan
601204,60190,หนองพิกุล,ตากฟ้า,นครสวรรค์,Nong Phikun,Tak Fa,Nakhon Sawan
601205,60190,พุนกยูง,ตากฟ้า,นครสวรรค์,Phu Nok Yung,Tak Fa,Nakhon Sawan
601206,60190,อุดมธัญญา,ตากฟ้า,นครสวรรค์,Udom Thanya,Tak Fa,Nakhon Sawan
601207,60190,เขาชายธง,ตากฟ้า,นครสวรรค์,Khao Chai Thong,Tak Fa,Nakhon Sawan
601301,60150,แม่วงก์,แม่วงก์,นครสวรรค์,Mae Wong,Mae Wong,Nakhon Sawan
601303,60150,แม่เล่ย์,แม่วงก์,นครสวรรค์,Mae Le,Mae Wong,Nakhon Sawan
601304,60150,วังซ่าน,แม่วงก์,นครสวรรค์,Wang San,Mae Wong,Nakhon Sawan
601305,60150,เขาชนกัน,แม่วงก์,นครสวรรค์,Khao Chon Kan,Mae Wong,Nakhon Sawan
601401,60150,แม่เปิน,แม่เปิน,นครสวรรค์,Mae Poen,Mae Pern,Nakhon Sawan
601501,60150,ชุมตาบง,ชุมตาบง,นครสวรรค์,Chum Ta Bong,Chum Ta Bong,Nakhon Sawan
601502,60150,ปางสวรรค์,ชุมตาบง,นครสวรรค์,Pang Sawan,Chum Ta Bong,Nakhon Sawan
610101,61000,อุทัยใหม่,เมืองอุทัยธานี,อุทัยธานี,Uthai Mai,Mueang Uthai Thani,Uthai Thani
610102,61000,น้ำซึม,เมืองอุทัยธานี,อุทัยธานี,Nam Suem,Mueang Uthai Thani,Uthai Thani
610103,61000,สะแกกรัง,เมืองอุทัยธานี,อุทัยธานี,Sakae Krang,Mueang Uthai Thani,Uthai Thani
610104,61000,ดอนขวาง,เมืองอุทัยธานี,อุทัยธานี,Don Khwang,Mueang Uthai Thani,Uthai Thani
610105,61000,หาดทนง,เมืองอุทัยธานี,อุทัยธานี,Hat Thanong,Mueang Uthai Thani,Uthai Thani
610106,61000,เกาะเทโพ,เมืองอุทัยธานี,อุทัยธานี,Ko Thepho,Mueang Uthai Thani,Uthai Thani
610107,61000,ท่าซุง,เมืองอุทัยธานี,อุทัยธานี,Tha Sung,Mueang Uthai Thani,Uthai Thani
610108,61000,หนองแก,เมืองอุทัยธานี,อุทัยธานี,Nong Kae,Mueang Uthai Thani,Uthai Thani
610109,61000,โนนเหล็ก,เมืองอุทัยธานี,อุทัยธานี,Non Lek,Mueang Uthai Thani,Uthai Thani
610110,61000,หนองเต่า,เมืองอุทัยธานี,อุทัยธานี,Nong Tao,Mueang Uthai Thani,Uthai Thani
610111,61000,หนองไผ่แบน,เมืองอุทัยธานี,อุทัยธานี,Nong Phai Baen,Mueang Uthai Thani,Uthai Thani
610112,61000,หนองพังค่า,เมืองอุทัยธานี,อุทัยธานี,Nong Phang Kha,Mueang Uthai Thani,Uthai Thani
610113,61000,ทุ่งใหญ่,เมืองอุทัยธานี,อุทัยธานี,Thung Yai,Mueang Uthai Thani,Uthai Thani
610114,61000,เนินแจง,เมืองอุทัยธานี,อุทัยธานี,Noen Chaeng,Mueang Uthai Thani,Uthai Thani
610201,61120,ทัพทัน,ทัพทัน,อุทัยธานี,Thapthan,Thap Than,Uthai Thani
610202,61120,ทุ่งนาไทย,ทัพทัน,อุทัยธานี,Thung Na Thai,Thap Than,Uthai Thani
610203,61120,เขาขี้ฝอย,ทัพทัน,อุทัยธานี,Khao Khi Foi,Thap Than,Uthai Thani
610204,61120,หนองหญ้าปล้อง,ทัพทัน,อุทัยธานี,Nong Ya Plong,Thap Than,Uthai Thani
610205,61120,โคกหม้อ,ทัพทัน,อุทัยธานี,Khok Mo,Thap Than,Uthai Thani
610206,61120,หนองยายดา,ทัพทัน,อุทัยธานี,Nong Yai Da,Thap Than,Uthai Thani
610207,61120,หนองกลางดง,ทัพทัน,อุทัยธานี,Nong Klang Dong,Thap Than,Uthai Thani
610208,61120,หนองกระทุ่ม,ทัพทัน,อุทัยธานี,Nong Krathum,Thap Than,Uthai Thani
610209,61120,หนองสระ,ทัพทัน,อุทัยธานี,Nong Sa,Thap Than,Uthai Thani
610210,61120,ตลุกดู่,ทัพทัน,อุทัยธานี,Taluk Duk,Thap Than,Uthai Thani
610301,61150,สว่างอารมณ์,สว่างอารมณ์,อุทัยธานี,Sawang Arom,Sawang Arom,Uthai Thani
610302,61150,หนองหลวง,สว่างอารมณ์,อุทัยธานี,Nong Luang,Sawang Arom,Uthai Thani
610303,61150,พลวงสองนาง,สว่างอารมณ์,อุทัยธานี,Phluang Song Nang,Sawang Arom,Uthai Thani
610304,61150,ไผ่เขียว,สว่างอารมณ์,อุทัยธานี,Phai Khiao,Sawang Arom,Uthai Thani
610305,61150,บ่อยาง,สว่างอารมณ์,อุทัยธานี,Bo Yang,Sawang Arom,Uthai Thani
610401,61110,หนองฉาง,หนองฉาง,อุทัยธานี,Nong Chang,Nong Chang,Uthai Thani
610402,61110,หนองยาง,หนองฉาง,อุทัยธานี,Nong Yang,Nong Chang,Uthai Thani
610403,61110,หนองนางนวล,หนองฉาง,อุทัยธานี,Nong Nang Nuan,Nong Chang,Uthai Thani
610404,61110,หนองสรวง,หนองฉาง,อุทัยธานี,Nong Suang,Nong Chang,Uthai Thani
610405,61110,บ้านเก่า,หนองฉาง,อุทัยธานี,Ban Kao,Nong Chang,Uthai Thani
610406,61110,อุทัยเก่า,หนองฉาง,อุทัยธานี,Uthai Kao,Nong Chang,Uthai Thani
610407,61110,ทุ่งโพ,หนองฉาง,อุทัยธานี,Thung Pho,Nong Chang,Uthai Thani
610408,61110,ทุ่งพง,หนองฉาง,อุทัยธานี,Thung Phong,Nong Chang,Uthai Thani
610409,61170,เขาบางแกรก,หนองฉาง,อุทัยธานี,Khao Bang Kraek,Nong Chang,Uthai Thani
610410,61110,เขากวางทอง,หนองฉาง,อุทัยธานี,Khao Kwang Thong,Nong Chang,Uthai Thani
610501,61130,หนองขาหย่าง,หนองขาหย่าง,อุทัยธานี,Nong Kha Yang,Nong Khayang,Uthai Thani
610502,61130,หนองไผ่,หนองขาหย่าง,อุทัยธานี,Nong Phai,Nong Khayang,Uthai Thani
610503,61130,ดอนกลอย,หนองขาหย่าง,อุทัยธานี,Don Kloi,Nong Khayang,Uthai Thani
610504,61130,ห้วยรอบ,หนองขาหย่าง,อุทัยธานี,Huai Rop,Nong Khayang,Uthai Thani
610505,61130,ทุ่งพึ่ง,หนองขาหย่าง,อุทัยธานี,Thung Phueng,Nong Khayang,Uthai Thani
610506,61130,ท่าโพ,หนองขาหย่าง,อุทัยธานี,Tha Pho,Nong Khayang,Uthai Thani
610507,61130,หมกแถว,หนองขาหย่าง,อุทัยธานี,Mok Thaeo,Nong Khayang,Uthai Thani
610508,61130,หลุมเข้า,หนองขาหย่าง,อุทัยธานี,Lum Khao,Nong Khayang,Uthai Thani
610509,61130,ดงขวาง,หนองขาหย่าง,อุทัยธานี,Dong Khwang,Nong Khayang,Uthai Thani
610601,61140,บ้านไร่,บ้านไร่,อุทัยธานี,Ban Rai,Ban Rai,Uthai Thani
610602,61140,ทัพหลวง,บ้านไร่,อุทัยธานี,Thap Luang,Ban Rai,Uthai Thani
610603,61140,ห้วยแห้ง,บ้านไร่,อุทัยธานี,Huai Haeng,Ban Rai,Uthai Thani
610604,61140,คอกควาย,บ้านไร่,อุทัยธานี,Khok Khwai,Ban Rai,Uthai Thani
610605,61180,วังหิน,บ้านไร่,อุทัยธานี,Wang Hin,Ban Rai,Uthai Thani
610606,61180,เมืองการุ้ง,บ้านไร่,อุทัยธานี,Mueang Karung,Ban Rai,Uthai Thani
610607,61140,แก่นมะกรูด,บ้านไร่,อุทัยธานี,Kaen Makrut,Ban Rai,Uthai Thani
610609,61180,หนองจอก,บ้านไร่,อุทัยธานี,Nong Chok,Ban Rai,Uthai Thani
610610,61180,หูช้าง,บ้านไร่,อุทัยธานี,Hu Chang,Ban Rai,Uthai Thani
610611,61140,บ้านบึง,บ้านไร่,อุทัยธานี,Ban Bueng,Ban Rai,Uthai Thani
610612,61180,บ้านใหม่คลองเคียน,บ้านไร่,อุทัยธานี,Ban Mai Khlong Khian,Ban Rai,Uthai Thani
610613,61180,หนองบ่มกล้วย,บ้านไร่,อุทัยธานี,Nong Bom Kluai,Ban Rai,Uthai Thani
610614,61140,เจ้าวัด,บ้านไร่,อุทัยธานี,Chao Wat,Ban Rai,Uthai Thani
610701,61160,ลานสัก,ลานสัก,อุทัยธานี,Lan Sak,Lan Sak,Uthai Thani
610702,61160,ประดู่ยืน,ลานสัก,อุทัยธานี,Pradu Yuen,Lan Sak,Uthai Thani
610703,61160,ป่าอ้อ,ลานสัก,อุทัยธานี,Pa O,Lan Sak,Uthai Thani
610704,61160,ระบำ,ลานสัก,อุทัยธานี,Rabam,Lan Sak,Uthai Thani
610705,61160,น้ำรอบ,ลานสัก,อุทัยธานี,Nam Rop,Lan Sak,Uthai Thani
610706,61160,ทุ่งนางาม,ลานสัก,อุทัยธานี,Thung Na Ngam,Lan Sak,Uthai Thani
610801,61170,สุขฤทัย,ห้วยคต,อุทัยธานี,Suk Ruethai,Huai Khot,Uthai Thani
610802,61170,ทองหลาง,ห้วยคต,อุทัยธานี,Thong Lang,Huai Khot,Uthai Thani
610803,61170,ห้วยคต,ห้วยคต,อุทัยธานี,Huai Khot,Huai Khot,Uthai Thani
620101,62000,ในเมือง,เมืองกำแพงเพชร,กำแพงเพชร,Nai Mueang,Mueang Kamphaeng Phet,Kamphaeng Phet
620102,62160,ไตรตรึงษ์,เมืองกำแพงเพชร,กำแพงเพชร,Trai Trueng,Mueang Kamphaeng Phet,Kamphaeng Phet
620103,62000,อ่างทอง,เมืองกำแพงเพชร,กำแพงเพชร,Ang Thong,Mueang Kamphaeng Phet,Kamphaeng Phet
620104,62000,นาบ่อคำ,เมืองกำแพงเพชร,กำแพงเพชร,Na Bo Kham,Mueang Kamphaeng Phet,Kamphaeng Phet
620105,62000,นครชุม,เมืองกำแพงเพชร,กำแพงเพชร,Nakhon Chum,Mueang Kamphaeng Phet,Kamphaeng Phet
620106,62000,ทรงธรรม,เมืองกำแพงเพชร,กำแพงเพชร,Songtham,Mueang Kamphaeng Phet,Kamphaeng Phet
620107,62000,ลานดอกไม้,เมืองกำแพงเพชร,กำแพงเพชร,Lan Dokmai,Mueang Kamphaeng Phet,Kamphaeng Phet
620110,62000,หนองปลิง,เมืองกำแพงเพชร,กำแพงเพชร,Nong Pling,Mueang Kamphaeng Phet,Kamphaeng Phet
620111,62000,คณฑี,เมืองกำแพงเพชร,กำแพงเพชร,Kon Ti,Mueang Kamphaeng Phet,Kamphaeng Phet
620112,62000,นิคมทุ่งโพธิ์ทะเล,เมืองกำแพงเพชร,กำแพงเพชร,Nikhom Thung Pho Thale,Mueang Kamphaeng Phet,Kamphaeng Phet
620113,62000,เทพนคร,เมืองกำแพงเพชร,กำแพงเพชร,Thep Nakhon,Mueang Kamphaeng Phet,Kamphaeng Phet
620114,62000,วังทอง,เมืองกำแพงเพชร,กำแพงเพชร,Wang Thong,Mueang Kamphaeng Phet,Kamphaeng Phet
620115,62000,ท่าขุนราม,เมืองกำแพงเพชร,กำแพงเพชร,Tha Khun Ram,Mueang Kamphaeng Phet,Kamphaeng Phet
620117,62000,คลองแม่ลาย,เมืองกำแพงเพชร,กำแพงเพชร,Khlong Mae Lai,Mueang Kamphaeng Phet,Kamphaeng Phet
620118,62160,ธำมรงค์,เมืองกำแพงเพชร,กำแพงเพชร,Thammarong,Mueang Kamphaeng Phet,Kamphaeng Phet
620119,62000,สระแก้ว,เมืองกำแพงเพชร,กำแพงเพชร,Sa Kaeo,Mueang Kamphaeng Phet,Kamphaeng Phet
620201,62150,ไทรงาม,ไทรงาม,กำแพงเพชร,Sai Ngam,Sai Ngam,Kamphaeng Phet
620202,62150,หนองคล้า,ไทรงาม,กำแพงเพชร,Nong Khla,Sai Ngam,Kamphaeng Phet
620203,62150,หนองทอง,ไทรงาม,กำแพงเพชร,Nong Thong,Sai Ngam,Kamphaeng Phet
620204,62150,หนองไม้กอง,ไทรงาม,กำแพงเพชร,Nong Mai Kong,Sai Ngam,Kamphaeng Phet
620205,62150,มหาชัย,ไทรงาม,กำแพงเพชร,Mahachai,Sai Ngam,Kamphaeng Phet
620206,62150,พานทอง,ไทรงาม,กำแพงเพชร,Phan Thong,Sai Ngam,Kamphaeng Phet
620207,62150,หนองแม่แตง,ไทรงาม,กำแพงเพชร,Nong Mae Taeng,Sai Ngam,Kamphaeng Phet
620301,62180,คลองน้ำไหล,คลองลาน,กำแพงเพชร,Khlong Nam Lai,Khlong Lan,Kamphaeng Phet
620302,62180,โป่งน้ำร้อน,คลองลาน,กำแพงเพชร,Pong Nam Ron,Khlong Lan,Kamphaeng Phet
620303,62180,คลองลานพัฒนา,คลองลาน,กำแพงเพชร,Khlong Lan Phatthana,Khlong Lan,Kamphaeng Phet
620304,62180,สักงาม,คลองลาน,กำแพงเพชร,Sak Ngam,Khlong Lan,Kamphaeng Phet
620403,62130,ยางสูง,ขาณุวรลักษบุรี,กำแพงเพชร,Yang Sung,Khanu Woralaksaburi,Kamphaeng Phet
620404,62130,ป่าพุทรา,ขาณุวรลักษบุรี,กำแพงเพชร,Pa Phutsa,Khanu Woralaksaburi,Kamphaeng Phet
620405,62130,แสนตอ,ขาณุวรลักษบุรี,กำแพงเพชร,Saen To,Khanu Woralaksaburi,Kamphaeng Phet
620406,62140,สลกบาตร,ขาณุวรลักษบุรี,กำแพงเพชร,Salok Bat,Khanu Woralaksaburi,Kamphaeng Phet
620407,62140,บ่อถ้ำ,ขาณุวรลักษบุรี,กำแพงเพชร,Bo Tham,Khanu Woralaksaburi,Kamphaeng Phet
620408,62140,ดอนแตง,ขาณุวรลักษบุรี,กำแพงเพชร,Don Taeng,Khanu Woralaksaburi,Kamphaeng Phet
620409,62140,วังชะพลู,ขาณุวรลักษบุรี,กำแพงเพชร,Wang Chaphlu,Khanu Woralaksaburi,Kamphaeng Phet
620410,62140,โค้งไผ่,ขาณุวรลักษบุรี,กำแพงเพชร,Khong Phai,Khanu Woralaksaburi,Kamphaeng Phet
620411,62140,ปางมะค่า,ขาณุวรลักษบุรี,กำแพงเพชร,Pang Makha,Khanu Woralaksaburi,Kamphaeng Phet
620412,62140,วังหามแห,ขาณุวรลักษบุรี,กำแพงเพชร,Wang Ham Hae,Khanu Woralaksaburi,Kamphaeng Phet
620413,62130,เกาะตาล,ขาณุวรลักษบุรี,กำแพงเพชร,Ko Tan,Khanu Woralaksaburi,Kamphaeng Phet
620501,62120,คลองขลุง,คลองขลุง,กำแพงเพชร,Khlong Khlung,Khlong Khlung,Kamphaeng Phet
620502,62120,ท่ามะเขือ,คลองขลุง,กำแพงเพชร,Tha Makhuea,Khlong Khlung,Kamphaeng Phet
620504,62120,ท่าพุทรา,คลองขลุง,กำแพงเพชร,Tha Phutsa,Khlong Khlung,Kamphaeng Phet
620505,62120,แม่ลาด,คลองขลุง,กำแพงเพชร,Mae Lat,Khlong Khlung,Kamphaeng Phet
620506,62120,วังยาง,คลองขลุง,กำแพงเพชร,Wang Yang,Khlong Khlung,Kamphaeng Phet
620507,62120,วังแขม,คลองขลุง,กำแพงเพชร,Wang Khaem,Khlong Khlung,Kamphaeng Phet
620508,62120,หัวถนน,คลองขลุง,กำแพงเพชร,Hua Thanon,Khlong Khlung,Kamphaeng Phet
620509,62120,วังไทร,คลองขลุง,กำแพงเพชร,Wang Sai,Khlong Khlung,Kamphaeng Phet
620513,62120,วังบัว,คลองขลุง,กำแพงเพชร,Wang Bua,Khlong Khlung,Kamphaeng Phet
620516,62120,คลองสมบูรณ์,คลองขลุง,กำแพงเพชร,Khlong Sombun,Khlong Khlung,Kamphaeng Phet
620601,62110,พรานกระต่าย,พรานกระต่าย,กำแพงเพชร,Phran Kratai,Phran Kratai,Kamphaeng Phet
620602,62110,หนองหัววัว,พรานกระต่าย,กำแพงเพชร,Nong Hua Wua,Phran Kratai,Kamphaeng Phet
620603,62110,ท่าไม้,พรานกระต่าย,กำแพงเพชร,Tha Mai,Phran Kratai,Kamphaeng Phet
620604,62110,วังควง,พรานกระต่าย,กำแพงเพชร,Wang Khuang,Phran Kratai,Kamphaeng Phet
620605,62110,วังตะแบก,พรานกระต่าย,กำแพงเพชร,Wang Tabaek,Phran Kratai,Kamphaeng Phet
620606,62110,เขาคีริส,พรานกระต่าย,กำแพงเพชร,Khao Khirit,Phran Kratai,Kamphaeng Phet
620607,62110,คุยบ้านโอง,พรานกระต่าย,กำแพงเพชร,Khui Ban Ong,Phran Kratai,Kamphaeng Phet
620608,62110,คลองพิไกร,พรานกระต่าย,กำแพงเพชร,Khlong Phikrai,Phran Kratai,Kamphaeng Phet
620609,62110,ถ้ำกระต่ายทอง,พรานกระต่าย,กำแพงเพชร,Tham Kratai Thong,Phran Kratai,Kamphaeng Phet
620610,62110,ห้วยยั้ง,พรานกระต่าย,กำแพงเพชร,Huai Yang,Phran Kratai,Kamphaeng Phet
620701,62170,ลานกระบือ,ลานกระบือ,กำแพงเพชร,Lan Krabue,Lan Krabue,Kamphaeng Phet
620702,62170,ช่องลม,ลานกระบือ,กำแพงเพชร,Chong Lom,Lan Krabue,Kamphaeng Phet
620703,62170,หนองหลวง,ลานกระบือ,กำแพงเพชร,Nong Luang,Lan Krabue,Kamphaeng Phet
620704,62170,โนนพลวง,ลานกระบือ,กำแพงเพชร,Non Phluang,Lan Krabue,Kamphaeng Phet
620705,62170,ประชาสุขสันต์,ลานกระบือ,กำแพงเพชร,Pracha Suksan,Lan Krabue,Kamphaeng Phet
620706,62170,บึงทับแรต,ลานกระบือ,กำแพงเพชร,Bueng Thap Raet,Lan Krabue,Kamphaeng Phet
620707,62170,จันทิมา,ลานกระบือ,กำแพงเพชร,Chanthima,Lan Krabue,Kamphaeng Phet
620801,62190,ทุ่งทราย,ทรายทองวัฒนา,กำแพงเพชร,Thung Sai,Sai Thong Watthana,Kamphaeng Phet
620802,62190,ทุ่งทอง,ทรายทองวัฒนา,กำแพงเพชร,Thung Thong,Sai Thong Watthana,Kamphaeng Phet
620803,62190,ถาวรวัฒนา,ทรายทองวัฒนา,กำแพงเพชร,Thawon Watthana,Sai Thong Watthana,Kamphaeng Phet
620901,62120,โพธิ์ทอง,ปางศิลาทอง,กำแพงเพชร,Pho Thong,Pang Sila Thong,Kamphaeng Phet
620902,62120,หินดาต,ปางศิลาทอง,กำแพงเพชร,Hin Dat,Pang Sila Thong,Kamphaeng Phet
620903,62120,ปางตาไว,ปางศิลาทอง,กำแพงเพชร,Pang Ta Wai,Pang Sila Thong,Kamphaeng Phet
621001,62210,บึงสามัคคี,บึงสามัคคี,กำแพงเพชร,Bueng Samakkhi,Bueng Samakkhi,Kamphaeng Phet
621002,62210,วังชะโอน,บึงสามัคคี,กำแพงเพชร,Wang Cha-On,Bueng Samakkhi,Kamphaeng Phet
621003,62210,ระหาน,บึงสามัคคี,กำแพงเพชร,Rahan,Bueng Samakkhi,Kamphaeng Phet
621004,62210,เทพนิมิต,บึงสามัคคี,กำแพงเพชร,Thep Nimit,Bueng Samakkhi,Kamphaeng Phet
621101,62000,โกสัมพี,โกสัมพีนคร,กำแพงเพชร,Kosamphi,Kosamphi Nakhon,Kamphaeng Phet
621102,62000,เพชรชมภู,โกสัมพีนคร,กำแพงเพชร,Phet Chomphu,Kosamphi Nakhon,Kamphaeng Phet
621103,62000,ลานดอกไม้ตก,โกสัมพีนคร,กำแพงเพชร,Lan Dokmai Tok,Kosamphi Nakhon,Kamphaeng Phet
630101,63000,ระแหง,เมืองตาก,ตาก,Rahaeng,Mueang Tak,Tak
630102,63000,หนองหลวง,เมืองตาก,ตาก,Nong Luang,Mueang Tak,Tak
630103,63000,เชียงเงิน,เมืองตาก,ตาก,Chiang Ngoen,Mueang Tak,Tak
630104,63000,หัวเดียด,เมืองตาก,ตาก,Hua Diat,Mueang Tak,Tak
630105,63000,หนองบัวเหนือ,เมืองตาก,ตาก,Nong Bua Nuea,Mueang Tak,Tak
630106,63000,ไม้งาม,เมืองตาก,ตาก,Mai Ngam,Mueang Tak,Tak
630107,63000,โป่งแดง,เมืองตาก,ตาก,Pong Daeng,Mueang Tak,Tak
630108,63000,น้ำรึม,เมืองตาก,ตาก,Nam Ruem,Mueang Tak,Tak
630109,63000,วังหิน,เมืองตาก,ตาก,Wang Hin,Mueang Tak,Tak
630111,63000,แม่ท้อ,เมืองตาก,ตาก,Mae Tho,Mueang Tak,Tak
630112,63000,ป่ามะม่วง,เมืองตาก,ตาก,Pa Mamuang,Mueang Tak,Tak
630113,63000,หนองบัวใต้,เมืองตาก,ตาก,Nong Bua Tai,Mueang Tak,Tak
630114,63000,วังประจบ,เมืองตาก,ตาก,Wang Prachop,Mueang Tak,Tak
630115,63000,ตลุกกลางทุ่ง,เมืองตาก,ตาก,Taluk Klang Thung,Mueang Tak,Tak
630201,63120,ตากออก,บ้านตาก,ตาก,Tak Ok,Ban Tak,Tak
630202,63120,สมอโคน,บ้านตาก,ตาก,Samo Khon,Ban Tak,Tak
630203,63120,แม่สลิด,บ้านตาก,ตาก,Mae Salit,Ban Tak,Tak
630204,63120,ตากตก,บ้านตาก,ตาก,Tak Tok,Ban Tak,Tak
630205,63120,เกาะตะเภา,บ้านตาก,ตาก,Ko Taphao,Ban Tak,Tak
630206,63120,ทุ่งกระเชาะ,บ้านตาก,ตาก,Thung Kracho,Ban Tak,Tak
630207,63120,ท้องฟ้า,บ้านตาก,ตาก,Thong Fa,Ban Tak,Tak
630301,63130,สามเงา,สามเงา,ตาก,Sam Ngao,Sam Ngao,Tak
630302,63130,วังหมัน,สามเงา,ตาก,Wang Man,Sam Ngao,Tak
630303,63130,ยกกระบัตร,สามเงา,ตาก,Yok Krabat,Sam Ngao,Tak
630304,63130,ย่านรี,สามเงา,ตาก,Yan Ri,Sam Ngao,Tak
630305,63130,บ้านนา,สามเงา,ตาก,Ban Na,Sam Ngao,Tak
630306,63130,วังจันทร์,สามเงา,ตาก,Wang Chan,Sam Ngao,Tak
630401,63140,แม่ระมาด,แม่ระมาด,ตาก,Mae Ramat,Mae Ramat,Tak
630402,63140,แม่จะเรา,แม่ระมาด,ตาก,Mae Charao,Mae Ramat,Tak
630403,63140,ขะเนจื้อ,แม่ระมาด,ตาก,Khane Chue,Mae Ramat,Tak
630404,63140,แม่ตื่น,แม่ระมาด,ตาก,Mae Tuen,Mae Ramat,Tak
630405,63140,สามหมื่น,แม่ระมาด,ตาก,Sam Muen,Mae Ramat,Tak
630406,63140,พระธาตุ,แม่ระมาด,ตาก,Phrathat,Mae Ramat,Tak
630501,63150,ท่าสองยาง,ท่าสองยาง,ตาก,Tha Song Yang,Tha Song Yang,Tak
630502,63150,แม่ต้าน,ท่าสองยาง,ตาก,Mae Tan,Tha Song Yang,Tak
630503,63150,แม่สอง,ท่าสองยาง,ตาก,Mae Song,Tha Song Yang,Tak
630504,63150,แม่หละ,ท่าสองยาง,ตาก,Mae La,Tha Song Yang,Tak
630505,63150,แม่วะหลวง,ท่าสองยาง,ตาก,Mae Wa Luang,Tha Song Yang,Tak
630506,63150,แม่อุสุ,ท่าสองยาง,ตาก,Mae Usu,Tha Song Yang,Tak
630601,63110,แม่สอด,แม่สอด,ตาก,Mae Sot,Mae Sot,Tak
630602,63110,แม่กุ,แม่สอด,ตาก,Mae Ku,Mae Sot,Tak
630603,63110,พะวอ,แม่สอด,ตาก,Phawo,Mae Sot,Tak
630604,63110,แม่ตาว,แม่สอด,ตาก,Mae Tao,Mae Sot,Tak
630605,63110,แม่กาษา,แม่สอด,ตาก,Mae Kasa,Mae Sot,Tak
630606,63110,ท่าสายลวด,แม่สอด,ตาก,Tha Sai Luat,Mae Sot,Tak
630607,63110,แม่ปะ,แม่สอด,ตาก,Mae Pa,Mae Sot,Tak
630608,63110,มหาวัน,แม่สอด,ตาก,Mahawan,Mae Sot,Tak
630609,63110,ด่านแม่ละเมา,แม่สอด,ตาก,Dan Mae Lamao,Mae Sot,Tak
630610,63110,พระธาตุผาแดง,แม่สอด,ตาก,Phrathat Pha Daeng,Mae Sot,Tak
630701,63160,พบพระ,พบพระ,ตาก,Phop Phra,Phop Phra,Tak
630702,63160,ช่องแคบ,พบพระ,ตาก,Chong Khaep,Phop Phra,Tak
630703,63160,คีรีราษฎร์,พบพระ,ตาก,Khiri Rat,Phop Phra,Tak
630704,63160,วาเล่ย์,พบพระ,ตาก,Wale,Phop Phra,Tak
630705,63160,รวมไทยพัฒนา,พบพระ,ตาก,Ruam Thai Phatthana,Phop Phra,Tak
630801,63170,อุ้มผาง,อุ้มผาง,ตาก,Um Phang,Um Phang,Tak
630802,63170,หนองหลวง,อุ้มผาง,ตาก,Nong Luang,Um Phang,Tak
630803,63170,โมโกร,อุ้มผาง,ตาก,Mo Kro,Um Phang,Tak
630804,63170,แม่จัน,อุ้มผาง,ตาก,Mae Chan,Um Phang,Tak
630805,63170,แม่ละมุ้ง,อุ้มผาง,ตาก,Mae Lamung,Um Phang,Tak
630806,63170,แม่กลอง,อุ้มผาง,ตาก,Mae Klong,Um Phang,Tak
630901,63000,เชียงทอง,วังเจ้า,ตาก,Chiang Thong,Wang Chao,Tak
630902,63000,นาโบสถ์,วังเจ้า,ตาก,Na Bot,Wang Chao,Tak
630903,63000,ประดาง,วังเจ้า,ตาก,Pradang,Wang Chao,Tak
640101,64000,ธานี,เมืองสุโขทัย,สุโขทัย,Thani,Mueang Sukhothai,Sukhothai
640102,64220,บ้านสวน,เมืองสุโขทัย,สุโขทัย,Ban Suan,Mueang Sukhothai,Sukhothai
640103,64210,เมืองเก่า,เมืองสุโขทัย,สุโขทัย,Mueang Kao,Mueang Sukhothai,Sukhothai
640104,64000,ปากแคว,เมืองสุโขทัย,สุโขทัย,Pak Khwae,Mueang Sukhothai,Sukhothai
640105,64000,ยางซ้าย,เมืองสุโขทัย,สุโขทัย,Yang Sai,Mueang Sukhothai,Sukhothai
640106,64000,บ้านกล้วย,เมืองสุโขทัย,สุโขทัย,Ban Kluai,Mueang Sukhothai,Sukhothai
640107,64000,บ้านหลุม,เมืองสุโขทัย,สุโขทัย,Ban Lum,Mueang Sukhothai,Sukhothai
640108,64220,ตาลเตี้ย,เมืองสุโขทัย,สุโขทัย,Tan Tia,Mueang Sukhothai,Sukhothai
640109,64000,ปากพระ,เมืองสุโขทัย,สุโขทัย,Pak Phra,Mueang Sukhothai,Sukhothai
640110,64210,วังทองแดง,เมืองสุโขทัย,สุโขทัย,Wang Thong Daeng,Mueang Sukhothai,Sukhothai
640201,64140,ลานหอย,บ้านด่านลานหอย,สุโขทัย,Lan Hoi,Ban Dan Lan Hoi,Sukhothai
640202,64140,บ้านด่าน,บ้านด่านลานหอย,สุโขทัย,Ban Dan,Ban Dan Lan Hoi,Sukhothai
640203,64140,วังตะคร้อ,บ้านด่านลานหอย,สุโขทัย,Wang Takhro,Ban Dan Lan Hoi,Sukhothai
640204,64140,วังน้ำขาว,บ้านด่านลานหอย,สุโขทัย,Wang Nam Khao,Ban Dan Lan Hoi,Sukhothai
640205,64140,ตลิ่งชัน,บ้านด่านลานหอย,สุโขทัย,Taling Chan,Ban Dan Lan Hoi,Sukhothai
640206,64140,หนองหญ้าปล้อง,บ้านด่านลานหอย,สุโขทัย,Nong Ya Plong,Ban Dan Lan Hoi,Sukhothai
640207,64140,วังลึก,บ้านด่านลานหอย,สุโขทัย,Wang Luek,Ban Dan Lan Hoi,Sukhothai
640301,64160,โตนด,คีรีมาศ,สุโขทัย,Tanot,Khiri Mat,Sukhothai
640302,64160,ทุ่งหลวง,คีรีมาศ,สุโขทัย,Thung Luang,Khiri Mat,Sukhothai
640303,64160,บ้านป้อม,คีรีมาศ,สุโขทัย,Ban Pom,Khiri Mat,Sukhothai
640304,64160,สามพวง,คีรีมาศ,สุโขทัย,Sam Phuang,Khiri Mat,Sukhothai
640305,64160,ศรีคีรีมาศ,คีรีมาศ,สุโขทัย,Si Khiri Mat,Khiri Mat,Sukhothai
640306,64160,หนองจิก,คีรีมาศ,สุโขทัย,Nong Chik,Khiri Mat,Sukhothai
640307,64160,นาเชิงคีรี,คีรีมาศ,สุโขทัย,Na Choeng Khiri,Khiri Mat,Sukhothai
640308,64160,หนองกระดิ่ง,คีรีมาศ,สุโขทัย,Nong Krading,Khiri Mat,Sukhothai
640309,64160,บ้านน้ำพุ,คีรีมาศ,สุโขทัย,Ban Namphu,Khiri Mat,Sukhothai
640310,64160,ทุ่งยางเมือง,คีรีมาศ,สุโขทัย,Thung Yang Mueang,Khiri Mat,Sukhothai
640401,64170,กง,กงไกรลาศ,สุโขทัย,Kong,Kong Krailat,Sukhothai
640402,64170,บ้านกร่าง,กงไกรลาศ,สุโขทัย,Ban Krang,Kong Krailat,Sukhothai
640403,64170,ไกรนอก,กงไกรลาศ,สุโขทัย,Krai Nok,Kong Krailat,Sukhothai
640404,64170,ไกรกลาง,กงไกรลาศ,สุโขทัย,Krai Klang,Kong Krailat,Sukhothai
640405,64170,ไกรใน,กงไกรลาศ,สุโขทัย,Krai Nai,Kong Krailat,Sukhothai
640406,64170,ดงเดือย,กงไกรลาศ,สุโขทัย,Dong Dueai,Kong Krailat,Sukhothai
640407,64170,ป่าแฝก,กงไกรลาศ,สุโขทัย,Pa Faek,Kong Krailat,Sukhothai
640408,64170,กกแรต,กงไกรลาศ,สุโขทัย,Kok Raet,Kong Krailat,Sukhothai
640409,64170,ท่าฉนวน,กงไกรลาศ,สุโขทัย,Tha Chanuan,Kong Krailat,Sukhothai
640410,64170,หนองตูม,กงไกรลาศ,สุโขทัย,Nong Tum,Kong Krailat,Sukhothai
640411,64170,บ้านใหม่สุขเกษม,กงไกรลาศ,สุโขทัย,Ban Mai Suk Kasem,Kong Krailat,Sukhothai
640501,64130,หาดเสี้ยว,ศรีสัชนาลัย,สุโขทัย,Hat Siao,Si Satchanalai,Sukhothai
640502,64130,ป่างิ้ว,ศรีสัชนาลัย,สุโขทัย,Pa Ngio,Si Satchanalai,Sukhothai
640503,64130,แม่สำ,ศรีสัชนาลัย,สุโขทัย,Mae Sam,Si Satchanalai,Sukhothai
640504,64130,แม่สิน,ศรีสัชนาลัย,สุโขทัย,Mae Sin,Si Satchanalai,Sukhothai
640505,64130,บ้านตึก,ศรีสัชนาลัย,สุโขทัย,Ban Tuek,Si Satchanalai,Sukhothai
640506,64130,หนองอ้อ,ศรีสัชนาลัย,สุโขทัย,Nong O,Si Satchanalai,Sukhothai
640507,64190,ท่าชัย,ศรีสัชนาลัย,สุโขทัย,Tha Chai,Si Satchanalai,Sukhothai
640508,64190,ศรีสัชนาลัย,ศรีสัชนาลัย,สุโขทัย,Si Satchanalai,Si Satchanalai,Sukhothai
640509,64130,ดงคู่,ศรีสัชนาลัย,สุโขทัย,Dong Khu,Si Satchanalai,Sukhothai
640510,64130,บ้านแก่ง,ศรีสัชนาลัย,สุโขทัย,Ban Kaeng,Si Satchanalai,Sukhothai
640511,64130,สารจิตร,ศรีสัชนาลัย,สุโขทัย,Sarachit,Si Satchanalai,Sukhothai
640601,64120,คลองตาล,ศรีสำโรง,สุโขทัย,Khlong Tan,Si Samrong,Sukhothai
640602,64120,วังลึก,ศรีสำโรง,สุโขทัย,Wang Luek,Si Samrong,Sukhothai
640603,64120,สามเรือน,ศรีสำโรง,สุโขทัย,Sam Ruean,Si Samrong,Sukhothai
640604,64120,บ้านนา,ศรีสำโรง,สุโขทัย,Ban Na,Si Samrong,Sukhothai
640605,64120,วังทอง,ศรีสำโรง,สุโขทัย,Wang Thong,Si Samrong,Sukhothai
640606,64120,นาขุนไกร,ศรีสำโรง,สุโขทัย,Na Khun Krai,Si Samrong,Sukhothai
640607,64120,เกาะตาเลี้ยง,ศรีสำโรง,สุโขทัย,Ko Ta Liang,Si Samrong,Sukhothai
640608,64120,วัดเกาะ,ศรีสำโรง,สุโขทัย,Wat Ko,Si Samrong,Sukhothai
640609,64120,บ้านไร่,ศรีสำโรง,สุโขทัย,Ban Rai,Si Samrong,Sukhothai
640610,64120,ทับผึ้ง,ศรีสำโรง,สุโขทัย,Thap Phueng,Si Samrong,Sukhothai
640611,64120,บ้านซ่าน,ศรีสำโรง,สุโขทัย,Ban San,Si Samrong,Sukhothai
640612,64120,วังใหญ่,ศรีสำโรง,สุโขทัย,Wang Yai,Si Samrong,Sukhothai
640613,64120,ราวต้นจันทร์,ศรีสำโรง,สุโขทัย,Rao Ton Chan,Si Samrong,Sukhothai
640701,64110,เมืองสวรรคโลก,สวรรคโลก,สุโขทัย,Mueang Sawankhalok,Sawankhalok,Sukhothai
640702,64110,ในเมือง,สวรรคโลก,สุโขทัย,Nai Mueang,Sawankhalok,Sukhothai
640703,64110,คลองกระจง,สวรรคโลก,สุโขทัย,Khlong Krachong,Sawankhalok,Sukhothai
640704,64110,วังพิณพาทย์,สวรรคโลก,สุโขทัย,Wang Phin Phat,Sawankhalok,Sukhothai
640705,64110,วังไม้ขอน,สวรรคโลก,สุโขทัย,Wang Mai Khon,Sawankhalok,Sukhothai
640706,64110,ย่านยาว,สวรรคโลก,สุโขทัย,Yan Yao,Sawankhalok,Sukhothai
640707,64110,นาทุ่ง,สวรรคโลก,สุโขทัย,Na Thung,Sawankhalok,Sukhothai
640708,64110,คลองยาง,สวรรคโลก,สุโขทัย,Khlong Yang,Sawankhalok,Sukhothai
640709,64110,เมืองบางยม,สวรรคโลก,สุโขทัย,Mueang Bang Yom,Sawankhalok,Sukhothai
640710,64110,ท่าทอง,สวรรคโลก,สุโขทัย,Tha Thong,Sawankhalok,Sukhothai
640711,64110,ปากน้ำ,สวรรคโลก,สุโขทัย,Pak Nam,Sawankhalok,Sukhothai
640712,64110,ป่ากุมเกาะ,สวรรคโลก,สุโขทัย,Pa Kum Ko,Sawankhalok,Sukhothai
640713,64110,เมืองบางขลัง,สวรรคโลก,สุโขทัย,Mueang Bang Khlang,Sawankhalok,Sukhothai
640714,64110,หนองกลับ,สวรรคโลก,สุโขทัย,Nong Klap,Sawankhalok,Sukhothai
640801,64180,ศรีนคร,ศรีนคร,สุโขทัย,Si Nakhon,Si Nakhon,Sukhothai
640802,64180,นครเดิฐ,ศรีนคร,สุโขทัย,Nakhon Doet,Si Nakhon,Sukhothai
640803,64180,น้ำขุม,ศรีนคร,สุโขทัย,Nam Khum,Si Nakhon,Sukhothai
640804,64180,คลองมะพลับ,ศรีนคร,สุโขทัย,Khlong Maphlap,Si Nakhon,Sukhothai
640805,64180,หนองบัว,ศรีนคร,สุโขทัย,Nong Bua,Si Nakhon,Sukhothai
640901,64230,บ้านใหม่ไชยมงคล,ทุ่งเสลี่ยม,สุโขทัย,Ban Mai Chai Mongkhon,Thung Saliam,Sukhothai
640902,64150,ไทยชนะศึก,ทุ่งเสลี่ยม,สุโขทัย,Thai Chana Suek,Thung Saliam,Sukhothai
640903,64150,ทุ่งเสลี่ยม,ทุ่งเสลี่ยม,สุโขทัย,Thung Saliam,Thung Saliam,Sukhothai
640904,64150,กลางดง,ทุ่งเสลี่ยม,สุโขทัย,Klang Dong,Thung Saliam,Sukhothai
640905,64230,เขาแก้วศรีสมบูรณ์,ทุ่งเสลี่ยม,สุโขทัย,Khao Kaeo Si Sombun,Thung Saliam,Sukhothai
650101,65000,ในเมือง,เมืองพิษณุโลก,พิษณุโลก,Nai Mueang,Mueang Phitsanulok,Phitsanulok
650102,65230,วังน้ำคู้,เมืองพิษณุโลก,พิษณุโลก,Wang Nam Khu,Mueang Phitsanulok,Phitsanulok
650103,65000,วัดจันทร์,เมืองพิษณุโลก,พิษณุโลก,Wat Chan,Mueang Phitsanulok,Phitsanulok
650104,65230,วัดพริก,เมืองพิษณุโลก,พิษณุโลก,Wat Phrik,Mueang Phitsanulok,Phitsanulok
650105,65000,ท่าทอง,เมืองพิษณุโลก,พิษณุโลก,Tha Thong,Mueang Phitsanulok,Phitsanulok
650106,65000,ท่าโพธิ์,เมืองพิษณุโลก,พิษณุโลก,Tha Pho,Mueang Phitsanulok,Phitsanulok
650107,65000,สมอแข,เมืองพิษณุโลก,พิษณุโลก,Samo Khae,Mueang Phitsanulok,Phitsanulok
650108,65000,ดอนทอง,เมืองพิษณุโลก,พิษณุโลก,Don Thong,Mueang Phitsanulok,Phitsanulok
650109,65000,บ้านป่า,เมืองพิษณุโลก,พิษณุโลก,Ban Pa,Mueang Phitsanulok,Phitsanulok
650110,65000,ปากโทก,เมืองพิษณุโลก,พิษณุโลก,Pak Thok,Mueang Phitsanulok,Phitsanulok
650111,65000,หัวรอ,เมืองพิษณุโลก,พิษณุโลก,Hua Ro,Mueang Phitsanulok,Phitsanulok
650112,65000,จอมทอง,เมืองพิษณุโลก,พิษณุโลก,Chom Thong,Mueang Phitsanulok,Phitsanulok
650113,65000,บ้านกร่าง,เมืองพิษณุโลก,พิษณุโลก,Ban Krang,Mueang Phitsanulok,Phitsanulok
650114,65000,บ้านคลอง,เมืองพิษณุโลก,พิษณุโลก,Ban Khlong,Mueang Phitsanulok,Phitsanulok
650115,65000,พลายชุมพล,เมืองพิษณุโลก,พิษณุโลก,Phlai Chumphon,Mueang Phitsanulok,Phitsanulok
650116,65000,มะขามสูง,เมืองพิษณุโลก,พิษณุโลก,Makham Sung,Mueang Phitsanulok,Phitsanulok
650117,65000,อรัญญิก,เมืองพิษณุโลก,พิษณุโลก,Aranyik,Mueang Phitsanulok,Phitsanulok
650118,65000,บึงพระ,เมืองพิษณุโลก,พิษณุโลก,Bueng Phra,Mueang Phitsanulok,Phitsanulok
650119,65000,ไผ่ขอดอน,เมืองพิษณุโลก,พิษณุโลก,Phai Kho Don,Mueang Phitsanulok,Phitsanulok
650120,65230,งิ้วงาม,เมืองพิษณุโลก,พิษณุโลก,Ngio Ngam,Mueang Phitsanulok,Phitsanulok
650201,65120,นครไทย,นครไทย,พิษณุโลก,Nakhon Thai,Nakhon Thai,Phitsanulok
650202,65120,หนองกะท้าว,นครไทย,พิษณุโลก,Nong Kathao,Nakhon Thai,Phitsanulok
650203,65120,บ้านแยง,นครไทย,พิษณุโลก,Ban Yaeng,Nakhon Thai,Phitsanulok
650204,65120,เนินเพิ่ม,นครไทย,พิษณุโลก,Noen Phoem,Nakhon Thai,Phitsanulok
650205,65120,นาบัว,นครไทย,พิษณุโลก,Na Bua,Nakhon Thai,Phitsanulok
650206,65120,นครชุม,นครไทย,พิษณุโลก,Nakhon Chum,Nakhon Thai,Phitsanulok
650207,65120,น้ำกุ่ม,นครไทย,พิษณุโลก,Nam Kum,Nakhon Thai,Phitsanulok
650208,65120,ยางโกลน,นครไทย,พิษณุโลก,Yang Klon,Nakhon Thai,Phitsanulok
650209,65120,บ่อโพธิ์,นครไทย,พิษณุโลก,Bo Pho,Nakhon Thai,Phitsanulok
650210,65120,บ้านพร้าว,นครไทย,พิษณุโลก,Ban Phrao,Nakhon Thai,Phitsanulok
650211,65120,ห้วยเฮี้ย,นครไทย,พิษณุโลก,Huai Hia,Nakhon Thai,Phitsanulok
650301,65170,ป่าแดง,ชาติตระการ,พิษณุโลก,Pa Daeng,Chat Trakan,Phitsanulok
650302,65170,ชาติตระการ,ชาติตระการ,พิษณุโลก,Chat Trakan,Chat Trakan,Phitsanulok
650303,65170,สวนเมี่ยง,ชาติตระการ,พิษณุโลก,Suan Miang,Chat Trakan,Phitsanulok
650304,65170,บ้านดง,ชาติตระการ,พิษณุโลก,Ban Dong,Chat Trakan,Phitsanulok
650305,65170,บ่อภาค,ชาติตระการ,พิษณุโลก,Bo Phak,Chat Trakan,Phitsanulok
650306,65170,ท่าสะแก,ชาติตระการ,พิษณุโลก,Tha Sakae,Chat Trakan,Phitsanulok
650401,65140,บางระกำ,บางระกำ,พิษณุโลก,Bang Rakam,Bang Rakam,Phitsanulok
650402,65140,ปลักแรด,บางระกำ,พิษณุโลก,Plak Raet,Bang Rakam,Phitsanulok
650403,65140,พันเสา,บางระกำ,พิษณุโลก,Phan Sao,Bang Rakam,Phitsanulok
650404,65140,วังอิทก,บางระกำ,พิษณุโลก,Wang I Thok,Bang Rakam,Phitsanulok
650405,65140,บึงกอก,บางระกำ,พิษณุโลก,Bueng Kok,Bang Rakam,Phitsanulok
650406,65140,หนองกุลา,บางระกำ,พิษณุโลก,Nong Kula,Bang Rakam,Phitsanulok
650407,65240,ชุมแสงสงคราม,บางระกำ,พิษณุโลก,Chum Saeng Songkhram,Bang Rakam,Phitsanulok
650408,65140,นิคมพัฒนา,บางระกำ,พิษณุโลก,Nikhom Phatthana,Bang Rakam,Phitsanulok
650409,65140,บ่อทอง,บางระกำ,พิษณุโลก,Bo Thong,Bang Rakam,Phitsanulok
650410,65140,ท่านางงาม,บางระกำ,พิษณุโลก,Tha Nang Ngam,Bang Rakam,Phitsanulok
650411,65240,คุยม่วง,บางระกำ,พิษณุโลก,Khui Muang,Bang Rakam,Phitsanulok
650501,65110,บางกระทุ่ม,บางกระทุ่ม,พิษณุโลก,Bang Krathum,Bang Krathum,Phitsanulok
650502,65110,บ้านไร่,บางกระทุ่ม,พิษณุโลก,Ban Rai,Bang Krathum,Phitsanulok
650503,65110,โคกสลุด,บางกระทุ่ม,พิษณุโลก,Khok Salut,Bang Krathum,Phitsanulok
650504,65110,สนามคลี,บางกระทุ่ม,พิษณุโลก,Sanam Khli,Bang Krathum,Phitsanulok
650505,65110,ท่าตาล,บางกระทุ่ม,พิษณุโลก,Tha Tan,Bang Krathum,Phitsanulok
650506,65110,ไผ่ล้อม,บางกระทุ่ม,พิษณุโลก,Phai Lom,Bang Krathum,Phitsanulok
650507,65110,นครป่าหมาก,บางกระทุ่ม,พิษณุโลก,Nakhon Pa Mak,Bang Krathum,Phitsanulok
650508,65210,เนินกุ่ม,บางกระทุ่ม,พิษณุโลก,Noen Kum,Bang Krathum,Phitsanulok
650509,65210,วัดตายม,บางกระทุ่ม,พิษณุโลก,Wat Ta Yom,Bang Krathum,Phitsanulok
650601,65150,พรหมพิราม,พรหมพิราม,พิษณุโลก,Phrom Phiram,Phrom Phiram,Phitsanulok
650602,65150,ท่าช้าง,พรหมพิราม,พิษณุโลก,Tha Chang,Phrom Phiram,Phitsanulok
650603,65180,วงฆ้อง,พรหมพิราม,พิษณุโลก,Wong Khong,Phrom Phiram,Phitsanulok
650604,65150,มะตูม,พรหมพิราม,พิษณุโลก,Matum,Phrom Phiram,Phitsanulok
650605,65150,หอกลอง,พรหมพิราม,พิษณุโลก,Ho Klong,Phrom Phiram,Phitsanulok
650606,65180,ศรีภิรมย์,พรหมพิราม,พิษณุโลก,Si Phirom,Phrom Phiram,Phitsanulok
650607,65180,ตลุกเทียม,พรหมพิราม,พิษณุโลก,Taluk Thiam,Phrom Phiram,Phitsanulok
650608,65150,วังวน,พรหมพิราม,พิษณุโลก,Wang Won,Phrom Phiram,Phitsanulok
650609,65150,หนองแขม,พรหมพิราม,พิษณุโลก,Nong Khaem,Phrom Phiram,Phitsanulok
650610,65180,มะต้อง,พรหมพิราม,พิษณุโลก,Matong,Phrom Phiram,Phitsanulok
650611,65150,ทับยายเชียง,พรหมพิราม,พิษณุโลก,Thap Yai Chiang,Phrom Phiram,Phitsanulok
650612,65180,ดงประคำ,พรหมพิราม,พิษณุโลก,Dong Prakham,Phrom Phiram,Phitsanulok
650701,65160,วัดโบสถ์,วัดโบสถ์,พิษณุโลก,Wat Bot,Wat Bot,Phitsanulok
650702,65160,ท่างาม,วัดโบสถ์,พิษณุโลก,Tha Ngam,Wat Bot,Phitsanulok
650703,65160,ท้อแท้,วัดโบสถ์,พิษณุโลก,Tho Thae,Wat Bot,Phitsanulok
650704,65160,บ้านยาง,วัดโบสถ์,พิษณุโลก,Ban Yang,Wat Bot,Phitsanulok
650705,65160,หินลาด,วัดโบสถ์,พิษณุโลก,Hin Lat,Wat Bot,Phitsanulok
650706,65160,คันโช้ง,วัดโบสถ์,พิษณุโลก,Khan Chong,Wat Bot,Phitsanulok
650801,65130,วังทอง,วังทอง,พิษณุโลก,Wang Thong,Wang Thong,Phitsanulok
650802,65130,พันชาลี,วังทอง,พิษณุโลก,Phan Chali,Wang Thong,Phitsanulok
650803,65130,แม่ระกา,วังทอง,พิษณุโลก,Mae Raka,Wang Thong,Phitsanulok
650804,65220,บ้านกลาง,วังทอง,พิษณุโลก,Ban Klang,Wang Thong,Phitsanulok
650805,65130,วังพิกุล,วังทอง,พิษณุโลก,Wang Phikun,Wang Thong,Phitsanulok
650806,65220,แก่งโสภา,วังทอง,พิษณุโลก,Kaeng Sopha,Wang Thong,Phitsanulok
650807,65130,ท่าหมื่นราม,วังทอง,พิษณุโลก,Tha Muen Ram,Wang Thong,Phitsanulok
650808,65130,วังนกแอ่น,วังทอง,พิษณุโลก,Wang Nok Aen,Wang Thong,Phitsanulok
650809,65130,หนองพระ,วังทอง,พิษณุโลก,Nong Phra,Wang Thong,Phitsanulok
650810,65130,ชัยนาม,วังทอง,พิษณุโลก,Chai Nam,Wang Thong,Phitsanulok
650811,65130,ดินทอง,วังทอง,พิษณุโลก,Din Thong,Wang Thong,Phitsanulok
650901,65190,ชมพู,เนินมะปราง,พิษณุโลก,Chomphu,Noen Maprang,Phitsanulok
650902,65190,บ้านมุง,เนินมะปราง,พิษณุโลก,Ban Mung,Noen Maprang,Phitsanulok
650903,65190,ไทรย้อย,เนินมะปราง,พิษณุโลก,Sai Yoi,Noen Maprang,Phitsanulok
650904,65190,วังโพรง,เนินมะปราง,พิษณุโลก,Wang Phrong,Noen Maprang,Phitsanulok
650905,65190,บ้านน้อยซุ้มขี้เหล็ก,เนินมะปราง,พิษณุโลก,Ban Noi Sum Khi Lek,Noen Maprang,Phitsanulok
650906,65190,เนินมะปราง,เนินมะปราง,พิษณุโลก,Noen Maprang,Noen Maprang,Phitsanulok
650907,65190,วังยาง,เนินมะปราง,พิษณุโลก,Wang Yang,Noen Maprang,Phitsanulok
660101,66000,ในเมือง,เมืองพิจิตร,พิจิตร,Nai Mueang,Mueang Phichit,Phichit
660102,66000,ไผ่ขวาง,เมืองพิจิตร,พิจิตร,Phai Khwang,Mueang Phichit,Phichit
660103,66000,ย่านยาว,เมืองพิจิตร,พิจิตร,Yan Yao,Mueang Phichit,Phichit
660104,66000,ท่าฬ่อ,เมืองพิจิตร,พิจิตร,Tha Lo,Mueang Phichit,Phichit
660105,66000,ปากทาง,เมืองพิจิตร,พิจิตร,Pak Thang,Mueang Phichit,Phichit
660106,66000,คลองคะเชนทร์,เมืองพิจิตร,พิจิตร,Khlong Khachen,Mueang Phichit,Phichit
660107,66000,โรงช้าง,เมืองพิจิตร,พิจิตร,Rong Chang,Mueang Phichit,Phichit
660108,66000,เมืองเก่า,เมืองพิจิตร,พิจิตร,Mueang Kao,Mueang Phichit,Phichit
660109,66000,ท่าหลวง,เมืองพิจิตร,พิจิตร,Tha Luang,Mueang Phichit,Phichit
660110,66000,บ้านบุ่ง,เมืองพิจิตร,พิจิตร,Ban Bung,Mueang Phichit,Phichit
660111,66000,ฆะมัง,เมืองพิจิตร,พิจิตร,Kha Mang,Mueang Phichit,Phichit
660112,66170,ดงป่าคำ,เมืองพิจิตร,พิจิตร,Dong Pa Kham,Mueang Phichit,Phichit
660113,66170,หัวดง,เมืองพิจิตร,พิจิตร,Hua Dong,Mueang Phichit,Phichit
660115,66000,ป่ามะคาบ,เมืองพิจิตร,พิจิตร,Pa Makhap,Mueang Phichit,Phichit
660119,66000,สายคำโห้,เมืองพิจิตร,พิจิตร,Sai Kham Ho,Mueang Phichit,Phichit
660120,66170,ดงกลาง,เมืองพิจิตร,พิจิตร,Dong Klang,Mueang Phichit,Phichit
660201,66180,วังทรายพูน,วังทรายพูน,พิจิตร,Wang Sai Phun,Wang Sai Phun,Phichit
660202,66180,หนองปลาไหล,วังทรายพูน,พิจิตร,Nong Pla Lai,Wang Sai Phun,Phichit
660203,66180,หนองพระ,วังทรายพูน,พิจิตร,Nong Phra,Wang Sai Phun,Phichit
660204,66180,หนองปล้อง,วังทรายพูน,พิจิตร,Nong Plong,Wang Sai Phun,Phichit
660301,66190,โพธิ์ประทับช้าง,โพธิ์ประทับช้าง,พิจิตร,Pho Prathap Chang,Pho Prathap Chang,Phichit
660302,66190,ไผ่ท่าโพ,โพธิ์ประทับช้าง,พิจิตร,Phai Tha Pho,Pho Prathap Chang,Phichit
660303,66190,วังจิก,โพธิ์ประทับช้าง,พิจิตร,Wang Chik,Pho Prathap Chang,Phichit
660304,66190,ไผ่รอบ,โพธิ์ประทับช้าง,พิจิตร,Phai Rop,Pho Prathap Chang,Phichit
660305,66190,ดงเสือเหลือง,โพธิ์ประทับช้าง,พิจิตร,Dong Suea Lueang,Pho Prathap Chang,Phichit
660306,66190,เนินสว่าง,โพธิ์ประทับช้าง,พิจิตร,Noen Sawang,Pho Prathap Chang,Phichit
660307,66190,ทุ่งใหญ่,โพธิ์ประทับช้าง,พิจิตร,Thung Yai,Pho Prathap Chang,Phichit
660401,66110,ตะพานหิน,ตะพานหิน,พิจิตร,Taphan Hin,Taphan Hin,Phichit
660402,66110,งิ้วราย,ตะพานหิน,พิจิตร,Ngio Rai,Taphan Hin,Phichit
660403,66110,ห้วยเกตุ,ตะพานหิน,พิจิตร,Huai Ket,Taphan Hin,Phichit
660404,66110,ไทรโรงโขน,ตะพานหิน,พิจิตร,Sai Rong Khon,Taphan Hin,Phichit
660405,66110,หนองพยอม,ตะพานหิน,พิจิตร,Nong Phayom,Taphan Hin,Phichit
660406,66150,ทุ่งโพธิ์,ตะพานหิน,พิจิตร,Thung Pho,Taphan Hin,Phichit
660407,66110,ดงตะขบ,ตะพานหิน,พิจิตร,Dong Takhop,Taphan Hin,Phichit
660408,66110,คลองคูณ,ตะพานหิน,พิจิตร,Khlong Khun,Taphan Hin,Phichit
660409,66110,วังสำโรง,ตะพานหิน,พิจิตร,Wang Samrong,Taphan Hin,Phichit
660410,66110,วังหว้า,ตะพานหิน,พิจิตร,Wang Wa,Taphan Hin,Phichit
660411,66150,วังหลุม,ตะพานหิน,พิจิตร,Wang Lum,Taphan Hin,Phichit
660412,66110,ทับหมัน,ตะพานหิน,พิจิตร,Thap Man,Taphan Hin,Phichit
660413,66110,ไผ่หลวง,ตะพานหิน,พิจิตร,Phai Luang,Taphan Hin,Phichit
660501,66120,บางมูลนาก,บางมูลนาก,พิจิตร,Bang Mun Nak,Bang Mun Nak,Phichit
660502,66120,บางไผ่,บางมูลนาก,พิจิตร,Bang Phai,Bang Mun Nak,Phichit
660503,66120,หอไกร,บางมูลนาก,พิจิตร,Ho Krai,Bang Mun Nak,Phichit
660504,66120,เนินมะกอก,บางมูลนาก,พิจิตร,Noen Makok,Bang Mun Nak,Phichit
660505,66120,วังสำโรง,บางมูลนาก,พิจิตร,Wang Samrong,Bang Mun Nak,Phichit
660506,66120,ภูมิ,บางมูลนาก,พิจิตร,Phum,Bang Mun Nak,Phichit
660507,66120,วังกรด,บางมูลนาก,พิจิตร,Wang Krot,Bang Mun Nak,Phichit
660508,66120,ห้วยเขน,บางมูลนาก,พิจิตร,Huai Khen,Bang Mun Nak,Phichit
660509,66210,วังตะกู,บางมูลนาก,พิจิตร,Wang Taku,Bang Mun Nak,Phichit
660514,66120,ลำประดา,บางมูลนาก,พิจิตร,Lam Prada,Bang Mun Nak,Phichit
660601,66130,โพทะเล,โพทะเล,พิจิตร,Pho Thale,Pho Thale,Phichit
660602,66130,ท้ายน้ำ,โพทะเล,พิจิตร,Thai Nam,Pho Thale,Phichit
660603,66130,ทะนง,โพทะเล,พิจิตร,Tha Nong,Pho Thale,Phichit
660604,66130,ท่าบัว,โพทะเล,พิจิตร,Tha Bua,Pho Thale,Phichit
660605,66130,ทุ่งน้อย,โพทะเล,พิจิตร,Thung Noi,Pho Thale,Phichit
660606,66130,ท่าขมิ้น,โพทะเล,พิจิตร,Tha Khamin,Pho Thale,Phichit
660607,66130,ท่าเสา,โพทะเล,พิจิตร,Tha Sao,Pho Thale,Phichit
660608,66130,บางคลาน,โพทะเล,พิจิตร,Bang Khlan,Pho Thale,Phichit
660611,66130,ท่านั่ง,โพทะเล,พิจิตร,Tha Nang,Pho Thale,Phichit
660612,66130,บ้านน้อย,โพทะเล,พิจิตร,Ban Noi,Pho Thale,Phichit
660613,66130,วัดขวาง,โพทะเล,พิจิตร,Wat Khwang,Pho Thale,Phichit
660701,66140,สามง่าม,สามง่าม,พิจิตร,Sam Ngam,Sam Ngam,Phichit
660702,66140,กำแพงดิน,สามง่าม,พิจิตร,Kamphaeng Din,Sam Ngam,Phichit
660703,66140,รังนก,สามง่าม,พิจิตร,Rang Nok,Sam Ngam,Phichit
660706,66140,เนินปอ,สามง่าม,พิจิตร,Noen Po,Sam Ngam,Phichit
660707,66140,หนองโสน,สามง่าม,พิจิตร,Nong Sano,Sam Ngam,Phichit
660801,66150,ทับคล้อ,ทับคล้อ,พิจิตร,Thap Khlo,Tap Khlo,Phichit
660802,66230,เขาทราย,ทับคล้อ,พิจิตร,Khao Sai,Tap Khlo,Phichit
660803,66230,เขาเจ็ดลูก,ทับคล้อ,พิจิตร,Khao Chet Luk,Tap Khlo,Phichit
660804,66150,ท้ายทุ่ง,ทับคล้อ,พิจิตร,Thai Thung,Tap Khlo,Phichit
660901,66160,สากเหล็ก,สากเหล็ก,พิจิตร,Sak Lek,Sak Lek,Phichit
660902,66160,ท่าเยี่ยม,สากเหล็ก,พิจิตร,Tha Yiam,Sak Lek,Phichit
660903,66160,คลองทราย,สากเหล็ก,พิจิตร,Khlong Sai,Sak Lek,Phichit
660904,66160,หนองหญ้าไทร,สากเหล็ก,พิจิตร,Nong Ya Sai,Sak Lek,Phichit
660905,66160,วังทับไทร,สากเหล็ก,พิจิตร,Wang Thap Sai,Sak Lek,Phichit
661001,66130,ห้วยแก้ว,บึงนาราง,พิจิตร,Huai Kaeo,Bueng Na Rang,Phichit
661002,66130,โพธิ์ไทรงาม,บึงนาราง,พิจิตร,Pho Sai Ngam,Bueng Na Rang,Phichit
661003,66130,แหลมรัง,บึงนาราง,พิจิตร,Laem Rang,Bueng Na Rang,Phichit
661004,66130,บางลาย,บึงนาราง,พิจิตร,Bang Lai,Bueng Na Rang,Phichit
661005,66130,บึงนาราง,บึงนาราง,พิจิตร,Bueng Na Rang,Bueng Na Rang,Phichit
661101,66210,วังงิ้วใต้,ดงเจริญ,พิจิตร,Wang Ngio Tai,Dong Charoen,Phichit
661102,66210,วังงิ้ว,ดงเจริญ,พิจิตร,Wang Ngio,Dong Charoen,Phichit
661103,66210,ห้วยร่วม,ดงเจริญ,พิจิตร,Huai Ruam,Dong Charoen,Phichit
661104,66210,ห้วยพุก,ดงเจริญ,พิจิตร,Huai Phuk,Dong Charoen,Phichit
661105,66210,สำนักขุนเณร,ดงเจริญ,พิจิตร,Samnak Khun Nen,Dong Charoen,Phichit
661201,66140,บ้านนา,วชิรบารมี,พิจิตร,Ban Na,Wachirabarami,Phichit
661202,66140,บึงบัว,วชิรบารมี,พิจิตร,Bueng Bua,Wachirabarami,Phichit
661203,66140,วังโมกข์,วชิรบารมี,พิจิตร,Wang Mok,Wachirabarami,Phichit
661204,66220,หนองหลุม,วชิรบารมี,พิจิตร,Nong Lum,Wachirabarami,Phichit
670101,67000,ในเมือง,เมืองเพชรบูรณ์,เพชรบูรณ์,Nai Mueang,Mueang Phetchabun,Phetchabun
670102,67000,ตะเบาะ,เมืองเพชรบูรณ์,เพชรบูรณ์,Tabo,Mueang Phetchabun,Phetchabun
670103,67000,บ้านโตก,เมืองเพชรบูรณ์,เพชรบูรณ์,Ban Tok,Mueang Phetchabun,Phetchabun
670104,67000,สะเดียง,เมืองเพชรบูรณ์,เพชรบูรณ์,Sadiang,Mueang Phetchabun,Phetchabun
670105,67000,ป่าเลา,เมืองเพชรบูรณ์,เพชรบูรณ์,Pa Lao,Mueang Phetchabun,Phetchabun
670106,67000,นางั่ว,เมืองเพชรบูรณ์,เพชรบูรณ์,Na Ngua,Mueang Phetchabun,Phetchabun
670107,67250,ท่าพล,เมืองเพชรบูรณ์,เพชรบูรณ์,Tha Phon,Mueang Phetchabun,Phetchabun
670108,67000,ดงมูลเหล็ก,เมืองเพชรบูรณ์,เพชรบูรณ์,Dong Mun Lek,Mueang Phetchabun,Phetchabun
670109,67000,บ้านโคก,เมืองเพชรบูรณ์,เพชรบูรณ์,Ban Khok,Mueang Phetchabun,Phetchabun
670110,67000,ชอนไพร,เมืองเพชรบูรณ์,เพชรบูรณ์,Chon Phrai,Mueang Phetchabun,Phetchabun
670111,67000,นาป่า,เมืองเพชรบูรณ์,เพชรบูรณ์,Na Pa,Mueang Phetchabun,Phetchabun
670112,67210,นายม,เมืองเพชรบูรณ์,เพชรบูรณ์,Na Yom,Mueang Phetchabun,Phetchabun
670113,67210,วังชมภู,เมืองเพชรบูรณ์,เพชรบูรณ์,Wang Chomphu,Mueang Phetchabun,Phetchabun
670114,67000,น้ำร้อน,เมืองเพชรบูรณ์,เพชรบูรณ์,Nam Ron,Mueang Phetchabun,Phetchabun
670115,67210,ห้วยสะแก,เมืองเพชรบูรณ์,เพชรบูรณ์,Huai Sakae,Mueang Phetchabun,Phetchabun
670116,67000,ห้วยใหญ่,เมืองเพชรบูรณ์,เพชรบูรณ์,Huai Yai,Mueang Phetchabun,Phetchabun
670117,67210,ระวิง,เมืองเพชรบูรณ์,เพชรบูรณ์,Rawing,Mueang Phetchabun,Phetchabun
670201,67150,ชนแดน,ชนแดน,เพชรบูรณ์,Chon Daen,Chon Daen,Phetchabun
670202,67190,ดงขุย,ชนแดน,เพชรบูรณ์,Dong Khu,Chon Daen,Phetchabun
670203,67150,ท่าข้าม,ชนแดน,เพชรบูรณ์,Tha Kham,Chon Daen,Phetchabun
670204,67150,พุทธบาท,ชนแดน,เพชรบูรณ์,Phutthabat,Chon Daen,Phetchabun
670205,67150,ลาดแค,ชนแดน,เพชรบูรณ์,Lat Khae,Chon Daen,Phetchabun
670206,67190,บ้านกล้วย,ชนแดน,เพชรบูรณ์,Ban Kluai,Chon Daen,Phetchabun
670208,67150,ซับพุทรา,ชนแดน,เพชรบูรณ์,Sap Phutsa,Chon Daen,Phetchabun
670209,67190,ตะกุดไร,ชนแดน,เพชรบูรณ์,Takut Lai,Chon Daen,Phetchabun
670210,67150,ศาลาลาย,ชนแดน,เพชรบูรณ์,Sala Lai,Chon Daen,Phetchabun
670301,67110,หล่มสัก,หล่มสัก,เพชรบูรณ์,Lom Sak,Lom Sak,Phetchabun
670302,67110,วัดป่า,หล่มสัก,เพชรบูรณ์,Wat Pa,Lom Sak,Phetchabun
670303,67110,ตาลเดี่ยว,หล่มสัก,เพชรบูรณ์,Tan Diao,Lom Sak,Phetchabun
670304,67110,ฝายนาแซง,หล่มสัก,เพชรบูรณ์,Fai Na Saeng,Lom Sak,Phetchabun
670305,67110,หนองสว่าง,หล่มสัก,เพชรบูรณ์,Nong Sawang,Lom Sak,Phetchabun
670306,67110,น้ำเฮี้ย,หล่มสัก,เพชรบูรณ์,Nam Hia,Lom Sak,Phetchabun
670307,67110,สักหลง,หล่มสัก,เพชรบูรณ์,Sak Long,Lom Sak,Phetchabun
670308,67110,ท่าอิบุญ,หล่มสัก,เพชรบูรณ์,Tha I Bun,Lom Sak,Phetchabun
670309,67110,บ้านโสก,หล่มสัก,เพชรบูรณ์,Ban Sok,Lom Sak,Phetchabun
670310,67110,บ้านติ้ว,หล่มสัก,เพชรบูรณ์,Ban Tio,Lom Sak,Phetchabun
670311,67110,ห้วยไร่,หล่มสัก,เพชรบูรณ์,Huai Rai,Lom Sak,Phetchabun
670312,67110,น้ำก้อ,หล่มสัก,เพชรบูรณ์,Nam Ko,Lom Sak,Phetchabun
670313,67110,ปากช่อง,หล่มสัก,เพชรบูรณ์,Pak Chong,Lom Sak,Phetchabun
670314,67110,น้ำชุน,หล่มสัก,เพชรบูรณ์,Nam Chun,Lom Sak,Phetchabun
670315,67110,หนองไขว่,หล่มสัก,เพชรบูรณ์,Nong Khwai,Lom Sak,Phetchabun
670316,67110,ลานบ่า,หล่มสัก,เพชรบูรณ์,Lan Ba,Lom Sak,Phetchabun
670317,67110,บุ่งคล้า,หล่มสัก,เพชรบูรณ์,Bung Khla,Lom Sak,Phetchabun
670318,67110,บุ่งน้ำเต้า,หล่มสัก,เพชรบูรณ์,Bung Namtao,Lom Sak,Phetchabun
670319,67110,บ้านกลาง,หล่มสัก,เพชรบูรณ์,Ban Klang,Lom Sak,Phetchabun
670320,67110,ช้างตะลูด,หล่มสัก,เพชรบูรณ์,Chang Talut,Lom Sak,Phetchabun
670321,67110,บ้านไร่,หล่มสัก,เพชรบูรณ์,Ban Rai,Lom Sak,Phetchabun
670322,67110,ปากดุก,หล่มสัก,เพชรบูรณ์,Pak Duk,Lom Sak,Phetchabun
670323,67110,บ้านหวาย,หล่มสัก,เพชรบูรณ์,Ban Wai,Lom Sak,Phetchabun
670401,67120,หล่มเก่า,หล่มเก่า,เพชรบูรณ์,Lom Kao,Lom Kao,Phetchabun
670402,67120,นาซำ,หล่มเก่า,เพชรบูรณ์,Na Sam,Lom Kao,Phetchabun
670403,67120,หินฮาว,หล่มเก่า,เพชรบูรณ์,Hin Hao,Lom Kao,Phetchabun
670404,67120,บ้านเนิน,หล่มเก่า,เพชรบูรณ์,Ban Noen,Lom Kao,Phetchabun
670405,67120,ศิลา,หล่มเก่า,เพชรบูรณ์,Sila,Lom Kao,Phetchabun
670406,67120,นาแซง,หล่มเก่า,เพชรบูรณ์,Na Saeng,Lom Kao,Phetchabun
670407,67120,วังบาล,หล่มเก่า,เพชรบูรณ์,Wang Ban,Lom Kao,Phetchabun
670408,67120,นาเกาะ,หล่มเก่า,เพชรบูรณ์,Na Ko,Lom Kao,Phetchabun
670409,67120,ตาดกลอย,หล่มเก่า,เพชรบูรณ์,Tat Kloi,Lom Kao,Phetchabun
670501,67130,ท่าโรง,วิเชียรบุรี,เพชรบูรณ์,Tha Rong,Wichian Buri,Phetchabun
670502,67130,สระประดู่,วิเชียรบุรี,เพชรบูรณ์,Sa Pradu,Wichian Buri,Phetchabun
670503,67130,สามแยก,วิเชียรบุรี,เพชรบูรณ์,Sam Yaek,Wichian Buri,Phetchabun
670504,67130,โคกปรง,วิเชียรบุรี,เพชรบูรณ์,Khok Prong,Wichian Buri,Phetchabun
670505,67130,น้ำร้อน,วิเชียรบุรี,เพชรบูรณ์,Nam Ron,Wichian Buri,Phetchabun
670506,67130,บ่อรัง,วิเชียรบุรี,เพชรบูรณ์,Bo Rang,Wichian Buri,Phetchabun
670507,67180,พุเตย,วิเชียรบุรี,เพชรบูรณ์,Phu Toei,Wichian Buri,Phetchabun
670508,67180,พุขาม,วิเชียรบุรี,เพชรบูรณ์,Phu Kham,Wichian Buri,Phetchabun
670509,67180,ภูน้ำหยด,วิเชียรบุรี,เพชรบูรณ์,Phu Nam Yot,Wichian Buri,Phetchabun
670510,67180,ซับสมบูรณ์,วิเชียรบุรี,เพชรบูรณ์,Sap Sombun,Wichian Buri,Phetchabun
670511,67130,บึงกระจับ,วิเชียรบุรี,เพชรบูรณ์,Bueng Krachap,Wichian Buri,Phetchabun
670512,67180,วังใหญ่,วิเชียรบุรี,เพชรบูรณ์,Wang Yai,Wichian Buri,Phetchabun
670513,67130,ยางสาว,วิเชียรบุรี,เพชรบูรณ์,Yang Sao,Wichian Buri,Phetchabun
670514,67180,ซับน้อย,วิเชียรบุรี,เพชรบูรณ์,Sap Noi,Wichian Buri,Phetchabun
670601,67170,ศรีเทพ,ศรีเทพ,เพชรบูรณ์,Si Thep,Si Thep,Phetchabun
670602,67170,สระกรวด,ศรีเทพ,เพชรบูรณ์,Sa Kruat,Si Thep,Phetchabun
670603,67170,คลองกระจัง,ศรีเทพ,เพชรบูรณ์,Khlong Krachang,Si Thep,Phetchabun
670604,67170,นาสนุ่น,ศรีเทพ,เพชรบูรณ์,Na Sanun,Si Thep,Phetchabun
670605,67170,โคกสะอาด,ศรีเทพ,เพชรบูรณ์,Khok Sa-At,Si Thep,Phetchabun
670606,67170,หนองย่างทอย,ศรีเทพ,เพชรบูรณ์,Nong Yang Thoi,Si Thep,Phetchabun
670607,67170,ประดู่งาม,ศรีเทพ,เพชรบูรณ์,Pradu Ngam,Si Thep,Phetchabun
670701,67140,กองทูล,หนองไผ่,เพชรบูรณ์,Kong Thun,Nong Phai,Phetchabun
670702,67220,นาเฉลียง,หนองไผ่,เพชรบูรณ์,Na Chaliang,Nong Phai,Phetchabun
670703,67140,บ้านโภชน์,หนองไผ่,เพชรบูรณ์,Ban Phot,Nong Phai,Phetchabun
670704,67140,ท่าแดง,หนองไผ่,เพชรบูรณ์,Tha Daeng,Nong Phai,Phetchabun
670705,67140,เพชรละคร,หนองไผ่,เพชรบูรณ์,Phet Lakhon,Nong Phai,Phetchabun
670706,67140,บ่อไทย,หนองไผ่,เพชรบูรณ์,Bo Thai,Nong Phai,Phetchabun
670707,67220,ห้วยโป่ง,หนองไผ่,เพชรบูรณ์,Huai Pong,Nong Phai,Phetchabun
670708,67140,วังท่าดี,หนองไผ่,เพชรบูรณ์,Wang Tha Di,Nong Phai,Phetchabun
670709,67140,บัววัฒนา,หนองไผ่,เพชรบูรณ์,Bua Watthana,Nong Phai,Phetchabun
670710,67140,หนองไผ่,หนองไผ่,เพชรบูรณ์,Nong Phai,Nong Phai,Phetchabun
670711,67140,วังโบสถ์,หนองไผ่,เพชรบูรณ์,Wang Bot,Nong Phai,Phetchabun
670712,67220,ยางงาม,หนองไผ่,เพชรบูรณ์,Yang Ngam,Nong Phai,Phetchabun
670713,67140,ท่าด้วง,หนองไผ่,เพชรบูรณ์,Tha Duang,Nong Phai,Phetchabun
670801,67160,ซับสมอทอด,บึงสามพัน,เพชรบูรณ์,Sap Samo Thot,Bueng Sam Phan,Phetchabun
670802,67160,ซับไม้แดง,บึงสามพัน,เพชรบูรณ์,Sap Mai Daeng,Bueng Sam Phan,Phetchabun
670803,67160,หนองแจง,บึงสามพัน,เพชรบูรณ์,Nong Chaeng,Bueng Sam Phan,Phetchabun
670804,67160,กันจุ,บึงสามพัน,เพชรบูรณ์,Kan Chu,Bueng Sam Phan,Phetchabun
670805,67230,วังพิกุล,บึงสามพัน,เพชรบูรณ์,Wang Phikun,Bueng Sam Phan,Phetchabun
670806,67160,พญาวัง,บึงสามพัน,เพชรบูรณ์,Phaya Wang,Bueng Sam Phan,Phetchabun
670807,67160,ศรีมงคล,บึงสามพัน,เพชรบูรณ์,Si Mongkhon,Bueng Sam Phan,Phetchabun
670808,67160,สระแก้ว,บึงสามพัน,เพชรบูรณ์,Sa Kaeo,Bueng Sam Phan,Phetchabun
670809,67160,บึงสามพัน,บึงสามพัน,เพชรบูรณ์,Bueng Sam Phan,Bueng Sam Phan,Phetchabun
670901,67260,น้ำหนาว,น้ำหนาว,เพชรบูรณ์,Nam Nao,Nam Nao,Phetchabun
670902,67260,หลักด่าน,น้ำหนาว,เพชรบูรณ์,Lak Dan,Nam Nao,Phetchabun
670903,67260,วังกวาง,น้ำหนาว,เพชรบูรณ์,Wang Kwang,Nam Nao,Phetchabun
670904,67260,โคกมน,น้ำหนาว,เพชรบูรณ์,Khok Mon,Nam Nao,Phetchabun
671001,67240,วังโป่ง,วังโป่ง,เพชรบูรณ์,Wang Pong,Wang Pong,Phetchabun
671002,67240,ท้ายดง,วังโป่ง,เพชรบูรณ์,Thai Dong,Wang Pong,Phetchabun
671003,67240,ซับเปิบ,วังโป่ง,เพชรบูรณ์,Sap Poep,Wang Pong,Phetchabun
671004,67240,วังหิน,วังโป่ง,เพชรบูรณ์,Wang Hin,Wang Pong,Phetchabun
671005,67240,วังศาล,วังโป่ง,เพชรบูรณ์,Wang San,Wang Pong,Phetchabun
671101,67270,ทุ่งสมอ,เขาค้อ,เพชรบูรณ์,Thung Samo,Khao Kho,Phetchabun
671102,67280,แคมป์สน,เขาค้อ,เพชรบูรณ์,Khaem Son,Khao Kho,Phetchabun
671103,67270,เขาค้อ,เขาค้อ,เพชรบูรณ์,Khao Kho,Khao Kho,Phetchabun
671104,67270,ริมสีม่วง,เขาค้อ,เพชรบูรณ์,Rim Si Muang,Khao Kho,Phetchabun
671105,67270,สะเดาะพง,เขาค้อ,เพชรบูรณ์,Sadao Phong,Khao Kho,Phetchabun
671106,67270,หนองแม่นา,เขาค้อ,เพชรบูรณ์,Nong Mae Na,Khao Kho,Phetchabun
671107,67280,เข็กน้อย,เขาค้อ,เพชรบูรณ์,Khek Noi,Khao Kho,Phetchabun
700101,70000,หน้าเมือง,เมืองราชบุรี,ราชบุรี,Na Mueang,Mueang Ratchaburi,Ratchaburi
700102,70000,เจดีย์หัก,เมืองราชบุรี,ราชบุรี,Chedi Hak,Mueang Ratchaburi,Ratchaburi
700103,70000,ดอนตะโก,เมืองราชบุรี,ราชบุรี,Don Tako,Mueang Ratchaburi,Ratchaburi
700104,70000,หนองกลางนา,เมืองราชบุรี,ราชบุรี,Nong Klang Na,Mueang Ratchaburi,Ratchaburi
700105,70000,ห้วยไผ่,เมืองราชบุรี,ราชบุรี,Huai Phai,Mueang Ratchaburi,Ratchaburi
700106,70000,คุ้งน้ำวน,เมืองราชบุรี,ราชบุรี,Khung Nam Won,Mueang Ratchaburi,Ratchaburi
700107,70000,คุ้งกระถิน,เมืองราชบุรี,ราชบุรี,Khung Krathin,Mueang Ratchaburi,Ratchaburi
700108,70000,อ่างทอง,เมืองราชบุรี,ราชบุรี,Ang Thong,Mueang Ratchaburi,Ratchaburi
700109,70000,โคกหม้อ,เมืองราชบุรี,ราชบุรี,Khok Mo,Mueang Ratchaburi,Ratchaburi
700110,70000,สามเรือน,เมืองราชบุรี,ราชบุรี,Sam Ruean,Mueang Ratchaburi,Ratchaburi
700111,70000,พิกุลทอง,เมืองราชบุรี,ราชบุรี,Phikun Thong,Mueang Ratchaburi,Ratchaburi
700112,70000,น้ำพุ,เมืองราชบุรี,ราชบุรี,Namphu,Mueang Ratchaburi,Ratchaburi
700113,70000,ดอนแร่,เมืองราชบุรี,ราชบุรี,Don Rae,Mueang Ratchaburi,Ratchaburi
700114,70000,หินกอง,เมืองราชบุรี,ราชบุรี,Hin Kong,Mueang Ratchaburi,Ratchaburi
700115,70000,เขาแร้ง,เมืองราชบุรี,ราชบุรี,Khao Raeng,Mueang Ratchaburi,Ratchaburi
700116,70000,เกาะพลับพลา,เมืองราชบุรี,ราชบุรี,Ko Phlapphla,Mueang Ratchaburi,Ratchaburi
700117,70000,หลุมดิน,เมืองราชบุรี,ราชบุรี,Lum Din,Mueang Ratchaburi,Ratchaburi
700118,70000,บางป่า,เมืองราชบุรี,ราชบุรี,Bang Pa,Mueang Ratchaburi,Ratchaburi
700119,70000,พงสวาย,เมืองราชบุรี,ราชบุรี,Phong Sawai,Mueang Ratchaburi,Ratchaburi
700120,70000,คูบัว,เมืองราชบุรี,ราชบุรี,Khu Bua,Mueang Ratchaburi,Ratchaburi
700121,70000,ท่าราบ,เมืองราชบุรี,ราชบุรี,Tha Rap,Mueang Ratchaburi,Ratchaburi
700122,70000,บ้านไร่,เมืองราชบุรี,ราชบุรี,Ban Rai,Mueang Ratchaburi,Ratchaburi
700201,70150,จอมบึง,จอมบึง,ราชบุรี,Chom Bueng,Chom Bueng,Ratchaburi
700202,70150,ปากช่อง,จอมบึง,ราชบุรี,Pak Chong,Chom Bueng,Ratchaburi
700203,70150,เบิกไพร,จอมบึง,ราชบุรี,Boek Phrai,Chom Bueng,Ratchaburi
700204,70150,ด่านทับตะโก,จอมบึง,ราชบุรี,Dan Thap Tako,Chom Bueng,Ratchaburi
700205,70150,แก้มอ้น,จอมบึง,ราชบุรี,Kaem On,Chom Bueng,Ratchaburi
700206,70150,รางบัว,จอมบึง,ราชบุรี,Rang Bua,Chom Bueng,Ratchaburi
700301,70180,สวนผึ้ง,สวนผึ้ง,ราชบุรี,Suan Phueng,Suan Phueng,Ratchaburi
700302,70180,ป่าหวาย,สวนผึ้ง,ราชบุรี,Pa Wai,Suan Phueng,Ratchaburi
700304,70180,ท่าเคย,สวนผึ้ง,ราชบุรี,Tha Khoei,Suan Phueng,Ratchaburi
700307,70180,ตะนาวศรี,สวนผึ้ง,ราชบุรี,Tanao Si,Suan Phueng,Ratchaburi
700401,70130,ดำเนินสะดวก,ดำเนินสะดวก,ราชบุรี,Damnoen Saduak,Damnoen Saduak,Ratchaburi
700402,70210,ประสาทสิทธิ์,ดำเนินสะดวก,ราชบุรี,Prasatsit,Damnoen Saduak,Ratchaburi
700403,70130,ศรีสุราษฎร์,ดำเนินสะดวก,ราชบุรี,Si Surat,Damnoen Saduak,Ratchaburi
700404,70130,ตาหลวง,ดำเนินสะดวก,ราชบุรี,Ta Luang,Damnoen Saduak,Ratchaburi
700405,70130,ดอนกรวย,ดำเนินสะดวก,ราชบุรี,Don Kruai,Damnoen Saduak,Ratchaburi
700406,70130,ดอนคลัง,ดำเนินสะดวก,ราชบุรี,Don Khlang,Damnoen Saduak,Ratchaburi
700407,70210,บัวงาม,ดำเนินสะดวก,ราชบุรี,Bua Ngam,Damnoen Saduak,Ratchaburi
700408,70130,บ้านไร่,ดำเนินสะดวก,ราชบุรี,Ban Rai,Damnoen Saduak,Ratchaburi
700409,70130,แพงพวย,ดำเนินสะดวก,ราชบุรี,Phaeng Phuai,Damnoen Saduak,Ratchaburi
700410,70130,สี่หมื่น,ดำเนินสะดวก,ราชบุรี,Si Muen,Damnoen Saduak,Ratchaburi
700411,70130,ท่านัด,ดำเนินสะดวก,ราชบุรี,Tha Nat,Damnoen Saduak,Ratchaburi
700412,70130,ขุนพิทักษ์,ดำเนินสะดวก,ราชบุรี,Khun Phithak,Damnoen Saduak,Ratchaburi
700413,70130,ดอนไผ่,ดำเนินสะดวก,ราชบุรี,Don Phi,Damnoen Saduak,Ratchaburi
700501,70110,บ้านโป่ง,บ้านโป่ง,ราชบุรี,Ban Pong,Ban Pong,Ratchaburi
700502,70110,ท่าผา,บ้านโป่ง,ราชบุรี,Tha Pha,Ban Pong,Ratchaburi
700503,70190,กรับใหญ่,บ้านโป่ง,ราชบุรี,Krap Yai,Ban Pong,Ratchaburi
700504,70110,ปากแรต,บ้านโป่ง,ราชบุรี,Pak Raet,Ban Pong,Ratchaburi
700505,70110,หนองกบ,บ้านโป่ง,ราชบุรี,Nong Kop,Ban Pong,Ratchaburi
700506,70110,หนองอ้อ,บ้านโป่ง,ราชบุรี,Nong O,Ban Pong,Ratchaburi
700507,70110,ดอนกระเบื้อง,บ้านโป่ง,ราชบุรี,Don Krabueang,Ban Pong,Ratchaburi
700508,70110,สวนกล้วย,บ้านโป่ง,ราชบุรี,Suan Kluai,Ban Pong,Ratchaburi
700509,70110,นครชุมน์,บ้านโป่ง,ราชบุรี,Nakhon Chum,Ban Pong,Ratchaburi
700510,70110,บ้านม่วง,บ้านโป่ง,ราชบุรี,Ban Muang,Ban Pong,Ratchaburi
700511,70110,คุ้งพยอม,บ้านโป่ง,ราชบุรี,Khung Phayom,Ban Pong,Ratchaburi
700512,70110,หนองปลาหมอ,บ้านโป่ง,ราชบุรี,Nong Pla Mo,Ban Pong,Ratchaburi
700513,70110,เขาขลุง,บ้านโป่ง,ราชบุรี,Khao Khlung,Ban Pong,Ratchaburi
700514,70110,เบิกไพร,บ้านโป่ง,ราชบุรี,Boek Phrai,Ban Pong,Ratchaburi
700515,70110,ลาดบัวขาว,บ้านโป่ง,ราชบุรี,Lat Bua Khao,Ban Pong,Ratchaburi
700601,70160,บางแพ,บางแพ,ราชบุรี,Bang Phae,Bang Phae,Ratchaburi
700602,70160,วังเย็น,บางแพ,ราชบุรี,Wang Yen,Bang Phae,Ratchaburi
700603,70160,หัวโพ,บางแพ,ราชบุรี,Hua Pho,Bang Phae,Ratchaburi
700604,70160,วัดแก้ว,บางแพ,ราชบุรี,Wat Kaeo,Bang Phae,Ratchaburi
700605,70160,ดอนใหญ่,บางแพ,ราชบุรี,Don Yai,Bang Phae,Ratchaburi
700606,70160,ดอนคา,บางแพ,ราชบุรี,Don Kha,Bang Phae,Ratchaburi
700607,70160,โพหัก,บางแพ,ราชบุรี,Pho Hak,Bang Phae,Ratchaburi
700701,70120,โพธาราม,โพธาราม,ราชบุรี,Photharam,Photharam,Ratchaburi
700702,70120,ดอนกระเบื้อง,โพธาราม,ราชบุรี,Don Krabueang,Photharam,Ratchaburi
700703,70120,หนองโพ,โพธาราม,ราชบุรี,Nong Pho,Photharam,Ratchaburi
700704,70120,บ้านเลือก,โพธาราม,ราชบุรี,Ban Lueak,Photharam,Ratchaburi
700705,70120,คลองตาคต,โพธาราม,ราชบุรี,Khlong Ta Kot,Photharam,Ratchaburi
700706,70120,บ้านฆ้อง,โพธาราม,ราชบุรี,Ban Khong,Photharam,Ratchaburi
700707,70120,บ้านสิงห์,โพธาราม,ราชบุรี,Ban Sing,Photharam,Ratchaburi
700708,70120,ดอนทราย,โพธาราม,ราชบุรี,Don Sai,Photharam,Ratchaburi
700709,70120,เจ็ดเสมียน,โพธาราม,ราชบุรี,Chet Samian,Photharam,Ratchaburi
700710,70120,คลองข่อย,โพธาราม,ราชบุรี,Khlong Khoi,Photharam,Ratchaburi
700711,70120,ชำแระ,โพธาราม,ราชบุรี,Chamrae,Photharam,Ratchaburi
700712,70120,สร้อยฟ้า,โพธาราม,ราชบุรี,Soi Fa,Photharam,Ratchaburi
700713,70120,ท่าชุมพล,โพธาราม,ราชบุรี,Tha Chumphon,Photharam,Ratchaburi
700714,70120,บางโตนด,โพธาราม,ราชบุรี,Bang Tanot,Photharam,Ratchaburi
700715,70120,เตาปูน,โพธาราม,ราชบุรี,Tao Pun,Photharam,Ratchaburi
700716,70120,นางแก้ว,โพธาราม,ราชบุรี,Nang Kaeo,Photharam,Ratchaburi
700717,70120,ธรรมเสน,โพธาราม,ราชบุรี,Thammasen,Photharam,Ratchaburi
700718,70120,เขาชะงุ้ม,โพธาราม,ราชบุรี,Khao Cha-Ngum,Photharam,Ratchaburi
700719,70120,หนองกวาง,โพธาราม,ราชบุรี,Nong Kwang,Photharam,Ratchaburi
700801,70140,ทุ่งหลวง,ปากท่อ,ราชบุรี,Thung Luang,Pak Tho,Ratchaburi
700802,70140,วังมะนาว,ปากท่อ,ราชบุรี,Wang Manao,Pak Tho,Ratchaburi
700803,70140,ดอนทราย,ปากท่อ,ราชบุรี,Don Sai,Pak Tho,Ratchaburi
700804,70140,หนองกระทุ่ม,ปากท่อ,ราชบุรี,Nong Krathum,Pak Tho,Ratchaburi
700805,70140,ปากท่อ,ปากท่อ,ราชบุรี,Pak Tho,Pak Tho,Ratchaburi
700806,70140,ป่าไก่,ปากท่อ,ราชบุรี,Pa Kai,Pak Tho,Ratchaburi
700807,70140,วัดยางงาม,ปากท่อ,ราชบุรี,Wat Yang Ngam,Pak Tho,Ratchaburi
700808,70140,อ่างหิน,ปากท่อ,ราชบุรี,Ang Hin,Pak Tho,Ratchaburi
700809,70140,บ่อกระดาน,ปากท่อ,ราชบุรี,Bo Kradan,Pak Tho,Ratchaburi
700810,70140,ยางหัก,ปากท่อ,ราชบุรี,Yang Hak,Pak Tho,Ratchaburi
700811,70140,วันดาว,ปากท่อ,ราชบุรี,Wan Dao,Pak Tho,Ratchaburi
700812,70140,ห้วยยางโทน,ปากท่อ,ราชบุรี,Huai Yang Thon,Pak Tho,Ratchaburi
700901,70170,เกาะศาลพระ,วัดเพลง,ราชบุรี,Ko San Phra,Wat Phleng,Ratchaburi
700902,70170,จอมประทัด,วัดเพลง,ราชบุรี,Chom Prathat,Wat Phleng,Ratchaburi
700903,70170,วัดเพลง,วัดเพลง,ราชบุรี,Wat Phleng,Wat Phleng,Ratchaburi
701001,70180,บ้านคา,บ้านคา,ราชบุรี,Ban Kha,Ban Kha,Ratchaburi
701002,70180,บ้านบึง,บ้านคา,ราชบุรี,Ban Bueng,Ban Kha,Ratchaburi
701003,70180,หนองพันจันทร์,บ้านคา,ราชบุรี,Nong Phan Chan,Ban Kha,Ratchaburi
710101,71000,บ้านเหนือ,เมืองกาญจนบุรี,กาญจนบุรี,Ban Nuea,Mueang Kanchanaburi,Kanchanaburi
710102,71000,บ้านใต้,เมืองกาญจนบุรี,กาญจนบุรี,Ban Tai,Mueang Kanchanaburi,Kanchanaburi
710103,71000,ปากแพรก,เมืองกาญจนบุรี,กาญจนบุรี,Pak Phraek,Mueang Kanchanaburi,Kanchanaburi
710104,71000,ท่ามะขาม,เมืองกาญจนบุรี,กาญจนบุรี,Tha Makham,Mueang Kanchanaburi,Kanchanaburi
710105,71000,แก่งเสี้ยน,เมืองกาญจนบุรี,กาญจนบุรี,Kaeng Sian,Mueang Kanchanaburi,Kanchanaburi
710106,71190,หนองบัว,เมืองกาญจนบุรี,กาญจนบุรี,Nong Bua,Mueang Kanchanaburi,Kanchanaburi
710107,71190,ลาดหญ้า,เมืองกาญจนบุรี,กาญจนบุรี,Lat Ya,Mueang Kanchanaburi,Kanchanaburi
710108,71190,วังด้ง,เมืองกาญจนบุรี,กาญจนบุรี,Wang Dong,Mueang Kanchanaburi,Kanchanaburi
710109,71190,ช่องสะเดา,เมืองกาญจนบุรี,กาญจนบุรี,Chong Sadao,Mueang Kanchanaburi,Kanchanaburi
710110,71000,หนองหญ้า,เมืองกาญจนบุรี,กาญจนบุรี,Nong Ya,Mueang Kanchanaburi,Kanchanaburi
710111,71000,เกาะสำโรง,เมืองกาญจนบุรี,กาญจนบุรี,Ko Samrong,Mueang Kanchanaburi,Kanchanaburi
710113,71000,บ้านเก่า,เมืองกาญจนบุรี,กาญจนบุรี,Ban Kao,Mueang Kanchanaburi,Kanchanaburi
710116,71000,วังเย็น,เมืองกาญจนบุรี,กาญจนบุรี,Wang Yen,Mueang Kanchanaburi,Kanchanaburi
710201,71150,ลุ่มสุ่ม,ไทรโยค,กาญจนบุรี,Lum Sum,Sai Yok,Kanchanaburi
710202,71150,ท่าเสา,ไทรโยค,กาญจนบุรี,Tha Sao,Sai Yok,Kanchanaburi
710203,71150,สิงห์,ไทรโยค,กาญจนบุรี,Sing,Sai Yok,Kanchanaburi
710204,71150,ไทรโยค,ไทรโยค,กาญจนบุรี,Sai Yok,Sai Yok,Kanchanaburi
710205,71150,วังกระแจะ,ไทรโยค,กาญจนบุรี,Wang Krachae,Sai Yok,Kanchanaburi
710206,71150,ศรีมงคล,ไทรโยค,กาญจนบุรี,Si Mongkhon,Sai Yok,Kanchanaburi
710207,71150,บ้องตี้,ไทรโยค,กาญจนบุรี,Bong Ti,Sai Yok,Kanchanaburi
710301,71160,บ่อพลอย,บ่อพลอย,กาญจนบุรี,Bo Phloi,Bo Phloi,Kanchanaburi
710302,71160,หนองกุ่ม,บ่อพลอย,กาญจนบุรี,Nong Kum,Bo Phloi,Kanchanaburi
710303,71220,หนองรี,บ่อพลอย,กาญจนบุรี,Nong Ri,Bo Phloi,Kanchanaburi
710305,71160,หลุมรัง,บ่อพลอย,กาญจนบุรี,Lum Rang,Bo Phloi,Kanchanaburi
710308,71160,ช่องด่าน,บ่อพลอย,กาญจนบุรี,Chong Dan,Bo Phloi,Kanchanaburi
710309,71220,หนองกร่าง,บ่อพลอย,กาญจนบุรี,Nong Krang,Bo Phloi,Kanchanaburi
710401,71250,นาสวน,ศรีสวัสดิ์,กาญจนบุรี,Na Suan,Si Sawat,Kanchanaburi
710402,71250,ด่านแม่แฉลบ,ศรีสวัสดิ์,กาญจนบุรี,Dan Mae Chalaep,Si Sawat,Kanchanaburi
710403,71250,หนองเป็ด,ศรีสวัสดิ์,กาญจนบุรี,Nong Pet,Si Sawat,Kanchanaburi
710404,71250,ท่ากระดาน,ศรีสวัสดิ์,กาญจนบุรี,Tha Kradan,Si Sawat,Kanchanaburi
710405,71220,เขาโจด,ศรีสวัสดิ์,กาญจนบุรี,Khao Chot,Si Sawat,Kanchanaburi
710406,71250,แม่กระบุง,ศรีสวัสดิ์,กาญจนบุรี,Mae Krabung,Si Sawat,Kanchanaburi
710501,71120,พงตึก,ท่ามะกา,กาญจนบุรี,Phong Tuek,Tha Maka,Kanchanaburi
710502,71120,ยางม่วง,ท่ามะกา,กาญจนบุรี,Yang Muang,Tha Maka,Kanchanaburi
710503,71130,ดอนชะเอม,ท่ามะกา,กาญจนบุรี,Don Cha-Em,Tha Maka,Kanchanaburi
710504,71120,ท่าไม้,ท่ามะกา,กาญจนบุรี,Tha Mai,Tha Maka,Kanchanaburi
710505,71130,ตะคร้ำเอน,ท่ามะกา,กาญจนบุรี,Takhram En,Tha Maka,Kanchanaburi
710506,71120,ท่ามะกา,ท่ามะกา,กาญจนบุรี,Tha Maka,Tha Maka,Kanchanaburi
710507,71130,ท่าเรือ,ท่ามะกา,กาญจนบุรี,Tha Ruea,Tha Maka,Kanchanaburi
710508,71120,โคกตะบอง,ท่ามะกา,กาญจนบุรี,Khok Tabong,Tha Maka,Kanchanaburi
710509,71120,ดอนขมิ้น,ท่ามะกา,กาญจนบุรี,Don Khamin,Tha Maka,Kanchanaburi
710510,71130,อุโลกสี่หมื่น,ท่ามะกา,กาญจนบุรี,Ulok Si Muen,Tha Maka,Kanchanaburi
710511,71120,เขาสามสิบหาบ,ท่ามะกา,กาญจนบุรี,Khao Sam Sip Hap,Tha Maka,Kanchanaburi
710512,71130,พระแท่น,ท่ามะกา,กาญจนบุรี,Phra Thaen,Tha Maka,Kanchanaburi
710513,71120,หวายเหนียว,ท่ามะกา,กาญจนบุรี,Wai Niao,Tha Maka,Kanchanaburi
710514,71130,แสนตอ,ท่ามะกา,กาญจนบุรี,Saen To,Tha Maka,Kanchanaburi
710515,70190,สนามแย้,ท่ามะกา,กาญจนบุรี,Sanam Yae,Tha Maka,Kanchanaburi
710516,71120,ท่าเสา,ท่ามะกา,กาญจนบุรี,Tha Sao,Tha Maka,Kanchanaburi
710517,71130,หนองลาน,ท่ามะกา,กาญจนบุรี,Nong Lan,Tha Maka,Kanchanaburi
710601,71110,ท่าม่วง,ท่าม่วง,กาญจนบุรี,Tha Muang,Tha Muang,Kanchanaburi
710602,71110,วังขนาย,ท่าม่วง,กาญจนบุรี,Wang Khanai,Tha Muang,Kanchanaburi
710603,71110,วังศาลา,ท่าม่วง,กาญจนบุรี,Wang Sala,Tha Muang,Kanchanaburi
710604,71110,ท่าล้อ,ท่าม่วง,กาญจนบุรี,Tha Lo,Tha Muang,Kanchanaburi
710605,71110,หนองขาว,ท่าม่วง,กาญจนบุรี,Nong Khao,Tha Muang,Kanchanaburi
710606,71110,ทุ่งทอง,ท่าม่วง,กาญจนบุรี,Thung Thong,Tha Muang,Kanchanaburi
710607,71110,เขาน้อย,ท่าม่วง,กาญจนบุรี,Khao Noi,Tha Muang,Kanchanaburi
710608,71110,ม่วงชุม,ท่าม่วง,กาญจนบุรี,Muang Chum,Tha Muang,Kanchanaburi
710609,71110,บ้านใหม่,ท่าม่วง,กาญจนบุรี,Ban Mai,Tha Muang,Kanchanaburi
710610,71110,พังตรุ,ท่าม่วง,กาญจนบุรี,Phang Tru,Tha Muang,Kanchanaburi
710611,71130,ท่าตะคร้อ,ท่าม่วง,กาญจนบุรี,Tha Takhro,Tha Muang,Kanchanaburi
710612,71110,รางสาลี่,ท่าม่วง,กาญจนบุรี,Rang Sali,Tha Muang,Kanchanaburi
710613,71110,หนองตากยา,ท่าม่วง,กาญจนบุรี,Nong Tak Ya,Tha Muang,Kanchanaburi
710701,71180,ท่าขนุน,ทองผาภูมิ,กาญจนบุรี,Tha Khanun,Thong Pha Phum,Kanchanaburi
710702,71180,ปิล๊อก,ทองผาภูมิ,กาญจนบุรี,Pi Lok,Thong Pha Phum,Kanchanaburi
710703,71180,หินดาด,ทองผาภูมิ,กาญจนบุรี,Hin Dat,Thong Pha Phum,Kanchanaburi
710704,71180,ลิ่นถิ่น,ทองผาภูมิ,กาญจนบุรี,Lin Thin,Thong Pha Phum,Kanchanaburi
710705,71180,ชะแล,ทองผาภูมิ,กาญจนบุรี,Chalae,Thong Pha Phum,Kanchanaburi
710706,71180,ห้วยเขย่ง,ทองผาภูมิ,กาญจนบุรี,Huai Khayeng,Thong Pha Phum,Kanchanaburi
710707,71180,สหกรณ์นิคม,ทองผาภูมิ,กาญจนบุรี,Sahakon Nikhom,Thong Pha Phum,Kanchanaburi
710801,71240,หนองลู,สังขละบุรี,กาญจนบุรี,Nong Lu,Sangkhla Buri,Kanchanaburi
710802,71240,ปรังเผล,สังขละบุรี,กาญจนบุรี,Prang Phle,Sangkhla Buri,Kanchanaburi
710803,71240,ไล่โว่,สังขละบุรี,กาญจนบุรี,Lai Wo,Sangkhla Buri,Kanchanaburi
710901,71140,พนมทวน,พนมทวน,กาญจนบุรี,Phanom Thuan,Phanom Thuan,Kanchanaburi
710902,71140,หนองโรง,พนมทวน,กาญจนบุรี,Nong Rong,Phanom Thuan,Kanchanaburi
710903,71140,ทุ่งสมอ,พนมทวน,กาญจนบุรี,Thung Samo,Phanom Thuan,Kanchanaburi
710904,71140,ดอนเจดีย์,พนมทวน,กาญจนบุรี,Don Chedi,Phanom Thuan,Kanchanaburi
710905,71140,พังตรุ,พนมทวน,กาญจนบุรี,Phang Tru,Phanom Thuan,Kanchanaburi
710906,71170,รางหวาย,พนมทวน,กาญจนบุรี,Rang Wai,Phanom Thuan,Kanchanaburi
710911,71140,หนองสาหร่าย,พนมทวน,กาญจนบุรี,Nong Sarai,Phanom Thuan,Kanchanaburi
710912,71140,ดอนตาเพชร,พนมทวน,กาญจนบุรี,Don Ta Phet,Phanom Thuan,Kanchanaburi
711001,71210,เลาขวัญ,เลาขวัญ,กาญจนบุรี,Lao Khwan,Lao Khwan,Kanchanaburi
711002,71210,หนองโสน,เลาขวัญ,กาญจนบุรี,Nong Sano,Lao Khwan,Kanchanaburi
711003,71210,หนองประดู่,เลาขวัญ,กาญจนบุรี,Nong Pradu,Lao Khwan,Kanchanaburi
711004,71210,หนองปลิง,เลาขวัญ,กาญจนบุรี,Nong Pling,Lao Khwan,Kanchanaburi
711005,71210,หนองนกแก้ว,เลาขวัญ,กาญจนบุรี,Nong Nok Kaeo,Lao Khwan,Kanchanaburi
711006,71210,ทุ่งกระบ่ำ,เลาขวัญ,กาญจนบุรี,Thung Krabam,Lao Khwan,Kanchanaburi
711007,71210,หนองฝ้าย,เลาขวัญ,กาญจนบุรี,Nong Fai,Lao Khwan,Kanchanaburi
711101,71260,ด่านมะขามเตี้ย,ด่านมะขามเตี้ย,กาญจนบุรี,Dan Makham Tia,Dan Makham Tia,Kanchanaburi
711102,71260,กลอนโด,ด่านมะขามเตี้ย,กาญจนบุรี,Klon Do,Dan Makham Tia,Kanchanaburi
711103,71260,จรเข้เผือก,ด่านมะขามเตี้ย,กาญจนบุรี,Chorakhe Phueak,Dan Makham Tia,Kanchanaburi
711104,71260,หนองไผ่,ด่านมะขามเตี้ย,กาญจนบุรี,Nong Phai,Dan Makham Tia,Kanchanaburi
711201,71220,หนองปรือ,หนองปรือ,กาญจนบุรี,Nong Prue,Nong Prue,Kanchanaburi
711202,71220,หนองปลาไหล,หนองปรือ,กาญจนบุรี,Nong Pla Lai,Nong Prue,Kanchanaburi
711203,71220,สมเด็จเจริญ,หนองปรือ,กาญจนบุรี,Somdet Charoen,Nong Prue,Kanchanaburi
711301,71170,ห้วยกระเจา,ห้วยกระเจา,กาญจนบุรี,Huai Krachao,Huai Krachao,Kanchanaburi
711302,71170,วังไผ่,ห้วยกระเจา,กาญจนบุรี,Wang Phai,Huai Krachao,Kanchanaburi
711303,71170,ดอนแสลบ,ห้วยกระเจา,กาญจนบุรี,Don Salaep,Huai Krachao,Kanchanaburi
711304,71170,สระลงเรือ,ห้วยกระเจา,กาญจนบุรี,Sa Long Ruea,Huai Krachao,Kanchanaburi
720101,72000,ท่าพี่เลี้ยง,เมืองสุพรรณบุรี,สุพรรณบุรี,Tha Phi Liang,Mueang Saphan Buri,Suphan Buri
720102,72000,รั้วใหญ่,เมืองสุพรรณบุรี,สุพรรณบุรี,Rua Yai,Mueang Saphan Buri,Suphan Buri
720103,72000,ทับตีเหล็ก,เมืองสุพรรณบุรี,สุพรรณบุรี,Thap Ti Lek,Mueang Saphan Buri,Suphan Buri
720104,72000,ท่าระหัด,เมืองสุพรรณบุรี,สุพรรณบุรี,Tha Rahat,Mueang Saphan Buri,Suphan Buri
720105,72000,ไผ่ขวาง,เมืองสุพรรณบุรี,สุพรรณบุรี,Phai Khwang,Mueang Saphan Buri,Suphan Buri
720106,72000,โคกโคเฒ่า,เมืองสุพรรณบุรี,สุพรรณบุรี,Khok Kho Thao,Mueang Saphan Buri,Suphan Buri
720107,72000,ดอนตาล,เมืองสุพรรณบุรี,สุพรรณบุรี,Don Tan,Mueang Saphan Buri,Suphan Buri
720108,72000,ดอนมะสังข์,เมืองสุพรรณบุรี,สุพรรณบุรี,Don Masang,Mueang Saphan Buri,Suphan Buri
720109,72000,พิหารแดง,เมืองสุพรรณบุรี,สุพรรณบุรี,Phihan Daeng,Mueang Saphan Buri,Suphan Buri
720110,72000,ดอนกำยาน,เมืองสุพรรณบุรี,สุพรรณบุรี,Don Kamyan,Mueang Saphan Buri,Suphan Buri
720111,72000,ดอนโพธิ์ทอง,เมืองสุพรรณบุรี,สุพรรณบุรี,Don Pho Thong,Mueang Saphan Buri,Suphan Buri
720112,72000,บ้านโพธิ์,เมืองสุพรรณบุรี,สุพรรณบุรี,Ban Pho,Mueang Saphan Buri,Suphan Buri
720113,72230,สระแก้ว,เมืองสุพรรณบุรี,สุพรรณบุรี,Sa Kaeo,Mueang Saphan Buri,Suphan Buri
720114,72230,ตลิ่งชัน,เมืองสุพรรณบุรี,สุพรรณบุรี,Taling Chan,Mueang Saphan Buri,Suphan Buri
720115,72210,บางกุ้ง,เมืองสุพรรณบุรี,สุพรรณบุรี,Bang Kung,Mueang Saphan Buri,Suphan Buri
720116,72210,ศาลาขาว,เมืองสุพรรณบุรี,สุพรรณบุรี,Sala Khao,Mueang Saphan Buri,Suphan Buri
720117,72210,สวนแตง,เมืองสุพรรณบุรี,สุพรรณบุรี,Suan Taeng,Mueang Saphan Buri,Suphan Buri
720118,72000,สนามชัย,เมืองสุพรรณบุรี,สุพรรณบุรี,Sanam Chai,Mueang Saphan Buri,Suphan Buri
720119,72000,โพธิ์พระยา,เมืองสุพรรณบุรี,สุพรรณบุรี,Pho Phraya,Mueang Saphan Buri,Suphan Buri
720120,72230,สนามคลี,เมืองสุพรรณบุรี,สุพรรณบุรี,Sanam Khli,Mueang Saphan Buri,Suphan Buri
720201,72120,เขาพระ,เดิมบางนางบวช,สุพรรณบุรี,Khao Phra,Doem Bang Nang Buat,Suphan Buri
720202,72120,เดิมบาง,เดิมบางนางบวช,สุพรรณบุรี,Doem Bang,Doem Bang Nang Buat,Suphan Buri
720203,72120,นางบวช,เดิมบางนางบวช,สุพรรณบุรี,Nang Buat,Doem Bang Nang Buat,Suphan Buri
720204,72120,เขาดิน,เดิมบางนางบวช,สุพรรณบุรี,Khao Din,Doem Bang Nang Buat,Suphan Buri
720205,72120,ปากน้ำ,เดิมบางนางบวช,สุพรรณบุรี,Pak Nam,Doem Bang Nang Buat,Suphan Buri
720206,72120,ทุ่งคลี,เดิมบางนางบวช,สุพรรณบุรี,Thung Khli,Doem Bang Nang Buat,Suphan Buri
720207,72120,โคกช้าง,เดิมบางนางบวช,สุพรรณบุรี,Khok Chang,Doem Bang Nang Buat,Suphan Buri
720208,72120,หัวเขา,เดิมบางนางบวช,สุพรรณบุรี,Hua Khao,Doem Bang Nang Buat,Suphan Buri
720209,72120,หัวนา,เดิมบางนางบวช,สุพรรณบุรี,Hua Na,Doem Bang Nang Buat,Suphan Buri
720210,72120,บ่อกรุ,เดิมบางนางบวช,สุพรรณบุรี,Bo Kru,Doem Bang Nang Buat,Suphan Buri
720211,72120,วังศรีราช,เดิมบางนางบวช,สุพรรณบุรี,Wang Si Rat,Doem Bang Nang Buat,Suphan Buri
720212,72120,ป่าสะแก,เดิมบางนางบวช,สุพรรณบุรี,Pa Sakae,Doem Bang Nang Buat,Suphan Buri
720213,72120,ยางนอน,เดิมบางนางบวช,สุพรรณบุรี,Yang Non,Doem Bang Nang Buat,Suphan Buri
720214,72120,หนองกระทุ่ม,เดิมบางนางบวช,สุพรรณบุรี,Nong Krathum,Doem Bang Nang Buat,Suphan Buri
720301,72180,หนองมะค่าโมง,ด่านช้าง,สุพรรณบุรี,Nong Makha Mong,Dan Chang,Suphan Buri
720302,72180,ด่านช้าง,ด่านช้าง,สุพรรณบุรี,Dan Chang,Dan Chang,Suphan Buri
720303,72180,ห้วยขมิ้น,ด่านช้าง,สุพรรณบุรี,Huai Khamin,Dan Chang,Suphan Buri
720304,72180,องค์พระ,ด่านช้าง,สุพรรณบุรี,Ong Phra,Dan Chang,Suphan Buri
720305,72180,วังคัน,ด่านช้าง,สุพรรณบุรี,Wang Khan,Dan Chang,Suphan Buri
720306,72180,นิคมกระเสียว,ด่านช้าง,สุพรรณบุรี,Nikhom Krasiao,Dan Chang,Suphan Buri
720307,72180,วังยาว,ด่านช้าง,สุพรรณบุรี,Wang Yao,Dan Chang,Suphan Buri
720401,72150,โคกคราม,บางปลาม้า,สุพรรณบุรี,Khok Khram,Bang Pla Ma,Suphan Buri
720402,72150,บางปลาม้า,บางปลาม้า,สุพรรณบุรี,Bang Pla Ma,Bang Pla Ma,Suphan Buri
720403,72150,ตะค่า,บางปลาม้า,สุพรรณบุรี,Takha,Bang Pla Ma,Suphan Buri
720404,72150,บางใหญ่,บางปลาม้า,สุพรรณบุรี,Bang Yai,Bang Pla Ma,Suphan Buri
720405,72150,กฤษณา,บางปลาม้า,สุพรรณบุรี,Kritsana,Bang Pla Ma,Suphan Buri
720406,72150,สาลี,บางปลาม้า,สุพรรณบุรี,Sali,Bang Pla Ma,Suphan Buri
720407,72150,ไผ่กองดิน,บางปลาม้า,สุพรรณบุรี,Phai Kong Din,Bang Pla Ma,Suphan Buri
720408,72150,องครักษ์,บางปลาม้า,สุพรรณบุรี,Ongkharak,Bang Pla Ma,Suphan Buri
720409,72150,จรเข้ใหญ่,บางปลาม้า,สุพรรณบุรี,Chorakhe Yai,Bang Pla Ma,Suphan Buri
720410,72150,บ้านแหลม,บางปลาม้า,สุพรรณบุรี,Ban Laem,Bang Pla Ma,Suphan Buri
720411,72150,มะขามล้ม,บางปลาม้า,สุพรรณบุรี,Makham Lom,Bang Pla Ma,Suphan Buri
720412,72150,วังน้ำเย็น,บางปลาม้า,สุพรรณบุรี,Wang Nam Yen,Bang Pla Ma,Suphan Buri
720413,72150,วัดโบสถ์,บางปลาม้า,สุพรรณบุรี,Wat Bot,Bang Pla Ma,Suphan Buri
720414,72150,วัดดาว,บางปลาม้า,สุพรรณบุรี,Wat Dao,Bang Pla Ma,Suphan Buri
720501,72140,ศรีประจันต์,ศรีประจันต์,สุพรรณบุรี,Si Prachan,Si Prachan,Suphan Buri
720502,72140,บ้านกร่าง,ศรีประจันต์,สุพรรณบุรี,Ban Krang,Si Prachan,Suphan Buri
720503,72140,มดแดง,ศรีประจันต์,สุพรรณบุรี,Mot Daeng,Si Prachan,Suphan Buri
720504,72140,บางงาม,ศรีประจันต์,สุพรรณบุรี,Bang Ngam,Si Prachan,Suphan Buri
720505,72140,ดอนปรู,ศรีประจันต์,สุพรรณบุรี,Don Pru,Si Prachan,Suphan Buri
720506,72140,ปลายนา,ศรีประจันต์,สุพรรณบุรี,Plai Na,Si Prachan,Suphan Buri
720507,72140,วังหว้า,ศรีประจันต์,สุพรรณบุรี,Wang Wa,Si Prachan,Suphan Buri
720508,72140,วังน้ำซับ,ศรีประจันต์,สุพรรณบุรี,Wang Nam Sap,Si Prachan,Suphan Buri
720509,72140,วังยาง,ศรีประจันต์,สุพรรณบุรี,Wang Yang,Si Prachan,Suphan Buri
720601,72170,ดอนเจดีย์,ดอนเจดีย์,สุพรรณบุรี,Don Chedi,Don Chedi,Suphan Buri
720602,72170,หนองสาหร่าย,ดอนเจดีย์,สุพรรณบุรี,Nong Sarai,Don Chedi,Suphan Buri
720603,72170,ไร่รถ,ดอนเจดีย์,สุพรรณบุรี,Rai Rot,Don Chedi,Suphan Buri
720604,72250,สระกระโจม,ดอนเจดีย์,สุพรรณบุรี,Sa Krachom,Don Chedi,Suphan Buri
720605,72250,ทะเลบก,ดอนเจดีย์,สุพรรณบุรี,Thale Bok,Don Chedi,Suphan Buri
720701,72110,สองพี่น้อง,สองพี่น้อง,สุพรรณบุรี,Song Phi Nong,Song Phi Nong,Suphan Buri
720702,72110,บางเลน,สองพี่น้อง,สุพรรณบุรี,Bang Len,Song Phi Nong,Suphan Buri
720703,72110,บางตาเถร,สองพี่น้อง,สุพรรณบุรี,Bang Ta Then,Song Phi Nong,Suphan Buri
720704,72110,บางตะเคียน,สองพี่น้อง,สุพรรณบุรี,Bang Takhian,Song Phi Nong,Suphan Buri
720705,72110,บ้านกุ่ม,สองพี่น้อง,สุพรรณบุรี,Ban Kum,Song Phi Nong,Suphan Buri
720706,72110,หัวโพธิ์,สองพี่น้อง,สุพรรณบุรี,Hua Pho,Song Phi Nong,Suphan Buri
720707,72110,บางพลับ,สองพี่น้อง,สุพรรณบุรี,Bang Phlap,Song Phi Nong,Suphan Buri
720708,72110,เนินพระปรางค์,สองพี่น้อง,สุพรรณบุรี,Noen Phraprang,Song Phi Nong,Suphan Buri
720709,72110,บ้านช้าง,สองพี่น้อง,สุพรรณบุรี,Ban Chang,Song Phi Nong,Suphan Buri
720710,72110,ต้นตาล,สองพี่น้อง,สุพรรณบุรี,Ton Tan,Song Phi Nong,Suphan Buri
720711,72110,ศรีสำราญ,สองพี่น้อง,สุพรรณบุรี,Si Samran,Song Phi Nong,Suphan Buri
720712,72190,ทุ่งคอก,สองพี่น้อง,สุพรรณบุรี,Thung Khok,Song Phi Nong,Suphan Buri
720713,72110,หนองบ่อ,สองพี่น้อง,สุพรรณบุรี,Nong Bo,Song Phi Nong,Suphan Buri
720714,72190,บ่อสุพรรณ,สองพี่น้อง,สุพรรณบุรี,Bo Suphan,Song Phi Nong,Suphan Buri
720715,72110,ดอนมะนาว,สองพี่น้อง,สุพรรณบุรี,Don Manao,Song Phi Nong,Suphan Buri
720801,72130,ย่านยาว,สามชุก,สุพรรณบุรี,Yan Yao,Sam Chuk,Suphan Buri
720802,72130,วังลึก,สามชุก,สุพรรณบุรี,Wang Luek,Sam Chuk,Suphan Buri
720803,72130,สามชุก,สามชุก,สุพรรณบุรี,Sam Chuk,Sam Chuk,Suphan Buri
720804,72130,หนองผักนาก,สามชุก,สุพรรณบุรี,Nong Phak Nak,Sam Chuk,Suphan Buri
720805,72130,บ้านสระ,สามชุก,สุพรรณบุรี,Ban Sa,Sam Chuk,Suphan Buri
720806,72130,หนองสะเดา,สามชุก,สุพรรณบุรี,Nong Sadao,Sam Chuk,Suphan Buri
720807,72130,กระเสียว,สามชุก,สุพรรณบุรี,Krasiao,Sam Chuk,Suphan Buri
720901,72160,อู่ทอง,อู่ทอง,สุพรรณบุรี,U Thong,U Thong,Suphan Buri
720902,72220,สระยายโสม,อู่ทอง,สุพรรณบุรี,Sa Yai Som,U Thong,Suphan Buri
720903,72160,จรเข้สามพัน,อู่ทอง,สุพรรณบุรี,Chorakhe Sam Phan,U Thong,Suphan Buri
720904,72160,บ้านดอน,อู่ทอง,สุพรรณบุรี,Ban Don,U Thong,Suphan Buri
720905,72160,ยุ้งทะลาย,อู่ทอง,สุพรรณบุรี,Yung Thalai,U Thong,Suphan Buri
720906,72220,ดอนมะเกลือ,อู่ทอง,สุพรรณบุรี,Don Makluea,U Thong,Suphan Buri
720907,72160,หนองโอ่ง,อู่ทอง,สุพรรณบุรี,Nong Ong,U Thong,Suphan Buri
720908,72160,ดอนคา,อู่ทอง,สุพรรณบุรี,Don Kha,U Thong,Suphan Buri
720909,72160,พลับพลาไชย,อู่ทอง,สุพรรณบุรี,Phlapphla Chai,U Thong,Suphan Buri
720910,72160,บ้านโข้ง,อู่ทอง,สุพรรณบุรี,Ban Khong,U Thong,Suphan Buri
720911,72160,เจดีย์,อู่ทอง,สุพรรณบุรี,Chedi,U Thong,Suphan Buri
720912,72220,สระพังลาน,อู่ทอง,สุพรรณบุรี,Sa Phang Lan,U Thong,Suphan Buri
720913,72160,กระจัน,อู่ทอง,สุพรรณบุรี,Krachan,U Thong,Suphan Buri
721001,72240,หนองหญ้าไซ,หนองหญ้าไซ,สุพรรณบุรี,Nong Ya Sai,Nong Ya Sai,Suphan Buri
721002,72240,หนองราชวัตร,หนองหญ้าไซ,สุพรรณบุรี,Nong Ratchawat,Nong Ya Sai,Suphan Buri
721003,72240,หนองโพธิ์,หนองหญ้าไซ,สุพรรณบุรี,Nong Pho,Nong Ya Sai,Suphan Buri
721004,72240,แจงงาม,หนองหญ้าไซ,สุพรรณบุรี,Chaeng Ngam,Nong Ya Sai,Suphan Buri
721005,72240,หนองขาม,หนองหญ้าไซ,สุพรรณบุรี,Nong Kham,Nong Ya Sai,Suphan Buri
721006,72240,ทัพหลวง,หนองหญ้าไซ,สุพรรณบุรี,Thap Luang,Nong Ya Sai,Suphan Buri
730101,73000,พระปฐมเจดีย์,เมืองนครปฐม,นครปฐม,Phra Pathom Chedi,Mueang Nakhon Pathom,Nakhon Pathom
730102,73000,บางแขม,เมืองนครปฐม,นครปฐม,Bang Khaem,Mueang Nakhon Pathom,Nakhon Pathom
730103,73000,พระประโทน,เมืองนครปฐม,นครปฐม,Phra Prathon,Mueang Nakhon Pathom,Nakhon Pathom
730104,73000,ธรรมศาลา,เมืองนครปฐม,นครปฐม,Thammasala,Mueang Nakhon Pathom,Nakhon Pathom
730105,73000,ตาก้อง,เมืองนครปฐม,นครปฐม,Ta Kong,Mueang Nakhon Pathom,Nakhon Pathom
730106,73000,มาบแค,เมืองนครปฐม,นครปฐม,Map Khae,Mueang Nakhon Pathom,Nakhon Pathom
730107,73000,สนามจันทร์,เมืองนครปฐม,นครปฐม,Sanam Chan,Mueang Nakhon Pathom,Nakhon Pathom
730108,73000,ดอนยายหอม,เมืองนครปฐม,นครปฐม,Don Yai Hom,Mueang Nakhon Pathom,Nakhon Pathom
730109,73000,ถนนขาด,เมืองนครปฐม,นครปฐม,Thanon Khat,Mueang Nakhon Pathom,Nakhon Pathom
730110,73000,บ่อพลับ,เมืองนครปฐม,นครปฐม,Bo Phlap,Mueang Nakhon Pathom,Nakhon Pathom
730111,73000,นครปฐม,เมืองนครปฐม,นครปฐม,Nakhon Pathom,Mueang Nakhon Pathom,Nakhon Pathom
730112,73000,วังตะกู,เมืองนครปฐม,นครปฐม,Wang Taku,Mueang Nakhon Pathom,Nakhon Pathom
730113,73000,หนองปากโลง,เมืองนครปฐม,นครปฐม,Nong Pak Long,Mueang Nakhon Pathom,Nakhon Pathom
730114,73000,สามควายเผือก,เมืองนครปฐม,นครปฐม,Sam Khwai Phueak,Mueang Nakhon Pathom,Nakhon Pathom
730115,73000,ทุ่งน้อย,เมืองนครปฐม,นครปฐม,Thung Noi,Mueang Nakhon Pathom,Nakhon Pathom
730116,73000,หนองดินแดง,เมืองนครปฐม,นครปฐม,Nong Din Daeng,Mueang Nakhon Pathom,Nakhon Pathom
730117,73000,วังเย็น,เมืองนครปฐม,นครปฐม,Wang Yen,Mueang Nakhon Pathom,Nakhon Pathom
730118,73000,โพรงมะเดื่อ,เมืองนครปฐม,นครปฐม,Phrong Maduea,Mueang Nakhon Pathom,Nakhon Pathom
730119,73000,ลำพยา,เมืองนครปฐม,นครปฐม,Lam Phaya,Mueang Nakhon Pathom,Nakhon Pathom
730120,73000,สระกะเทียม,เมืองนครปฐม,นครปฐม,Sa Kathiam,Mueang Nakhon Pathom,Nakhon Pathom
730121,73000,สวนป่าน,เมืองนครปฐม,นครปฐม,Suan Pan,Mueang Nakhon Pathom,Nakhon Pathom
730122,73000,ห้วยจรเข้,เมืองนครปฐม,นครปฐม,Huai Chorakhe,Mueang Nakhon Pathom,Nakhon Pathom
730123,73000,ทัพหลวง,เมืองนครปฐม,นครปฐม,Thap Luang,Mueang Nakhon Pathom,Nakhon Pathom
730124,73000,หนองงูเหลือม,เมืองนครปฐม,นครปฐม,Nong Ngu Lueam,Mueang Nakhon Pathom,Nakhon Pathom
730125,73000,บ้านยาง,เมืองนครปฐม,นครปฐม,Ban Yang,Mueang Nakhon Pathom,Nakhon Pathom
730201,73140,ทุ่งกระพังโหม,กำแพงแสน,นครปฐม,Thung Kraphang Hom,Kamphaeng Saen,Nakhon Pathom
730202,73180,กระตีบ,กำแพงแสน,นครปฐม,Kratip,Kamphaeng Saen,Nakhon Pathom
730203,73140,ทุ่งลูกนก,กำแพงแสน,นครปฐม,Thung Luk Nok,Kamphaeng Saen,Nakhon Pathom
730204,73140,ห้วยขวาง,กำแพงแสน,นครปฐม,Huai Khwang,Kamphaeng Saen,Nakhon Pathom
730205,73140,ทุ่งขวาง,กำแพงแสน,นครปฐม,Thung Khwang,Kamphaeng Saen,Nakhon Pathom
730206,73140,สระสี่มุม,กำแพงแสน,นครปฐม,Sa Si Mum,Kamphaeng Saen,Nakhon Pathom
730207,73140,ทุ่งบัว,กำแพงแสน,นครปฐม,Thung Bua,Kamphaeng Saen,Nakhon Pathom
730208,73140,ดอนข่อย,กำแพงแสน,นครปฐม,Don Khoi,Kamphaeng Saen,Nakhon Pathom
730209,73180,สระพัฒนา,กำแพงแสน,นครปฐม,Sa Phatthana,Kamphaeng Saen,Nakhon Pathom
730210,73140,ห้วยหมอนทอง,กำแพงแสน,นครปฐม,Huai Mon Thong,Kamphaeng Saen,Nakhon Pathom
730211,73180,ห้วยม่วง,กำแพงแสน,นครปฐม,Huai Muang,Kamphaeng Saen,Nakhon Pathom
730212,73140,กำแพงแสน,กำแพงแสน,นครปฐม,Kamphaeng Saen,Kamphaeng Saen,Nakhon Pathom
730213,73140,รางพิกุล,กำแพงแสน,นครปฐม,Rang Phikun,Kamphaeng Saen,Nakhon Pathom
730214,73140,หนองกระทุ่ม,กำแพงแสน,นครปฐม,Nong Krathum,Kamphaeng Saen,Nakhon Pathom
730215,73140,วังน้ำเขียว,กำแพงแสน,นครปฐม,Wang Nam Khiao,Kamphaeng Saen,Nakhon Pathom
730301,73120,นครชัยศรี,นครชัยศรี,นครปฐม,Nakhon Chai Si,Nakhon Chai Si,Nakhon Pathom
730302,73120,บางกระเบา,นครชัยศรี,นครปฐม,Bang Krabao,Nakhon Chai Si,Nakhon Pathom
730303,73120,วัดแค,นครชัยศรี,นครปฐม,Wat Khae,Nakhon Chai Si,Nakhon Pathom
730304,73120,ท่าตำหนัก,นครชัยศรี,นครปฐม,Tha Tamnak,Nakhon Chai Si,Nakhon Pathom
730305,73120,บางแก้ว,นครชัยศรี,นครปฐม,Bang Kaeo,Nakhon Chai Si,Nakhon Pathom
730306,73120,ท่ากระชับ,นครชัยศรี,นครปฐม,Tha Krachap,Nakhon Chai Si,Nakhon Pathom
730307,73120,ขุนแก้ว,นครชัยศรี,นครปฐม,Khun Kaeo,Nakhon Chai Si,Nakhon Pathom
730308,73120,ท่าพระยา,นครชัยศรี,นครปฐม,Tha Phraya,Nakhon Chai Si,Nakhon Pathom
730309,73120,พะเนียด,นครชัยศรี,นครปฐม,Phaniat,Nakhon Chai Si,Nakhon Pathom
730310,73120,บางระกำ,นครชัยศรี,นครปฐม,Bang Rakam,Nakhon Chai Si,Nakhon Pathom
730311,73120,โคกพระเจดีย์,นครชัยศรี,นครปฐม,Khok Phra Chedi,Nakhon Chai Si,Nakhon Pathom
730312,73120,ศรีษะทอง,นครชัยศรี,นครปฐม,Sisa Thong,Nakhon Chai Si,Nakhon Pathom
730313,73120,แหลมบัว,นครชัยศรี,นครปฐม,Laem Bua,Nakhon Chai Si,Nakhon Pathom
730314,73120,ศรีมหาโพธิ์,นครชัยศรี,นครปฐม,Si Mahapho,Nakhon Chai Si,Nakhon Pathom
730315,73120,สัมปทวน,นครชัยศรี,นครปฐม,Sampathuan,Nakhon Chai Si,Nakhon Pathom
730316,73120,วัดสำโรง,นครชัยศรี,นครปฐม,Wat Samrong,Nakhon Chai Si,Nakhon Pathom
730317,73120,ดอนแฝก,นครชัยศรี,นครปฐม,Don Faek,Nakhon Chai Si,Nakhon Pathom
730318,73120,ห้วยพลู,นครชัยศรี,นครปฐม,Huai Phlu,Nakhon Chai Si,Nakhon Pathom
730319,73120,วัดละมุด,นครชัยศรี,นครปฐม,Wat Lamut,Nakhon Chai Si,Nakhon Pathom
730320,73120,บางพระ,นครชัยศรี,นครปฐม,Bang Phra,Nakhon Chai Si,Nakhon Pathom
730321,73120,บางแก้วฟ้า,นครชัยศรี,นครปฐม,Bang Kaeo Fa,Nakhon Chai Si,Nakhon Pathom
730322,73120,ลานตากฟ้า,นครชัยศรี,นครปฐม,Lan Tak Fa,Nakhon Chai Si,Nakhon Pathom
730323,73120,งิ้วราย,นครชัยศรี,นครปฐม,Ngio Rai,Nakhon Chai Si,Nakhon Pathom
730324,73120,ไทยาวาส,นครชัยศรี,นครปฐม,Thaiyawat,Nakhon Chai Si,Nakhon Pathom
730401,73150,สามง่าม,ดอนตูม,นครปฐม,Sam Ngam,Don Tum,Nakhon Pathom
730402,73150,ห้วยพระ,ดอนตูม,นครปฐม,Huai Phra,Don Tum,Nakhon Pathom
730403,73150,ลำเหย,ดอนตูม,นครปฐม,Lam Hoei,Don Tum,Nakhon Pathom
730404,73150,ดอนพุทรา,ดอนตูม,นครปฐม,Don Phutsa,Don Tum,Nakhon Pathom
730405,73150,บ้านหลวง,ดอนตูม,นครปฐม,Ban Luang,Don Tum,Nakhon Pathom
730406,73150,ดอนรวก,ดอนตูม,นครปฐม,Don Ruak,Don Tum,Nakhon Pathom
730407,73150,ห้วยด้วน,ดอนตูม,นครปฐม,Huai Duan,Don Tum,Nakhon Pathom
730408,73150,ลำลูกบัว,ดอนตูม,นครปฐม,Lam Luk Bua,Don Tum,Nakhon Pathom
730501,73130,บางเลน,บางเลน,นครปฐม,Bang Len,Bang Len,Nakhon Pathom
730502,73130,บางปลา,บางเลน,นครปฐม,Bang Pla,Bang Len,Nakhon Pathom
730503,73190,บางหลวง,บางเลน,นครปฐม,Bang Luang,Bang Len,Nakhon Pathom
730504,73130,บางภาษี,บางเลน,นครปฐม,Bang Phasi,Bang Len,Nakhon Pathom
730505,73130,บางระกำ,บางเลน,นครปฐม,Bang Rakam,Bang Len,Nakhon Pathom
730506,73130,บางไทรป่า,บางเลน,นครปฐม,Bang Sai Pa,Bang Len,Nakhon Pathom
730507,73190,หินมูล,บางเลน,นครปฐม,Hin Mun,Bang Len,Nakhon Pathom
730508,73130,ไทรงาม,บางเลน,นครปฐม,Sai Ngam,Bang Len,Nakhon Pathom
730509,73130,ดอนตูม,บางเลน,นครปฐม,Don Tum,Bang Len,Nakhon Pathom
730510,73130,นิลเพชร,บางเลน,นครปฐม,Nin Phet,Bang Len,Nakhon Pathom
730511,73130,บัวปากท่า,บางเลน,นครปฐม,Bua Pak Tha,Bang Len,Nakhon Pathom
730512,73130,คลองนกกระทุง,บางเลน,นครปฐม,Khlong Nok Krathung,Bang Len,Nakhon Pathom
730513,73130,นราภิรมย์,บางเลน,นครปฐม,Nara Phirom,Bang Len,Nakhon Pathom
730514,73130,ลำพญา,บางเลน,นครปฐม,Lam Phaya,Bang Len,Nakhon Pathom
730515,73130,ไผ่หูช้าง,บางเลน,นครปฐม,Phai Hu Chang,Bang Len,Nakhon Pathom
730601,73110,ท่าข้าม,สามพราน,นครปฐม,Tha Kham,Sam Phran,Nakhon Pathom
730602,73210,ทรงคนอง,สามพราน,นครปฐม,Song Khanong,Sam Phran,Nakhon Pathom
730603,73110,หอมเกร็ด,สามพราน,นครปฐม,Hom Kret,Sam Phran,Nakhon Pathom
730604,73210,บางกระทึก,สามพราน,นครปฐม,Bang Krathuek,Sam Phran,Nakhon Pathom
730605,73210,บางเตย,สามพราน,นครปฐม,Bang Toei,Sam Phran,Nakhon Pathom
730606,73110,สามพราน,สามพราน,นครปฐม,Sam Phran,Sam Phran,Nakhon Pathom
730607,73110,บางช้าง,สามพราน,นครปฐม,Bang Chang,Sam Phran,Nakhon Pathom
730608,73210,ไร่ขิง,สามพราน,นครปฐม,Rai Khing,Sam Phran,Nakhon Pathom
730609,73110,ท่าตลาด,สามพราน,นครปฐม,Tha Talat,Sam Phran,Nakhon Pathom
730610,73220,กระทุ่มล้ม,สามพราน,นครปฐม,Krathum Lom,Sam Phran,Nakhon Pathom
730611,73110,คลองใหม่,สามพราน,นครปฐม,Khlong Mai,Sam Phran,Nakhon Pathom
730612,73110,ตลาดจินดา,สามพราน,นครปฐม,Talat Chinda,Sam Phran,Nakhon Pathom
730613,73110,คลองจินดา,สามพราน,นครปฐม,Khlong Chinda,Sam Phran,Nakhon Pathom
730614,73110,ยายชา,สามพราน,นครปฐม,Yai Cha,Sam Phran,Nakhon Pathom
730615,73110,บ้านใหม่,สามพราน,นครปฐม,Ban Mai,Sam Phran,Nakhon Pathom
730616,73160,อ้อมใหญ่,สามพราน,นครปฐม,Om Yai,Sam Phran,Nakhon Pathom
730701,73170,ศาลายา,พุทธมณฑล,นครปฐม,Sala Ya,Phutthamonthon,Nakhon Pathom
730702,73170,คลองโยง,พุทธมณฑล,นครปฐม,Khlong Yong,Phutthamonthon,Nakhon Pathom
730703,73170,มหาสวัสดิ์,พุทธมณฑล,นครปฐม,Mahasawat,Phutthamonthon,Nakhon Pathom
740101,74000,มหาชัย,เมืองสมุทรสาคร,สมุทรสาคร,Mahachai,Mueang Samut Sakhon,Samut Sakhon
740102,74000,ท่าฉลอม,เมืองสมุทรสาคร,สมุทรสาคร,Tha Chalom,Mueang Samut Sakhon,Samut Sakhon
740103,74000,โกรกกราก,เมืองสมุทรสาคร,สมุทรสาคร,Krok Krak,Mueang Samut Sakhon,Samut Sakhon
740104,74000,บ้านบ่อ,เมืองสมุทรสาคร,สมุทรสาคร,Ban Bo,Mueang Samut Sakhon,Samut Sakhon
740105,74000,บางโทรัด,เมืองสมุทรสาคร,สมุทรสาคร,Bang Thorat,Mueang Samut Sakhon,Samut Sakhon
740106,74000,กาหลง,เมืองสมุทรสาคร,สมุทรสาคร,Kalong,Mueang Samut Sakhon,Samut Sakhon
740107,74000,นาโคก,เมืองสมุทรสาคร,สมุทรสาคร,Na Khok,Mueang Samut Sakhon,Samut Sakhon
740108,74000,ท่าจีน,เมืองสมุทรสาคร,สมุทรสาคร,Tha Chin,Mueang Samut Sakhon,Samut Sakhon
740109,74000,นาดี,เมืองสมุทรสาคร,สมุทรสาคร,Na Di,Mueang Samut Sakhon,Samut Sakhon
740110,74000,ท่าทราย,เมืองสมุทรสาคร,สมุทรสาคร,Tha Sai,Mueang Samut Sakhon,Samut Sakhon
740111,74000,คอกกระบือ,เมืองสมุทรสาคร,สมุทรสาคร,Khok Krabue,Mueang Samut Sakhon,Samut Sakhon
740112,74000,บางน้ำจืด,เมืองสมุทรสาคร,สมุทรสาคร,Bang Nam Chuet,Mueang Samut Sakhon,Samut Sakhon
740113,74000,พันท้ายนรสิงห์,เมืองสมุทรสาคร,สมุทรสาคร,Phanthai Norasing,Mueang Samut Sakhon,Samut Sakhon
740114,74000,โคกขาม,เมืองสมุทรสาคร,สมุทรสาคร,Khok Kham,Mueang Samut Sakhon,Samut Sakhon
740115,74000,บ้านเกาะ,เมืองสมุทรสาคร,สมุทรสาคร,Ban Ko,Mueang Samut Sakhon,Samut Sakhon
740116,74000,บางกระเจ้า,เมืองสมุทรสาคร,สมุทรสาคร,Bang Krachao,Mueang Samut Sakhon,Samut Sakhon
740117,74000,บางหญ้าแพรก,เมืองสมุทรสาคร,สมุทรสาคร,Bang Ya Phraek,Mueang Samut Sakhon,Samut Sakhon
740118,74000,ชัยมงคล,เมืองสมุทรสาคร,สมุทรสาคร,Chai Mongkhon,Mueang Samut Sakhon,Samut Sakhon
740201,74110,ตลาดกระทุ่มแบน,กระทุ่มแบน,สมุทรสาคร,Talat Krathum Baen,Krathum Baen,Samut Sakhon
740202,74130,อ้อมน้อย,กระทุ่มแบน,สมุทรสาคร,Om Noi,Krathum Baen,Samut Sakhon
740203,74110,ท่าไม้,กระทุ่มแบน,สมุทรสาคร,Tha Mai,Krathum Baen,Samut Sakhon
740204,74110,สวนหลวง,กระทุ่มแบน,สมุทรสาคร,Suan Luang,Krathum Baen,Samut Sakhon
740205,74110,บางยาง,กระทุ่มแบน,สมุทรสาคร,Bang Yang,Krathum Baen,Samut Sakhon
740206,74110,คลองมะเดื่อ,กระทุ่มแบน,สมุทรสาคร,Khlong Maduea,Krathum Baen,Samut Sakhon
740207,74110,หนองนกไข่,กระทุ่มแบน,สมุทรสาคร,Nong Nok Khai,Krathum Baen,Samut Sakhon
740208,74110,ดอนไก่ดี,กระทุ่มแบน,สมุทรสาคร,Don Kai Di,Krathum Baen,Samut Sakhon
740209,74110,แคราย,กระทุ่มแบน,สมุทรสาคร,Khae Rai,Krathum Baen,Samut Sakhon
740210,74110,ท่าเสา,กระทุ่มแบน,สมุทรสาคร,Tha Sao,Krathum Baen,Samut Sakhon
740301,74120,บ้านแพ้ว,บ้านแพ้ว,สมุทรสาคร,Ban Phaeo,Ban Phaeo,Samut Sakhon
740302,74120,หลักสาม,บ้านแพ้ว,สมุทรสาคร,Lak Sam,Ban Phaeo,Samut Sakhon
740303,74120,ยกกระบัตร,บ้านแพ้ว,สมุทรสาคร,Yok Krabat,Ban Phaeo,Samut Sakhon
740304,74120,โรงเข้,บ้านแพ้ว,สมุทรสาคร,Rong Khe,Ban Phaeo,Samut Sakhon
740305,74120,หนองสองห้อง,บ้านแพ้ว,สมุทรสาคร,Nong Song Hong,Ban Phaeo,Samut Sakhon
740306,74120,หนองบัว,บ้านแพ้ว,สมุทรสาคร,Nong Bua,Ban Phaeo,Samut Sakhon
740307,74120,หลักสอง,บ้านแพ้ว,สมุทรสาคร,Lak Song,Ban Phaeo,Samut Sakhon
740308,74120,เจ็ดริ้ว,บ้านแพ้ว,สมุทรสาคร,Chet Rio,Ban Phaeo,Samut Sakhon
740309,74120,คลองตัน,บ้านแพ้ว,สมุทรสาคร,Khlong Tan,Ban Phaeo,Samut Sakhon
740310,74120,อำแพง,บ้านแพ้ว,สมุทรสาคร,Amphaeng,Ban Phaeo,Samut Sakhon
740311,74120,สวนส้ม,บ้านแพ้ว,สมุทรสาคร,Suan Som,Ban Phaeo,Samut Sakhon
740312,74120,เกษตรพัฒนา,บ้านแพ้ว,สมุทรสาคร,Kaset Phatthana,Ban Phaeo,Samut Sakhon
750101,75000,แม่กลอง,เมืองสมุทรสงคราม,สมุทรสงคราม,Mae Klong,Mueang Samut Songkhram,Samut Songkhram
750102,75000,บางขันแตก,เมืองสมุทรสงคราม,สมุทรสงคราม,Bang Khan Taek,Mueang Samut Songkhram,Samut Songkhram
750103,75000,ลาดใหญ่,เมืองสมุทรสงคราม,สมุทรสงคราม,Lat Yai,Mueang Samut Songkhram,Samut Songkhram
750104,75000,บ้านปรก,เมืองสมุทรสงคราม,สมุทรสงคราม,Ban Prok,Mueang Samut Songkhram,Samut Songkhram
750105,75000,บางแก้ว,เมืองสมุทรสงคราม,สมุทรสงคราม,Bang Kaeo,Mueang Samut Songkhram,Samut Songkhram
750106,75000,ท้ายหาด,เมืองสมุทรสงคราม,สมุทรสงคราม,Thai Hat,Mueang Samut Songkhram,Samut Songkhram
750107,75000,แหลมใหญ่,เมืองสมุทรสงคราม,สมุทรสงคราม,Laem Yai,Mueang Samut Songkhram,Samut Songkhram
750108,75000,คลองเขิน,เมืองสมุทรสงคราม,สมุทรสงคราม,Khlong Khoen,Mueang Samut Songkhram,Samut Songkhram
750109,75000,คลองโคน,เมืองสมุทรสงคราม,สมุทรสงคราม,Khlong Khon,Mueang Samut Songkhram,Samut Songkhram
750110,75000,นางตะเคียน,เมืองสมุทรสงคราม,สมุทรสงคราม,Nang Takhian,Mueang Samut Songkhram,Samut Songkhram
750111,75000,บางจะเกร็ง,เมืองสมุทรสงคราม,สมุทรสงคราม,Bang Chakreng,Mueang Samut Songkhram,Samut Songkhram
750201,75120,กระดังงา,บางคนที,สมุทรสงคราม,Kradang Nga,Bang Khonthi,Samut Songkhram
750202,75120,บางสะแก,บางคนที,สมุทรสงคราม,Bang Sakae,Bang Khonthi,Samut Songkhram
750203,75120,บางยี่รงค์,บางคนที,สมุทรสงคราม,Bang Yi Rong,Bang Khonthi,Samut Songkhram
750204,75120,โรงหีบ,บางคนที,สมุทรสงคราม,Rong Hip,Bang Khonthi,Samut Songkhram
750205,75120,บางคนที,บางคนที,สมุทรสงคราม,Bang Khonthi,Bang Khonthi,Samut Songkhram
750206,75120,ดอนมะโนรา,บางคนที,สมุทรสงคราม,Don Manora,Bang Khonthi,Samut Songkhram
750207,75120,บางพรม,บางคนที,สมุทรสงคราม,Bang Phrom,Bang Khonthi,Samut Songkhram
750208,75120,บางกุ้ง,บางคนที,สมุทรสงคราม,Bang Kung,Bang Khonthi,Samut Songkhram
750209,75120,จอมปลวก,บางคนที,สมุทรสงคราม,Chom Pluak,Bang Khonthi,Samut Songkhram
750210,75120,บางนกแขวก,บางคนที,สมุทรสงคราม,Bang Nok Khwaek,Bang Khonthi,Samut Songkhram
750211,75120,ยายแพง,บางคนที,สมุทรสงคราม,Yai Phaeng,Bang Khonthi,Samut Songkhram
750212,75120,บางกระบือ,บางคนที,สมุทรสงคราม,Bang Krabue,Bang Khonthi,Samut Songkhram
750213,75120,บ้านปราโมทย์,บางคนที,สมุทรสงคราม,Ban Pramot,Bang Khonthi,Samut Songkhram
750301,75110,อัมพวา,อัมพวา,สมุทรสงคราม,Amphawa,Amphawa,Samut Songkhram
750302,75110,สวนหลวง,อัมพวา,สมุทรสงคราม,Suan Luang,Amphawa,Samut Songkhram
750303,75110,ท่าคา,อัมพวา,สมุทรสงคราม,Tha Kha,Amphawa,Samut Songkhram
750304,75110,วัดประดู่,อัมพวา,สมุทรสงคราม,Wat Pradu,Amphawa,Samut Songkhram
750305,75110,เหมืองใหม่,อัมพวา,สมุทรสงคราม,Mueang Mai,Amphawa,Samut Songkhram
750306,75110,บางช้าง,อัมพวา,สมุทรสงคราม,Bang Chang,Amphawa,Samut Songkhram
750307,75110,แควอ้อม,อัมพวา,สมุทรสงคราม,Khwae Om,Amphawa,Samut Songkhram
750308,75110,ปลายโพงพาง,อัมพวา,สมุทรสงคราม,Plai Phongphang,Amphawa,Samut Songkhram
750309,75110,บางแค,อัมพวา,สมุทรสงคราม,Bang Khae,Amphawa,Samut Songkhram
750310,75110,แพรกหนามแดง,อัมพวา,สมุทรสงคราม,Phraek Nam Daeng,Amphawa,Samut Songkhram
750311,75110,ยี่สาร,อัมพวา,สมุทรสงคราม,Yi San,Amphawa,Samut Songkhram
750312,75110,บางนางลี่,อัมพวา,สมุทรสงคราม,Bang Nang Li,Amphawa,Samut Songkhram
760101,76000,ท่าราบ,เมืองเพชรบุรี,เพชรบุรี,Tha Rap,Mueang Phetchaburi,Phetchaburi
760102,76000,คลองกระแชง,เมืองเพชรบุรี,เพชรบุรี,Khlong Krachaeng,Mueang Phetchaburi,Phetchaburi
760103,76000,บางจาน,เมืองเพชรบุรี,เพชรบุรี,Bang Chan,Mueang Phetchaburi,Phetchaburi
760104,76000,นาพันสาม,เมืองเพชรบุรี,เพชรบุรี,Na Phan Sam,Mueang Phetchaburi,Phetchaburi
760105,76000,ธงชัย,เมืองเพชรบุรี,เพชรบุรี,Thong Chai,Mueang Phetchaburi,Phetchaburi
760106,76000,บ้านกุ่ม,เมืองเพชรบุรี,เพชรบุรี,Ban Kum,Mueang Phetchaburi,Phetchaburi
760107,76000,หนองโสน,เมืองเพชรบุรี,เพชรบุรี,Nong Sano,Mueang Phetchaburi,Phetchaburi
760108,76000,ไร่ส้ม,เมืองเพชรบุรี,เพชรบุรี,Rai Som,Mueang Phetchaburi,Phetchaburi
760109,76000,เวียงคอย,เมืองเพชรบุรี,เพชรบุรี,Wiang Khoi,Mueang Phetchaburi,Phetchaburi
760110,76000,บางจาก,เมืองเพชรบุรี,เพชรบุรี,Bang Chak,Mueang Phetchaburi,Phetchaburi
760111,76000,บ้านหม้อ,เมืองเพชรบุรี,เพชรบุรี,Ban Mo,Mueang Phetchaburi,Phetchaburi
760112,76000,ต้นมะม่วง,เมืองเพชรบุรี,เพชรบุรี,Ton Mamuang,Mueang Phetchaburi,Phetchaburi
760113,76000,ช่องสะแก,เมืองเพชรบุรี,เพชรบุรี,Chong Sakae,Mueang Phetchaburi,Phetchaburi
760114,76000,นาวุ้ง,เมืองเพชรบุรี,เพชรบุรี,Na Wung,Mueang Phetchaburi,Phetchaburi
760115,76000,สำมะโรง,เมืองเพชรบุรี,เพชรบุรี,Sam Marong,Mueang Phetchaburi,Phetchaburi
760116,76000,โพพระ,เมืองเพชรบุรี,เพชรบุรี,Pho Phra,Mueang Phetchaburi,Phetchaburi
760117,76100,หาดเจ้าสำราญ,เมืองเพชรบุรี,เพชรบุรี,Hat Chao Samran,Mueang Phetchaburi,Phetchaburi
760118,76000,หัวสะพาน,เมืองเพชรบุรี,เพชรบุรี,Hua Saphan,Mueang Phetchaburi,Phetchaburi
760119,76000,ต้นมะพร้าว,เมืองเพชรบุรี,เพชรบุรี,Ton Maphrao,Mueang Phetchaburi,Phetchaburi
760120,76000,วังตะโก,เมืองเพชรบุรี,เพชรบุรี,Wang Tako,Mueang Phetchaburi,Phetchaburi
760121,76000,โพไร่หวาน,เมืองเพชรบุรี,เพชรบุรี,Pho Rai Wan,Mueang Phetchaburi,Phetchaburi
760122,76000,ดอนยาง,เมืองเพชรบุรี,เพชรบุรี,Don Yang,Mueang Phetchaburi,Phetchaburi
760123,76000,หนองขนาน,เมืองเพชรบุรี,เพชรบุรี,Nong Khanan,Mueang Phetchaburi,Phetchaburi
760124,76000,หนองพลับ,เมืองเพชรบุรี,เพชรบุรี,Nong Phlap,Mueang Phetchaburi,Phetchaburi
760201,76140,เขาย้อย,เขาย้อย,เพชรบุรี,Khao Yoi,Khao Yoi,Phetchaburi
760202,76140,สระพัง,เขาย้อย,เพชรบุรี,Sa Phang,Khao Yoi,Phetchaburi
760203,76140,บางเค็ม,เขาย้อย,เพชรบุรี,Bang Khem,Khao Yoi,Phetchaburi
760204,76140,ทับคาง,เขาย้อย,เพชรบุรี,Thap Khang,Khao Yoi,Phetchaburi
760205,76140,หนองปลาไหล,เขาย้อย,เพชรบุรี,Nong Pla Lai,Khao Yoi,Phetchaburi
760206,76140,หนองปรง,เขาย้อย,เพชรบุรี,Nong Prong,Khao Yoi,Phetchaburi
760207,76140,หนองชุมพล,เขาย้อย,เพชรบุรี,Nong Chumphon,Khao Yoi,Phetchaburi
760208,76140,ห้วยโรง,เขาย้อย,เพชรบุรี,Huai Rong,Khao Yoi,Phetchaburi
760209,76140,ห้วยท่าช้าง,เขาย้อย,เพชรบุรี,Huai Tha Chang,Khao Yoi,Phetchaburi
760210,76140,หนองชุมพลเหนือ,เขาย้อย,เพชรบุรี,Nong Chumphon Nuea,Khao Yoi,Phetchaburi
760301,76160,หนองหญ้าปล้อง,หนองหญ้าปล้อง,เพชรบุรี,Nong Ya Plong,Nong Ya Plong,Phetchaburi
760302,76160,ยางน้ำกลัดเหนือ,หนองหญ้าปล้อง,เพชรบุรี,Yang Nam Klat Nuea,Nong Ya Plong,Phetchaburi
760303,76160,ยางน้ำกลัดใต้,หนองหญ้าปล้อง,เพชรบุรี,Yang Nam Klat Tai,Nong Ya Plong,Phetchaburi
760304,76160,ท่าตะคร้อ,หนองหญ้าปล้อง,เพชรบุรี,Tha Takhro,Nong Ya Plong,Phetchaburi
760401,76120,ชะอำ,ชะอำ,เพชรบุรี,Cha-Am,Cha-Am,Phetchaburi
760402,76120,บางเก่า,ชะอำ,เพชรบุรี,Bang Kao,Cha-Am,Phetchaburi
760403,76120,นายาง,ชะอำ,เพชรบุรี,Na Yang,Cha-Am,Phetchaburi
760404,76120,เขาใหญ่,ชะอำ,เพชรบุรี,Khao Yai,Cha-Am,Phetchaburi
760405,76120,หนองศาลา,ชะอำ,เพชรบุรี,Nong Sala,Cha-Am,Phetchaburi
760406,76120,ห้วยทรายเหนือ,ชะอำ,เพชรบุรี,Huai Sai Nuea,Cha-Am,Phetchaburi
760407,76120,ไร่ใหม่พัฒนา,ชะอำ,เพชรบุรี,Rai Mai Phatthana,Cha-Am,Phetchaburi
760408,76120,สามพระยา,ชะอำ,เพชรบุรี,Sam Phraya,Cha-Am,Phetchaburi
760409,76120,ดอนขุนห้วย,ชะอำ,เพชรบุรี,Don Khun Huai,Cha-Am,Phetchaburi
760501,76130,ท่ายาง,ท่ายาง,เพชรบุรี,Tha Yang,Tha Yang,Phetchaburi
760502,76130,ท่าคอย,ท่ายาง,เพชรบุรี,Tha Khoi,Tha Yang,Phetchaburi
760503,76130,ยางหย่อง,ท่ายาง,เพชรบุรี,Yang Yong,Tha Yang,Phetchaburi
760504,76130,หนองจอก,ท่ายาง,เพชรบุรี,Nong Chok,Tha Yang,Phetchaburi
760505,76130,มาบปลาเค้า,ท่ายาง,เพชรบุรี,Map Pla Khao,Tha Yang,Phetchaburi
760506,76130,ท่าไม้รวก,ท่ายาง,เพชรบุรี,Tha Mai Ruak,Tha Yang,Phetchaburi
760507,76130,วังไคร้,ท่ายาง,เพชรบุรี,Wang Khrai,Tha Yang,Phetchaburi
760511,76130,กลัดหลวง,ท่ายาง,เพชรบุรี,Klat Luang,Tha Yang,Phetchaburi
760512,76130,ปึกเตียน,ท่ายาง,เพชรบุรี,Puek Tian,Tha Yang,Phetchaburi
760513,76130,เขากระปุก,ท่ายาง,เพชรบุรี,Khao Krapuk,Tha Yang,Phetchaburi
760514,76130,ท่าแลง,ท่ายาง,เพชรบุรี,Tha Laeng,Tha Yang,Phetchaburi
760515,76130,บ้านในดง,ท่ายาง,เพชรบุรี,Ban Nai Dong,Tha Yang,Phetchaburi
760601,76150,บ้านลาด,บ้านลาด,เพชรบุรี,Ban Lat,Ban Lat,Phetchaburi
760602,76150,บ้านหาด,บ้านลาด,เพชรบุรี,Ban Hat,Ban Lat,Phetchaburi
760603,76150,บ้านทาน,บ้านลาด,เพชรบุรี,Ban Than,Ban Lat,Phetchaburi
760604,76150,ตำหรุ,บ้านลาด,เพชรบุรี,Tamru,Ban Lat,Phetchaburi
760605,76150,สมอพลือ,บ้านลาด,เพชรบุรี,Samo Phlue,Ban Lat,Phetchaburi
760606,76150,ไร่มะขาม,บ้านลาด,เพชรบุรี,Rai Makham,Ban Lat,Phetchaburi
760607,76150,ท่าเสน,บ้านลาด,เพชรบุรี,Tha Sen,Ban Lat,Phetchaburi
760608,76150,หนองกระเจ็ด,บ้านลาด,เพชรบุรี,Nong Krachet,Ban Lat,Phetchaburi
760609,76150,หนองกะปุ,บ้านลาด,เพชรบุรี,Nong Kapu,Ban Lat,Phetchaburi
760610,76150,ลาดโพธิ์,บ้านลาด,เพชรบุรี,Lat Pho,Ban Lat,Phetchaburi
760611,76150,สะพานไกร,บ้านลาด,เพชรบุรี,Saphan Krai,Ban Lat,Phetchaburi
760612,76150,ไร่โคก,บ้านลาด,เพชรบุรี,Rai Khok,Ban Lat,Phetchaburi
760613,76150,โรงเข้,บ้านลาด,เพชรบุรี,Rong Khe,Ban Lat,Phetchaburi
760614,76150,ไร่สะท้อน,บ้านลาด,เพชรบุรี,Rai Sathon,Ban Lat,Phetchaburi
760615,76150,ห้วยข้อง,บ้านลาด,เพชรบุรี,Huai Khong,Ban Lat,Phetchaburi
760616,76150,ท่าช้าง,บ้านลาด,เพชรบุรี,Tha Chang,Ban Lat,Phetchaburi
760617,76150,ถ้ำรงค์,บ้านลาด,เพชรบุรี,Tham Rong,Ban Lat,Phetchaburi
760618,76150,ห้วยลึก,บ้านลาด,เพชรบุรี,Huai Luek,Ban Lat,Phetchaburi
760701,76110,บ้านแหลม,บ้านแหลม,เพชรบุรี,Ban Laem,Ban Laem,Phetchaburi
760702,76110,บางขุนไทร,บ้านแหลม,เพชรบุรี,Bang Khun Sai,Ban Laem,Phetchaburi
760703,76110,ปากทะเล,บ้านแหลม,เพชรบุรี,Pak Thale,Ban Laem,Phetchaburi
760704,76110,บางแก้ว,บ้านแหลม,เพชรบุรี,Bang Kaeo,Ban Laem,Phetchaburi
760705,76100,แหลมผักเบี้ย,บ้านแหลม,เพชรบุรี,Laem Phak Bia,Ban Laem,Phetchaburi
760706,76110,บางตะบูน,บ้านแหลม,เพชรบุรี,Bang Tabun,Ban Laem,Phetchaburi
760707,76110,บางตะบูนออก,บ้านแหลม,เพชรบุรี,Bang Tabun Ok,Ban Laem,Phetchaburi
760708,76110,บางครก,บ้านแหลม,เพชรบุรี,Bang Khrok,Ban Laem,Phetchaburi
760709,76110,ท่าแร้ง,บ้านแหลม,เพชรบุรี,Tha Raeng,Ban Laem,Phetchaburi
760710,76110,ท่าแร้งออก,บ้านแหลม,เพชรบุรี,Tha Raeng Ok,Ban Laem,Phetchaburi
760801,76170,แก่งกระจาน,แก่งกระจาน,เพชรบุรี,Kaeng Krachan,Kaeng Krachan,Phetchaburi
760802,76170,สองพี่น้อง,แก่งกระจาน,เพชรบุรี,Song Phi Nong,Kaeng Krachan,Phetchaburi
760803,76170,วังจันทร์,แก่งกระจาน,เพชรบุรี,Wang Chan,Kaeng Krachan,Phetchaburi
760804,76170,ป่าเด็ง,แก่งกระจาน,เพชรบุรี,Pa Deng,Kaeng Krachan,Phetchaburi
760805,76170,พุสวรรค์,แก่งกระจาน,เพชรบุรี,Phu Sawan,Kaeng Krachan,Phetchaburi
760806,76170,ห้วยแม่เพรียง,แก่งกระจาน,เพชรบุรี,Huai Mae Phriang,Kaeng Krachan,Phetchaburi
770101,77000,ประจวบคีรีขันธ์,เมืองประจวบคีรีขันธ์,ประจวบคีรีขันธ์,Prachuap Khiri Khan,Mueang Prachuap Khiri Khan,Prachuap Khiri Khan
770102,77000,เกาะหลัก,เมืองประจวบคีรีขันธ์,ประจวบคีรีขันธ์,Ko Lak,Mueang Prachuap Khiri Khan,Prachuap Khiri Khan
770103,77000,คลองวาฬ,เมืองประจวบคีรีขันธ์,ประจวบคีรีขันธ์,Khlong Wan,Mueang Prachuap Khiri Khan,Prachuap Khiri Khan
770104,77000,ห้วยทราย,เมืองประจวบคีรีขันธ์,ประจวบคีรีขันธ์,Huai Sai,Mueang Prachuap Khiri Khan,Prachuap Khiri Khan
770105,77000,อ่าวน้อย,เมืองประจวบคีรีขันธ์,ประจวบคีรีขันธ์,Ao Noi,Mueang Prachuap Khiri Khan,Prachuap Khiri Khan
770106,77210,บ่อนอก,เมืองประจวบคีรีขันธ์,ประจวบคีรีขันธ์,Bo Nok,Mueang Prachuap Khiri Khan,Prachuap Khiri Khan
770201,77150,กุยบุรี,กุยบุรี,ประจวบคีรีขันธ์,Kui Buri,Kui Buri,Prachuap Khiri Khan
770202,77150,กุยเหนือ,กุยบุรี,ประจวบคีรีขันธ์,Kui Nuea,Kui Buri,Prachuap Khiri Khan
770203,77150,เขาแดง,กุยบุรี,ประจวบคีรีขันธ์,Khao Daeng,Kui Buri,Prachuap Khiri Khan
770204,77150,ดอนยายหนู,กุยบุรี,ประจวบคีรีขันธ์,Don Yai Nu,Kui Buri,Prachuap Khiri Khan
770206,77150,สามกระทาย,กุยบุรี,ประจวบคีรีขันธ์,Sam Krathai,Kui Buri,Prachuap Khiri Khan
770207,77150,หาดขาม,กุยบุรี,ประจวบคีรีขันธ์,Hat Kham,Kui Buri,Prachuap Khiri Khan
770301,77130,ทับสะแก,ทับสะแก,ประจวบคีรีขันธ์,Thap Sakae,Thap Sakae,Prachuap Khiri Khan
770302,77130,อ่างทอง,ทับสะแก,ประจวบคีรีขันธ์,Ang Thong,Thap Sakae,Prachuap Khiri Khan
770303,77130,นาหูกวาง,ทับสะแก,ประจวบคีรีขันธ์,Na Hu Kwang,Thap Sakae,Prachuap Khiri Khan
770304,77130,เขาล้าน,ทับสะแก,ประจวบคีรีขันธ์,Khao Lan,Thap Sakae,Prachuap Khiri Khan
770305,77130,ห้วยยาง,ทับสะแก,ประจวบคีรีขันธ์,Huai Yang,Thap Sakae,Prachuap Khiri Khan
770306,77130,แสงอรุณ,ทับสะแก,ประจวบคีรีขันธ์,Saeng Arun,Thap Sakae,Prachuap Khiri Khan
770401,77140,กำเนิดนพคุณ,บางสะพาน,ประจวบคีรีขันธ์,Kamnoet Nopphakhun,Bang Saphan,Prachuap Khiri Khan
770402,77140,พงศ์ประศาสน์,บางสะพาน,ประจวบคีรีขันธ์,Phong Prasat,Bang Saphan,Prachuap Khiri Khan
770403,77230,ร่อนทอง,บางสะพาน,ประจวบคีรีขันธ์,Ron Thong,Bang Saphan,Prachuap Khiri Khan
770404,77190,ธงชัย,บางสะพาน,ประจวบคีรีขันธ์,Thong Chai,Bang Saphan,Prachuap Khiri Khan
770405,77190,ชัยเกษม,บางสะพาน,ประจวบคีรีขันธ์,Chai Kasem,Bang Saphan,Prachuap Khiri Khan
770406,77230,ทองมงคล,บางสะพาน,ประจวบคีรีขันธ์,Thong Mongkhon,Bang Saphan,Prachuap Khiri Khan
770407,77140,แม่รำพึง,บางสะพาน,ประจวบคีรีขันธ์,Mae Ramphueng,Bang Saphan,Prachuap Khiri Khan
770501,77170,ปากแพรก,บางสะพานน้อย,ประจวบคีรีขันธ์,Pak Phraek,Bang Saphan Noi,Prachuap Khiri Khan
770502,77170,บางสะพาน,บางสะพานน้อย,ประจวบคีรีขันธ์,Bang Saphan,Bang Saphan Noi,Prachuap Khiri Khan
770503,77170,ทรายทอง,บางสะพานน้อย,ประจวบคีรีขันธ์,Sai Thong,Bang Saphan Noi,Prachuap Khiri Khan
770504,77170,ช้างแรก,บางสะพานน้อย,ประจวบคีรีขันธ์,Chang Raek,Bang Saphan Noi,Prachuap Khiri Khan
770505,77170,ไชยราช,บางสะพานน้อย,ประจวบคีรีขันธ์,Chaiyarat,Bang Saphan Noi,Prachuap Khiri Khan
770601,77120,ปราณบุรี,ปราณบุรี,ประจวบคีรีขันธ์,Pran Buri,Pran Buri,Prachuap Khiri Khan
770602,77120,เขาน้อย,ปราณบุรี,ประจวบคีรีขันธ์,Khao Noi,Pran Buri,Prachuap Khiri Khan
770604,77220,ปากน้ำปราณ,ปราณบุรี,ประจวบคีรีขันธ์,Pak Nam Pran,Pran Buri,Prachuap Khiri Khan
770607,77120,หนองตาแต้ม,ปราณบุรี,ประจวบคีรีขันธ์,Nong Ta Taem,Pran Buri,Prachuap Khiri Khan
770608,77120,วังก์พง,ปราณบุรี,ประจวบคีรีขันธ์,Wang Phong,Pran Buri,Prachuap Khiri Khan
770609,77120,เขาจ้าว,ปราณบุรี,ประจวบคีรีขันธ์,Khao Chao,Pran Buri,Prachuap Khiri Khan
770701,77110,หัวหิน,หัวหิน,ประจวบคีรีขันธ์,Hua Hin,Hua Hin,Prachuap Khiri Khan
770702,77110,หนองแก,หัวหิน,ประจวบคีรีขันธ์,Nong Kae,Hua Hin,Prachuap Khiri Khan
770703,77110,หินเหล็กไฟ,หัวหิน,ประจวบคีรีขันธ์,Hin Lek Fai,Hua Hin,Prachuap Khiri Khan
770704,77110,หนองพลับ,หัวหิน,ประจวบคีรีขันธ์,Nong Phlap,Hua Hin,Prachuap Khiri Khan
770705,77110,ทับใต้,หัวหิน,ประจวบคีรีขันธ์,Thap Tai,Hua Hin,Prachuap Khiri Khan
770706,77110,ห้วยสัตว์ใหญ่,หัวหิน,ประจวบคีรีขันธ์,Huai Sat Yai,Hua Hin,Prachuap Khiri Khan
770707,77110,บึงนคร,หัวหิน,ประจวบคีรีขันธ์,Bueng Nakhon,Hua Hin,Prachuap Khiri Khan
770801,77120,สามร้อยยอด,สามร้อยยอด,ประจวบคีรีขันธ์,Sam Roi Yot,Sam Roi Yot,Prachuap Khiri Khan
770802,77180,ศิลาลอย,สามร้อยยอด,ประจวบคีรีขันธ์,Sila Loi,Sam Roi Yot,Prachuap Khiri Khan
770803,77180,ไร่เก่า,สามร้อยยอด,ประจวบคีรีขันธ์,Rai Kao,Sam Roi Yot,Prachuap Khiri Khan
770804,77180,ศาลาลัย,สามร้อยยอด,ประจวบคีรีขันธ์,Sala Lai,Sam Roi Yot,Prachuap Khiri Khan
770805,77180,ไร่ใหม่,สามร้อยยอด,ประจวบคีรีขันธ์,Rai Mai,Sam Roi Yot,Prachuap Khiri Khan
800101,80000,ในเมือง,เมืองนครศรีธรรมราช,นครศรีธรรมราช,Nai Mueang,Mueang Nakhon Si Thammarat,Nakhon Si Thammarat
800102,80000,ท่าวัง,เมืองนครศรีธรรมราช,นครศรีธรรมราช,Tha Wang,Mueang Nakhon Si Thammarat,Nakhon Si Thammarat
800103,80000,คลัง,เมืองนครศรีธรรมราช,นครศรีธรรมราช,Khlang,Mueang Nakhon Si Thammarat,Nakhon Si Thammarat
800106,80000,ท่าไร่,เมืองนครศรีธรรมราช,นครศรีธรรมราช,Tha Rai,Mueang Nakhon Si Thammarat,Nakhon Si Thammarat
800107,80000,ปากนคร,เมืองนครศรีธรรมราช,นครศรีธรรมราช,Pak Nakhon,Mueang Nakhon Si Thammarat,Nakhon Si Thammarat
800108,80280,นาทราย,เมืองนครศรีธรรมราช,นครศรีธรรมราช,Na Sai,Mueang Nakhon Si Thammarat,Nakhon Si Thammarat
800112,80280,กำแพงเซา,เมืองนครศรีธรรมราช,นครศรีธรรมราช,Kamphaeng Sao,Mueang Nakhon Si Thammarat,Nakhon Si Thammarat
800113,80000,ไชยมนตรี,เมืองนครศรีธรรมราช,นครศรีธรรมราช,Chai Montri,Mueang Nakhon Si Thammarat,Nakhon Si Thammarat
800114,80000,มะม่วงสองต้น,เมืองนครศรีธรรมราช,นครศรีธรรมราช,Mamuang Song Ton,Mueang Nakhon Si Thammarat,Nakhon Si Thammarat
800115,80000,นาเคียน,เมืองนครศรีธรรมราช,นครศรีธรรมราช,Na Khian,Mueang Nakhon Si Thammarat,Nakhon Si Thammarat
800116,80280,ท่างิ้ว,เมืองนครศรีธรรมราช,นครศรีธรรมราช,Tha Ngio,Mueang Nakhon Si Thammarat,Nakhon Si Thammarat
800118,80000,โพธิ์เสด็จ,เมืองนครศรีธรรมราช,นครศรีธรรมราช,Pho Sadet,Mueang Nakhon Si Thammarat,Nakhon Si Thammarat
800119,80330,บางจาก,เมืองนครศรีธรรมราช,นครศรีธรรมราช,Bang Chak,Mueang Nakhon Si Thammarat,Nakhon Si Thammarat
800120,80000,ปากพูน,เมืองนครศรีธรรมราช,นครศรีธรรมราช,Pak Phun,Mueang Nakhon Si Thammarat,Nakhon Si Thammarat
800121,80000,ท่าซัก,เมืองนครศรีธรรมราช,นครศรีธรรมราช,Tha Sak,Mueang Nakhon Si Thammarat,Nakhon Si Thammarat
800122,80290,ท่าเรือ,เมืองนครศรีธรรมราช,นครศรีธรรมราช,Tha Ruea,Mueang Nakhon Si Thammarat,Nakhon Si Thammarat
800201,80320,พรหมโลก,พรหมคีรี,นครศรีธรรมราช,Phrom Lok,Phrom Khiri,Nakhon Si Thammarat
800202,80320,บ้านเกาะ,พรหมคีรี,นครศรีธรรมราช,Ban Ko,Phrom Khiri,Nakhon Si Thammarat
800203,80320,อินคีรี,พรหมคีรี,นครศรีธรรมราช,In Khiri,Phrom Khiri,Nakhon Si Thammarat
800204,80320,ทอนหงส์,พรหมคีรี,นครศรีธรรมราช,Thon Hong,Phrom Khiri,Nakhon Si Thammarat
800205,80320,นาเรียง,พรหมคีรี,นครศรีธรรมราช,Na Riang,Phrom Khiri,Nakhon Si Thammarat
800301,80230,เขาแก้ว,ลานสกา,นครศรีธรรมราช,Khao Kaeo,Lan Saka,Nakhon Si Thammarat
800302,80230,ลานสกา,ลานสกา,นครศรีธรรมราช,Lan Saka,Lan Saka,Nakhon Si Thammarat
800303,80230,ท่าดี,ลานสกา,นครศรีธรรมราช,Tha Di,Lan Saka,Nakhon Si Thammarat
800304,80230,กำโลน,ลานสกา,นครศรีธรรมราช,Kamlon,Lan Saka,Nakhon Si Thammarat
800305,80230,ขุนทะเล,ลานสกา,นครศรีธรรมราช,Khun Thale,Lan Saka,Nakhon Si Thammarat
800401,80150,ฉวาง,ฉวาง,นครศรีธรรมราช,Chawang,Chawang,Nakhon Si Thammarat
800403,80250,ละอาย,ฉวาง,นครศรีธรรมราช,La-Ai,Chawang,Nakhon Si Thammarat
800404,80260,นาแว,ฉวาง,นครศรีธรรมราช,Na Wae,Chawang,Nakhon Si Thammarat
800405,80150,ไม้เรียง,ฉวาง,นครศรีธรรมราช,Mai Riang,Chawang,Nakhon Si Thammarat
800406,80260,กะเปียด,ฉวาง,นครศรีธรรมราช,Kapiat,Chawang,Nakhon Si Thammarat
800407,80150,นากะชะ,ฉวาง,นครศรีธรรมราช,Na Kacha,Chawang,Nakhon Si Thammarat
800409,80260,ห้วยปริก,ฉวาง,นครศรีธรรมราช,Huai Prik,Chawang,Nakhon Si Thammarat
800410,80150,ไสหร้า,ฉวาง,นครศรีธรรมราช,Sai Ra,Chawang,Nakhon Si Thammarat
800415,80260,นาเขลียง,ฉวาง,นครศรีธรรมราช,Na Khliang,Chawang,Nakhon Si Thammarat
800416,80250,จันดี,ฉวาง,นครศรีธรรมราช,Chan Di,Chawang,Nakhon Si Thammarat
800501,80270,พิปูน,พิปูน,นครศรีธรรมราช,Phipun,Phipun,Nakhon Si Thammarat
800502,80270,กะทูน,พิปูน,นครศรีธรรมราช,Kathun,Phipun,Nakhon Si Thammarat
800503,80270,เขาพระ,พิปูน,นครศรีธรรมราช,Khao Phra,Phipun,Nakhon Si Thammarat
800504,80270,ยางค้อม,พิปูน,นครศรีธรรมราช,Yang Khom,Phipun,Nakhon Si Thammarat
800505,80270,ควนกลาง,พิปูน,นครศรีธรรมราช,Khuan Klang,Phipun,Nakhon Si Thammarat
800601,80190,เชียรใหญ่,เชียรใหญ่,นครศรีธรรมราช,Chian Yai,Chian Yai,Nakhon Si Thammarat
800603,80190,ท่าขนาน,เชียรใหญ่,นครศรีธรรมราช,Tha Khanan,Chian Yai,Nakhon Si Thammarat
800604,80190,บ้านกลาง,เชียรใหญ่,นครศรีธรรมราช,Ban Klang,Chian Yai,Nakhon Si Thammarat
800605,80190,บ้านเนิน,เชียรใหญ่,นครศรีธรรมราช,Ban Noen,Chian Yai,Nakhon Si Thammarat
800606,80190,ไสหมาก,เชียรใหญ่,นครศรีธรรมราช,Sai Mak,Chian Yai,Nakhon Si Thammarat
800607,80190,ท้องลำเจียก,เชียรใหญ่,นครศรีธรรมราช,Thong Lamchiak,Chian Yai,Nakhon Si Thammarat
800610,80190,เสือหึง,เชียรใหญ่,นครศรีธรรมราช,Suea Hueng,Chian Yai,Nakhon Si Thammarat
800611,80190,การะเกด,เชียรใหญ่,นครศรีธรรมราช,Karaket,Chian Yai,Nakhon Si Thammarat
800612,80190,เขาพระบาท,เชียรใหญ่,นครศรีธรรมราช,Khao Phrabat,Chian Yai,Nakhon Si Thammarat
800613,80190,แม่เจ้าอยู่หัว,เชียรใหญ่,นครศรีธรรมราช,Mae Chao Yu Hua,Chian Yai,Nakhon Si Thammarat
800701,80180,ชะอวด,ชะอวด,นครศรีธรรมราช,Cha-Uat,Cha-Uat,Nakhon Si Thammarat
800702,80180,ท่าเสม็ด,ชะอวด,นครศรีธรรมราช,Tha Samet,Cha-Uat,Nakhon Si Thammarat
800703,80180,ท่าประจะ,ชะอวด,นครศรีธรรมราช,Tha Pracha,Cha-Uat,Nakhon Si Thammarat
800704,80180,เคร็ง,ชะอวด,นครศรีธรรมราช,Khreng,Cha-Uat,Nakhon Si Thammarat
800705,80180,วังอ่าง,ชะอวด,นครศรีธรรมราช,Wang Ang,Cha-Uat,Nakhon Si Thammarat
800706,80180,บ้านตูล,ชะอวด,นครศรีธรรมราช,Ban Tun,Cha-Uat,Nakhon Si Thammarat
800707,80180,ขอนหาด,ชะอวด,นครศรีธรรมราช,Khon Hat,Cha-Uat,Nakhon Si Thammarat
800708,80180,เกาะขันธ์,ชะอวด,นครศรีธรรมราช,Ko Khan,Cha-Uat,Nakhon Si Thammarat
800709,80180,ควนหนองหงษ์,ชะอวด,นครศรีธรรมราช,Khuan Nong Hong,Cha-Uat,Nakhon Si Thammarat
800710,80180,เขาพระทอง,ชะอวด,นครศรีธรรมราช,Khao Phra Thong,Cha-Uat,Nakhon Si Thammarat
800711,80180,นางหลง,ชะอวด,นครศรีธรรมราช,Nang Long,Cha-Uat,Nakhon Si Thammarat
800801,80160,ท่าศาลา,ท่าศาลา,นครศรีธรรมราช,Tha Sala,Tha Sala,Nakhon Si Thammarat
800802,80160,กลาย,ท่าศาลา,นครศรีธรรมราช,Klai,Tha Sala,Nakhon Si Thammarat
800803,80160,ท่าขึ้น,ท่าศาลา,นครศรีธรรมราช,Tha Khuen,Tha Sala,Nakhon Si Thammarat
800804,80160,หัวตะพาน,ท่าศาลา,นครศรีธรรมราช,Hua Taphan,Tha Sala,Nakhon Si Thammarat
800806,80160,สระแก้ว,ท่าศาลา,นครศรีธรรมราช,Sa Kaeo,Tha Sala,Nakhon Si Thammarat
800807,80160,โมคลาน,ท่าศาลา,นครศรีธรรมราช,Mo Khlan,Tha Sala,Nakhon Si Thammarat
800809,80160,ไทยบุรี,ท่าศาลา,นครศรีธรรมราช,Thai Buri,Tha Sala,Nakhon Si Thammarat
800810,80160,ดอนตะโก,ท่าศาลา,นครศรีธรรมราช,Don Tako,Tha Sala,Nakhon Si Thammarat
800811,80160,ตลิ่งชัน,ท่าศาลา,นครศรีธรรมราช,Taling Chan,Tha Sala,Nakhon Si Thammarat
800813,80160,โพธิ์ทอง,ท่าศาลา,นครศรีธรรมราช,Pho Thong,Tha Sala,Nakhon Si Thammarat
800901,80110,ปากแพรก,ทุ่งสง,นครศรีธรรมราช,Pak Phraek,Thung Song,Nakhon Si Thammarat
800902,80110,ชะมาย,ทุ่งสง,นครศรีธรรมราช,Chamai,Thung Song,Nakhon Si Thammarat
800903,80110,หนองหงส์,ทุ่งสง,นครศรีธรรมราช,Nong Hong,Thung Song,Nakhon Si Thammarat
800904,80110,ควนกรด,ทุ่งสง,นครศรีธรรมราช,Khuan Krot,Thung Song,Nakhon Si Thammarat
800905,80110,นาไม้ไผ่,ทุ่งสง,นครศรีธรรมราช,Na Mai Phai,Thung Song,Nakhon Si Thammarat
800906,80110,นาหลวงเสน,ทุ่งสง,นครศรีธรรมราช,Na Luang Sen,Thung Song,Nakhon Si Thammarat
800907,80110,เขาโร,ทุ่งสง,นครศรีธรรมราช,Khao Ro,Thung Song,Nakhon Si Thammarat
800908,80310,กะปาง,ทุ่งสง,นครศรีธรรมราช,Kapang,Thung Song,Nakhon Si Thammarat
800909,80110,ที่วัง,ทุ่งสง,นครศรีธรรมราช,Thi Wang,Thung Song,Nakhon Si Thammarat
800910,80110,น้ำตก,ทุ่งสง,นครศรีธรรมราช,Namtok,Thung Song,Nakhon Si Thammarat
800911,80110,ถ้ำใหญ่,ทุ่งสง,นครศรีธรรมราช,Tham Yai,Thung Song,Nakhon Si Thammarat
800912,80110,นาโพธิ์,ทุ่งสง,นครศรีธรรมราช,Na Pho,Thung Song,Nakhon Si Thammarat
800913,80110,เขาขาว,ทุ่งสง,นครศรีธรรมราช,Khao Khao,Thung Song,Nakhon Si Thammarat
801001,80220,นาบอน,นาบอน,นครศรีธรรมราช,Na Bon,Na Bon,Nakhon Si Thammarat
801002,80220,ทุ่งสง,นาบอน,นครศรีธรรมราช,Thung Song,Na Bon,Nakhon Si Thammarat
801003,80220,แก้วแสน,นาบอน,นครศรีธรรมราช,Kaeo Saen,Na Bon,Nakhon Si Thammarat
801101,80240,ท่ายาง,ทุ่งใหญ่,นครศรีธรรมราช,Tha Yang,Thung Yai,Nakhon Si Thammarat
801102,80240,ทุ่งสัง,ทุ่งใหญ่,นครศรีธรรมราช,Thung Sang,Thung Yai,Nakhon Si Thammarat
801103,80240,ทุ่งใหญ่,ทุ่งใหญ่,นครศรีธรรมราช,Thung Yai,Thung Yai,Nakhon Si Thammarat
801104,80240,กุแหระ,ทุ่งใหญ่,นครศรีธรรมราช,Kurae,Thung Yai,Nakhon Si Thammarat
801105,80240,ปริก,ทุ่งใหญ่,นครศรีธรรมราช,Prik,Thung Yai,Nakhon Si Thammarat
801106,80240,บางรูป,ทุ่งใหญ่,นครศรีธรรมราช,Bang Rup,Thung Yai,Nakhon Si Thammarat
801107,80240,กรุงหยัน,ทุ่งใหญ่,นครศรีธรรมราช,Krung Yan,Thung Yai,Nakhon Si Thammarat
801201,80140,ปากพนัง,ปากพนัง,นครศรีธรรมราช,Pak Phanang,Pak Phanang,Nakhon Si Thammarat
801202,80330,คลองน้อย,ปากพนัง,นครศรีธรรมราช,Khlong Noi,Pak Phanang,Nakhon Si Thammarat
801203,80140,ป่าระกำ,ปากพนัง,นครศรีธรรมราช,Pa Rakam,Pak Phanang,Nakhon Si Thammarat
801204,80330,ชะเมา,ปากพนัง,นครศรีธรรมราช,Chamao,Pak Phanang,Nakhon Si Thammarat
801205,80140,คลองกระบือ,ปากพนัง,นครศรีธรรมราช,Khlong Krabue,Pak Phanang,Nakhon Si Thammarat
801206,80330,เกาะทวด,ปากพนัง,นครศรีธรรมราช,Ko Thuat,Pak Phanang,Nakhon Si Thammarat
801207,80140,บ้านใหม่,ปากพนัง,นครศรีธรรมราช,Ban Mai,Pak Phanang,Nakhon Si Thammarat
801208,80140,หูล่อง,ปากพนัง,นครศรีธรรมราช,Hu Long,Pak Phanang,Nakhon Si Thammarat
801209,80140,แหลมตะลุมพุก,ปากพนัง,นครศรีธรรมราช,Laem Talumphuk,Pak Phanang,Nakhon Si Thammarat
801210,80140,ปากพนังฝั่งตะวันตก,ปากพนัง,นครศรีธรรมราช,Pak Phanang Fang Tawan Tok,Pak Phanang,Nakhon Si Thammarat
801211,80140,บางศาลา,ปากพนัง,นครศรีธรรมราช,Bang Sala,Pak Phanang,Nakhon Si Thammarat
801212,80140,บางพระ,ปากพนัง,นครศรีธรรมราช,Bang Phra,Pak Phanang,Nakhon Si Thammarat
801213,80140,บางตะพง,ปากพนัง,นครศรีธรรมราช,Bang Taphong,Pak Phanang,Nakhon Si Thammarat
801214,80140,ปากพนังฝั่งตะวันออก,ปากพนัง,นครศรีธรรมราช,Pak Phanang Fang Tawan Ok,Pak Phanang,Nakhon Si Thammarat
801215,80140,บ้านเพิง,ปากพนัง,นครศรีธรรมราช,Ban Phoeng,Pak Phanang,Nakhon Si Thammarat
801216,80140,ท่าพยา,ปากพนัง,นครศรีธรรมราช,Tha Phaya,Pak Phanang,Nakhon Si Thammarat
801217,80140,ปากแพรก,ปากพนัง,นครศรีธรรมราช,Pak Phraek,Pak Phanang,Nakhon Si Thammarat
801218,80140,ขนาบนาก,ปากพนัง,นครศรีธรรมราช,Khanap Nak,Pak Phanang,Nakhon Si Thammarat
801301,80130,ร่อนพิบูลย์,ร่อนพิบูลย์,นครศรีธรรมราช,Ron Phibun,Ron Phibun,Nakhon Si Thammarat
801302,80350,หินตก,ร่อนพิบูลย์,นครศรีธรรมราช,Hin Tok,Ron Phibun,Nakhon Si Thammarat
801303,80350,เสาธง,ร่อนพิบูลย์,นครศรีธรรมราช,Sao Thong,Ron Phibun,Nakhon Si Thammarat
801304,80130,ควนเกย,ร่อนพิบูลย์,นครศรีธรรมราช,Khuan Koei,Ron Phibun,Nakhon Si Thammarat
801305,80130,ควนพัง,ร่อนพิบูลย์,นครศรีธรรมราช,Khuan Phang,Ron Phibun,Nakhon Si Thammarat
801306,80130,ควนชุม,ร่อนพิบูลย์,นครศรีธรรมราช,Khuan Chum,Ron Phibun,Nakhon Si Thammarat
801401,80120,สิชล,สิชล,นครศรีธรรมราช,Sichon,Sichon,Nakhon Si Thammarat
801402,80120,ทุ่งปรัง,สิชล,นครศรีธรรมราช,Thung Prang,Sichon,Nakhon Si Thammarat
801403,80120,ฉลอง,สิชล,นครศรีธรรมราช,Chalong,Sichon,Nakhon Si Thammarat
801404,80340,เสาเภา,สิชล,นครศรีธรรมราช,Sao Phao,Sichon,Nakhon Si Thammarat
801405,80120,เปลี่ยน,สิชล,นครศรีธรรมราช,Plian,Sichon,Nakhon Si Thammarat
801406,80120,สี่ขีด,สิชล,นครศรีธรรมราช,Si Khit,Sichon,Nakhon Si Thammarat
801407,80340,เทพราช,สิชล,นครศรีธรรมราช,Theppharat,Sichon,Nakhon Si Thammarat
801408,80120,เขาน้อย,สิชล,นครศรีธรรมราช,Khao Noi,Sichon,Nakhon Si Thammarat
801409,80120,ทุ่งใส,สิชล,นครศรีธรรมราช,Thung Sai,Sichon,Nakhon Si Thammarat
801501,80210,ขนอม,ขนอม,นครศรีธรรมราช,Khanom,Khanom,Nakhon Si Thammarat
801502,80210,ควนทอง,ขนอม,นครศรีธรรมราช,Khuan Thong,Khanom,Nakhon Si Thammarat
801503,80210,ท้องเนียน,ขนอม,นครศรีธรรมราช,Thong Nian,Khanom,Nakhon Si Thammarat
801601,80170,หัวไทร,หัวไทร,นครศรีธรรมราช,Hua Sai,Hua Sai,Nakhon Si Thammarat
801602,80170,หน้าสตน,หัวไทร,นครศรีธรรมราช,Na Saton,Hua Sai,Nakhon Si Thammarat
801603,80170,ทรายขาว,หัวไทร,นครศรีธรรมราช,Sai Khao,Hua Sai,Nakhon Si Thammarat
801604,80170,แหลม,หัวไทร,นครศรีธรรมราช,Laem,Hua Sai,Nakhon Si Thammarat
801605,80170,เขาพังไกร,หัวไทร,นครศรีธรรมราช,Khao Phang Krai,Hua Sai,Nakhon Si Thammarat
801606,80170,บ้านราม,หัวไทร,นครศรีธรรมราช,Ban Ram,Hua Sai,Nakhon Si Thammarat
801607,80170,บางนบ,หัวไทร,นครศรีธรรมราช,Bang Nop,Hua Sai,Nakhon Si Thammarat
801608,80170,ท่าซอม,หัวไทร,นครศรีธรรมราช,Tha Som,Hua Sai,Nakhon Si Thammarat
801609,80170,ควนชะลิก,หัวไทร,นครศรีธรรมราช,Khuan Chalik,Hua Sai,Nakhon Si Thammarat
801610,80170,รามแก้ว,หัวไทร,นครศรีธรรมราช,Ram Kaeo,Hua Sai,Nakhon Si Thammarat
801611,80170,เกาะเพชร,หัวไทร,นครศรีธรรมราช,Ko Phet,Hua Sai,Nakhon Si Thammarat
801701,80360,บางขัน,บางขัน,นครศรีธรรมราช,Bang Khan,Bang Khan,Nakhon Si Thammarat
801702,80360,บ้านลำนาว,บางขัน,นครศรีธรรมราช,Ban Lamnao,Bang Khan,Nakhon Si Thammarat
801703,80360,วังหิน,บางขัน,นครศรีธรรมราช,Wang Hin,Bang Khan,Nakhon Si Thammarat
801704,80360,บ้านนิคม,บางขัน,นครศรีธรรมราช,Ban Nikhom,Bang Khan,Nakhon Si Thammarat
801801,80260,ถ้ำพรรณรา,ถ้ำพรรณรา,นครศรีธรรมราช,Tham Phannara,Tham Phannara,Nakhon Si Thammarat
801802,80260,คลองเส,ถ้ำพรรณรา,นครศรีธรรมราช,Khlong Se,Tham Phannara,Nakhon Si Thammarat
801803,80260,ดุสิต,ถ้ำพรรณรา,นครศรีธรรมราช,Dusit,Tham Phannara,Nakhon Si Thammarat
801901,80180,บ้านควนมุด,จุฬาภรณ์,นครศรีธรรมราช,Ban Khuan Mut,Chulabhorn,Nakhon Si Thammarat
801902,80180,บ้านชะอวด,จุฬาภรณ์,นครศรีธรรมราช,Ban Cha-Uat,Chulabhorn,Nakhon Si Thammarat
801903,80130,ควนหนองคว้า,จุฬาภรณ์,นครศรีธรรมราช,Khuan Nong Kwa,Chulabhorn,Nakhon Si Thammarat
801904,80130,ทุ่งโพธิ์,จุฬาภรณ์,นครศรีธรรมราช,Thung Pho,Chulabhorn,Nakhon Si Thammarat
801905,80130,นาหมอบุญ,จุฬาภรณ์,นครศรีธรรมราช,Na Mo Bun,Chulabhorn,Nakhon Si Thammarat
801906,80130,สามตำบล,จุฬาภรณ์,นครศรีธรรมราช,Sam Tambon,Chulabhorn,Nakhon Si Thammarat
802001,80000,นาพรุ,พระพรหม,นครศรีธรรมราช,Na Phru,Phra Phrom,Nakhon Si Thammarat
802002,80000,นาสาร,พระพรหม,นครศรีธรรมราช,Na San,Phra Phrom,Nakhon Si Thammarat
802003,80000,ท้ายสำเภา,พระพรหม,นครศรีธรรมราช,Thai Samphao,Phra Phrom,Nakhon Si Thammarat
802004,80000,ช้างซ้าย,พระพรหม,นครศรีธรรมราช,Chang Sai,Phra Phrom,Nakhon Si Thammarat
802101,80160,นบพิตำ,นบพิตำ,นครศรีธรรมราช,Nopphitam,Nopphitam,Nakhon Si Thammarat
802102,80160,กรุงชิง,นบพิตำ,นครศรีธรรมราช,Krung Ching,Nopphitam,Nakhon Si Thammarat
802103,80160,กะหรอ,นบพิตำ,นครศรีธรรมราช,Karo,Nopphitam,Nakhon Si Thammarat
802104,80160,นาเหรง,นบพิตำ,นครศรีธรรมราช,Na Reng,Nopphitam,Nakhon Si Thammarat
802201,80250,ช้างกลาง,ช้างกลาง,นครศรีธรรมราช,Chang Klang,Chang Klang,Nakhon Si Thammarat
802202,80250,หลักช้าง,ช้างกลาง,นครศรีธรรมราช,Lak Chang,Chang Klang,Nakhon Si Thammarat
802203,80250,สวนขัน,ช้างกลาง,นครศรีธรรมราช,Suan Khan,Chang Klang,Nakhon Si Thammarat
802301,80190,เชียรเขา,เฉลิมพระเกียรติ,นครศรีธรรมราช,Chian Khao,Chaloem Phra Kiet,Nakhon Si Thammarat
802302,80290,ดอนตรอ,เฉลิมพระเกียรติ,นครศรีธรรมราช,Don Tro,Chaloem Phra Kiet,Nakhon Si Thammarat
802303,80190,สวนหลวง,เฉลิมพระเกียรติ,นครศรีธรรมราช,Suan Luang,Chaloem Phra Kiet,Nakhon Si Thammarat
802304,80190,ทางพูน,เฉลิมพระเกียรติ,นครศรีธรรมราช,Thang Phun,Chaloem Phra Kiet,Nakhon Si Thammarat
810101,81000,ปากน้ำ,เมืองกระบี่,กระบี่,Pak Nam,Mueang Krabi,Krabi
810102,81000,กระบี่ใหญ่,เมืองกระบี่,กระบี่,Krabi Yai,Mueang Krabi,Krabi
810103,81000,กระบี่น้อย,เมืองกระบี่,กระบี่,Krabi Noi,Mueang Krabi,Krabi
810105,81000,เขาคราม,เมืองกระบี่,กระบี่,Khao Khram,Mueang Krabi,Krabi
810106,81000,เขาทอง,เมืองกระบี่,กระบี่,Khao Thong,Mueang Krabi,Krabi
810111,81000,ทับปริก,เมืองกระบี่,กระบี่,Thap Prik,Mueang Krabi,Krabi
810115,81000,ไสไทย,เมืองกระบี่,กระบี่,Sai Thai,Mueang Krabi,Krabi
810116,81000,อ่าวนาง,เมืองกระบี่,กระบี่,Ao Nang,Mueang Krabi,Krabi
810117,81000,หนองทะเล,เมืองกระบี่,กระบี่,Nong Thale,Mueang Krabi,Krabi
810118,81000,คลองประสงค์,เมืองกระบี่,กระบี่,Khlong Prasong,Mueang Krabi,Krabi
810201,81140,เขาพนม,เขาพนม,กระบี่,Khao Phanom,Khao Phanom,Krabi
810202,81140,เขาดิน,เขาพนม,กระบี่,Khao Din,Khao Phanom,Krabi
810203,80240,สินปุน,เขาพนม,กระบี่,Sin Pun,Khao Phanom,Krabi
810204,81140,พรุเตียว,เขาพนม,กระบี่,Phru Tiao,Khao Phanom,Krabi
810205,81140,หน้าเขา,เขาพนม,กระบี่,Na Khao,Khao Phanom,Krabi
810206,80240,โคกหาร,เขาพนม,กระบี่,Khok Han,Khao Phanom,Krabi
810301,81150,เกาะลันตาใหญ่,เกาะลันตา,กระบี่,Ko Lanta Yai,Ko Lanta,Krabi
810302,81150,เกาะลันตาน้อย,เกาะลันตา,กระบี่,Ko Lanta Noi,Ko Lanta,Krabi
810303,81120,เกาะกลาง,เกาะลันตา,กระบี่,Ko Klang,Ko Lanta,Krabi
810304,81120,คลองยาง,เกาะลันตา,กระบี่,Khlong Yang,Ko Lanta,Krabi
810305,81150,ศาลาด่าน,เกาะลันตา,กระบี่,Sala Dan,Ko Lanta,Krabi
810401,81120,คลองท่อมใต้,คลองท่อม,กระบี่,Khlong Thom Tai,Khlong Thom,Krabi
810402,81120,คลองท่อมเหนือ,คลองท่อม,กระบี่,Khlong Thom Nuea,Khlong Thom,Krabi
810403,81170,คลองพน,คลองท่อม,กระบี่,Khlong Phon,Khlong Thom,Krabi
810404,81170,ทรายขาว,คลองท่อม,กระบี่,Sai Khao,Khlong Thom,Krabi
810405,81120,ห้วยน้ำขาว,คลองท่อม,กระบี่,Huai Nam Khao,Khlong Thom,Krabi
810406,81120,พรุดินนา,คลองท่อม,กระบี่,Phru Din Na,Khlong Thom,Krabi
810407,81120,เพหลา,คลองท่อม,กระบี่,Phela,Khlong Thom,Krabi
810501,81110,อ่าวลึกใต้,อ่าวลึก,กระบี่,Ao Luek Tai,Ao Luek,Krabi
810502,81110,แหลมสัก,อ่าวลึก,กระบี่,Laem Sak,Ao Luek,Krabi
810503,81110,นาเหนือ,อ่าวลึก,กระบี่,Na Nuea,Ao Luek,Krabi
810504,81110,คลองหิน,อ่าวลึก,กระบี่,Khlong Hin,Ao Luek,Krabi
810505,81110,อ่าวลึกน้อย,อ่าวลึก,กระบี่,Ao Luek Noi,Ao Luek,Krabi
810506,81110,อ่าวลึกเหนือ,อ่าวลึก,กระบี่,Ao Luek Nuea,Ao Luek,Krabi
810507,81110,เขาใหญ่,อ่าวลึก,กระบี่,Khao Yai,Ao Luek,Krabi
810508,81110,คลองยา,อ่าวลึก,กระบี่,Khlong Ya,Ao Luek,Krabi
810509,81110,บ้านกลาง,อ่าวลึก,กระบี่,Ban Klang,Ao Luek,Krabi
810601,81160,ปลายพระยา,ปลายพระยา,กระบี่,Plai Phraya,Plai Phraya,Krabi
810602,81160,เขาเขน,ปลายพระยา,กระบี่,Khao Khen,Plai Phraya,Krabi
810603,81160,เขาต่อ,ปลายพระยา,กระบี่,Khao To,Plai Phraya,Krabi
810604,81160,คีรีวง,ปลายพระยา,กระบี่,Khiri Wong,Plai Phraya,Krabi
810701,81120,ลำทับ,ลำทับ,กระบี่,Lam Thap,Lam Thap,Krabi
810702,81120,ดินอุดม,ลำทับ,กระบี่,Din Udom,Lam Thap,Krabi
810703,81120,ทุ่งไทรทอง,ลำทับ,กระบี่,Thung Sai Thong,Lam Thap,Krabi
810704,81120,ดินแดง,ลำทับ,กระบี่,Din Daeng,Lam Thap,Krabi
810801,81130,เหนือคลอง,เหนือคลอง,กระบี่,Nuea Khlong,Nuea Khlong,Krabi
810802,81130,เกาะศรีบอยา,เหนือคลอง,กระบี่,Ko Si Boya,Nuea Khlong,Krabi
810803,81130,คลองขนาน,เหนือคลอง,กระบี่,Khlong Khanan,Nuea Khlong,Krabi
810804,81130,คลองเขม้า,เหนือคลอง,กระบี่,Khlong Khamao,Nuea Khlong,Krabi
810805,81130,โคกยาง,เหนือคลอง,กระบี่,Khok Yang,Nuea Khlong,Krabi
810806,81130,ตลิ่งชัน,เหนือคลอง,กระบี่,Taling Chan,Nuea Khlong,Krabi
810807,81130,ปกาสัย,เหนือคลอง,กระบี่,Pakasai,Nuea Khlong,Krabi
810808,81130,ห้วยยูง,เหนือคลอง,กระบี่,Huai Yung,Nuea Khlong,Krabi
820101,82000,ท้ายช้าง,เมืองพังงา,พังงา,Thai Chang,Mueang Phang-Nga,Phangnga
820102,82000,นบปริง,เมืองพังงา,พังงา,Nop Pring,Mueang Phang-Nga,Phangnga
820103,82000,ถ้ำน้ำผุด,เมืองพังงา,พังงา,Tham Nam Phut,Mueang Phang-Nga,Phangnga
820104,82000,บางเตย,เมืองพังงา,พังงา,Bang Toei,Mueang Phang-Nga,Phangnga
820105,82000,ตากแดด,เมืองพังงา,พังงา,Tak Daet,Mueang Phang-Nga,Phangnga
820106,82000,สองแพรก,เมืองพังงา,พังงา,Song Phraek,Mueang Phang-Nga,Phangnga
820107,82000,ทุ่งคาโงก,เมืองพังงา,พังงา,Thung Kha Ngok,Mueang Phang-Nga,Phangnga
820108,82000,เกาะปันหยี,เมืองพังงา,พังงา,Ko Panyi,Mueang Phang-Nga,Phangnga
820109,82000,ป่ากอ,เมืองพังงา,พังงา,Pa Ko,Mueang Phang-Nga,Phangnga
820201,82160,เกาะยาวน้อย,เกาะยาว,พังงา,Ko Yao Noi,Ko Yao,Phangnga
820202,82160,เกาะยาวใหญ่,เกาะยาว,พังงา,Ko Yao Yai,Ko Yao,Phangnga
820203,83000,พรุใน,เกาะยาว,พังงา,Phru Nai,Ko Yao,Phangnga
820301,82170,กะปง,กะปง,พังงา,Kapong,Kapong,Phangnga
820302,82170,ท่านา,กะปง,พังงา,Tha Na,Kapong,Phangnga
820303,82170,เหมาะ,กะปง,พังงา,Mo,Kapong,Phangnga
820304,82170,เหล,กะปง,พังงา,Le,Kapong,Phangnga
820305,82170,รมณีย์,กะปง,พังงา,Rommani,Kapong,Phangnga
820401,82130,ถ้ำ,ตะกั่วทุ่ง,พังงา,Tham,Takua Thung,Phangnga
820402,82130,กระโสม,ตะกั่วทุ่ง,พังงา,Krasom,Takua Thung,Phangnga
820403,82130,กะไหล,ตะกั่วทุ่ง,พังงา,Kalai,Takua Thung,Phangnga
820404,82130,ท่าอยู่,ตะกั่วทุ่ง,พังงา,Tha Yu,Takua Thung,Phangnga
820405,82140,หล่อยูง,ตะกั่วทุ่ง,พังงา,Lo Yung,Takua Thung,Phangnga
820406,82140,โคกกลอย,ตะกั่วทุ่ง,พังงา,Khok Kloi,Takua Thung,Phangnga
820407,82130,คลองเคียน,ตะกั่วทุ่ง,พังงา,Khlong Khian,Takua Thung,Phangnga
820501,82110,ตะกั่วป่า,ตะกั่วป่า,พังงา,Takua Pa,Takua Pa,Phangnga
820502,82110,บางนายสี,ตะกั่วป่า,พังงา,Bang Nai Si,Takua Pa,Phangnga
820503,82110,บางไทร,ตะกั่วป่า,พังงา,Bang Sai,Takua Pa,Phangnga
820504,82110,บางม่วง,ตะกั่วป่า,พังงา,Bang Muang,Takua Pa,Phangnga
820505,82110,ตำตัว,ตะกั่วป่า,พังงา,Tamtua,Takua Pa,Phangnga
820506,82110,โคกเคียน,ตะกั่วป่า,พังงา,Khok Khian,Takua Pa,Phangnga
820507,82190,คึกคัก,ตะกั่วป่า,พังงา,Khuek Khak,Takua Pa,Phangnga
820508,82190,เกาะคอเขา,ตะกั่วป่า,พังงา,Ko Kho Khao,Takua Pa,Phangnga
820601,82150,คุระ,คุระบุรี,พังงา,Khu Ra,Khura Buri,Phangnga
820602,82150,บางวัน,คุระบุรี,พังงา,Bang Wan,Khura Buri,Phangnga
820603,82150,เกาะพระทอง,คุระบุรี,พังงา,Ko Phra Thong,Khura Buri,Phangnga
820605,82150,แม่นางขาว,คุระบุรี,พังงา,Mae Nang Khao,Khura Buri,Phangnga
820701,82180,ทับปุด,ทับปุด,พังงา,Thap Put,Thap Put,Phangnga
820702,82180,มะรุ่ย,ทับปุด,พังงา,Marui,Thap Put,Phangnga
820703,82180,บ่อแสน,ทับปุด,พังงา,Bo Saen,Thap Put,Phangnga
820704,82180,ถ้ำทองหลาง,ทับปุด,พังงา,Tham Thong Lang,Thap Put,Phangnga
820705,82180,โคกเจริญ,ทับปุด,พังงา,Khok Charoen,Thap Put,Phangnga
820706,82180,บางเหรียง,ทับปุด,พังงา,Bang Riang,Thap Put,Phangnga
820801,82120,ท้ายเหมือง,ท้ายเหมือง,พังงา,Thai Mueang,Thai Mueang,Phangnga
820802,82120,นาเตย,ท้ายเหมือง,พังงา,Na Toei,Thai Mueang,Phangnga
820803,82120,บางทอง,ท้ายเหมือง,พังงา,Bang Thong,Thai Mueang,Phangnga
820804,82120,ทุ่งมะพร้าว,ท้ายเหมือง,พังงา,Thung Maphrao,Thai Mueang,Phangnga
820805,82120,ลำภี,ท้ายเหมือง,พังงา,Lam Phi,Thai Mueang,Phangnga
820806,82120,ลำแก่น,ท้ายเหมือง,พังงา,Lam Kaen,Thai Mueang,Phangnga
830101,83000,ตลาดใหญ่,เมืองภูเก็ต,ภูเก็ต,Talat Yai,Mueang Phuket,Phuket
830102,83000,ตลาดเหนือ,เมืองภูเก็ต,ภูเก็ต,Talat Nuea,Mueang Phuket,Phuket
830103,83000,เกาะแก้ว,เมืองภูเก็ต,ภูเก็ต,Ko Kaeo,Mueang Phuket,Phuket
830104,83000,รัษฎา,เมืองภูเก็ต,ภูเก็ต,Ratsada,Mueang Phuket,Phuket
830105,83000,วิชิต,เมืองภูเก็ต,ภูเก็ต,Wichit,Mueang Phuket,Phuket
830106,83130,ฉลอง,เมืองภูเก็ต,ภูเก็ต,Chalong,Mueang Phuket,Phuket
830107,83130,ราไวย์,เมืองภูเก็ต,ภูเก็ต,Rawai,Mueang Phuket,Phuket
830108,83100,กะรน,เมืองภูเก็ต,ภูเก็ต,Karon,Mueang Phuket,Phuket
830201,83120,กะทู้,กะทู้,ภูเก็ต,Kathu,Kathu,Phuket
830202,83150,ป่าตอง,กะทู้,ภูเก็ต,Patong,Kathu,Phuket
830203,83150,กมลา,กะทู้,ภูเก็ต,Kamala,Kathu,Phuket
830301,83110,เทพกระษัตรี,ถลาง,ภูเก็ต,Thep Krasattri,Thalang,Phuket
830302,83110,ศรีสุนทร,ถลาง,ภูเก็ต,Si Sunthon,Thalang,Phuket
830303,83110,เชิงทะเล,ถลาง,ภูเก็ต,Choeng Thale,Thalang,Phuket
830304,83110,ป่าคลอก,ถลาง,ภูเก็ต,Pa Khlok,Thalang,Phuket
830305,83110,ไม้ขาว,ถลาง,ภูเก็ต,Mai Khao,Thalang,Phuket
830306,83110,สาคู,ถลาง,ภูเก็ต,Sakhu,Thalang,Phuket
840101,84000,ตลาด,เมืองสุราษฎร์ธานี,สุราษฎร์ธานี,Talat,Mueang Surat Thani,Surat Thani
840102,84000,มะขามเตี้ย,เมืองสุราษฎร์ธานี,สุราษฎร์ธานี,Makham Tia,Mueang Surat Thani,Surat Thani
840103,84000,วัดประดู่,เมืองสุราษฎร์ธานี,สุราษฎร์ธานี,Wat Pradu,Mueang Surat Thani,Surat Thani
840104,84100,ขุนทะเล,เมืองสุราษฎร์ธานี,สุราษฎร์ธานี,Khun Thale,Mueang Surat Thani,Surat Thani
840105,84000,บางใบไม้,เมืองสุราษฎร์ธานี,สุราษฎร์ธานี,Bang Bai Mai,Mueang Surat Thani,Surat Thani
840106,84000,บางชนะ,เมืองสุราษฎร์ธานี,สุราษฎร์ธานี,Bang Chana,Mueang Surat Thani,Surat Thani
840107,84000,คลองน้อย,เมืองสุราษฎร์ธานี,สุราษฎร์ธานี,Khlong Noi,Mueang Surat Thani,Surat Thani
840108,84000,บางไทร,เมืองสุราษฎร์ธานี,สุราษฎร์ธานี,Bang Sai,Mueang Surat Thani,Surat Thani
840109,84000,บางโพธิ์,เมืองสุราษฎร์ธานี,สุราษฎร์ธานี,Bang Pho,Mueang Surat Thani,Surat Thani
840110,84000,บางกุ้ง,เมืองสุราษฎร์ธานี,สุราษฎร์ธานี,Bang Kung,Mueang Surat Thani,Surat Thani
840111,84000,คลองฉนาก,เมืองสุราษฎร์ธานี,สุราษฎร์ธานี,Khlong Chanak,Mueang Surat Thani,Surat Thani
840201,84290,ท่าทองใหม่,กาญจนดิษฐ์,สุราษฎร์ธานี,Tha Thong Mai,Kanchanadit,Surat Thani
840202,84160,ท่าทอง,กาญจนดิษฐ์,สุราษฎร์ธานี,Tha Thong,Kanchanadit,Surat Thani
840203,84160,กะแดะ,กาญจนดิษฐ์,สุราษฎร์ธานี,Kadae,Kanchanadit,Surat Thani
840204,84290,ทุ่งกง,กาญจนดิษฐ์,สุราษฎร์ธานี,Thung Kong,Kanchanadit,Surat Thani
840205,84160,กรูด,กาญจนดิษฐ์,สุราษฎร์ธานี,Krut,Kanchanadit,Surat Thani
840206,84160,ช้างซ้าย,กาญจนดิษฐ์,สุราษฎร์ธานี,Chang Sai,Kanchanadit,Surat Thani
840207,84160,พลายวาส,กาญจนดิษฐ์,สุราษฎร์ธานี,Phlai Wat,Kanchanadit,Surat Thani
840208,84160,ป่าร่อน,กาญจนดิษฐ์,สุราษฎร์ธานี,Pa Ron,Kanchanadit,Surat Thani
840209,84160,ตะเคียนทอง,กาญจนดิษฐ์,สุราษฎร์ธานี,Takhian Thong,Kanchanadit,Surat Thani
840210,84160,ช้างขวา,กาญจนดิษฐ์,สุราษฎร์ธานี,Chang Khwa,Kanchanadit,Surat Thani
840211,84160,ท่าอุแท,กาญจนดิษฐ์,สุราษฎร์ธานี,Tha Uthae,Kanchanadit,Surat Thani
840212,84290,ทุ่งรัง,กาญจนดิษฐ์,สุราษฎร์ธานี,Thung Rang,Kanchanadit,Surat Thani
840213,84160,คลองสระ,กาญจนดิษฐ์,สุราษฎร์ธานี,Khlong Sa,Kanchanadit,Surat Thani
840301,84220,ดอนสัก,ดอนสัก,สุราษฎร์ธานี,Don Sak,Don Sak,Surat Thani
840302,84160,ชลคราม,ดอนสัก,สุราษฎร์ธานี,Chon Khram,Don Sak,Surat Thani
840303,84220,ไชยคราม,ดอนสัก,สุราษฎร์ธานี,Chai Khram,Don Sak,Surat Thani
840304,84340,ปากแพรก,ดอนสัก,สุราษฎร์ธานี,Pak Phraek,Don Sak,Surat Thani
840401,84140,อ่างทอง,เกาะสมุย,สุราษฎร์ธานี,Ang Thong,Ko Samui,Surat Thani
840402,84140,ลิปะน้อย,เกาะสมุย,สุราษฎร์ธานี,Lipa Noi,Ko Samui,Surat Thani
840403,84140,ตลิ่งงาม,เกาะสมุย,สุราษฎร์ธานี,Taling Ngam,Ko Samui,Surat Thani
840404,84140,หน้าเมือง,เกาะสมุย,สุราษฎร์ธานี,Na Mueang,Ko Samui,Surat Thani
840405,84310,มะเร็ต,เกาะสมุย,สุราษฎร์ธานี,Maret,Ko Samui,Surat Thani
840406,84320,บ่อผุด,เกาะสมุย,สุราษฎร์ธานี,Bo Phut,Ko Samui,Surat Thani
840407,84330,แม่น้ำ,เกาะสมุย,สุราษฎร์ธานี,Maenam,Ko Samui,Surat Thani
840501,84280,เกาะพะงัน,เกาะพะงัน,สุราษฎร์ธานี,Ko Pha-Ngan,Ko Pha-Ngan,Surat Thani
840502,84280,บ้านใต้,เกาะพะงัน,สุราษฎร์ธานี,Ban Tai,Ko Pha-Ngan,Surat Thani
840503,84280,เกาะเต่า,เกาะพะงัน,สุราษฎร์ธานี,Ko Tao,Ko Pha-Ngan,Surat Thani
840601,84110,ตลาดไชยา,ไชยา,สุราษฎร์ธานี,Talat Chaiya,Chaiya,Surat Thani
840602,84110,พุมเรียง,ไชยา,สุราษฎร์ธานี,Phum Riang,Chaiya,Surat Thani
840603,84110,เลม็ด,ไชยา,สุราษฎร์ธานี,Samet,Chaiya,Surat Thani
840604,84110,เวียง,ไชยา,สุราษฎร์ธานี,Wiang,Chaiya,Surat Thani
840605,84110,ทุ่ง,ไชยา,สุราษฎร์ธานี,Thung,Chaiya,Surat Thani
840606,84110,ป่าเว,ไชยา,สุราษฎร์ธานี,Pa We,Chaiya,Surat Thani
840607,84110,ตะกรบ,ไชยา,สุราษฎร์ธานี,Takrop,Chaiya,Surat Thani
840608,84110,โมถ่าย,ไชยา,สุราษฎร์ธานี,Mo Thai,Chaiya,Surat Thani
840609,84110,ปากหมาก,ไชยา,สุราษฎร์ธานี,Pak Mak,Chaiya,Surat Thani
840701,84170,ท่าชนะ,ท่าชนะ,สุราษฎร์ธานี,Tha Chana,Tha Chana,Surat Thani
840702,84170,สมอทอง,ท่าชนะ,สุราษฎร์ธานี,Samo Thong,Tha Chana,Surat Thani
840703,84170,ประสงค์,ท่าชนะ,สุราษฎร์ธานี,Prasong,Tha Chana,Surat Thani
840704,84170,คันธุลี,ท่าชนะ,สุราษฎร์ธานี,Khan Thuli,Tha Chana,Surat Thani
840705,84170,วัง,ท่าชนะ,สุราษฎร์ธานี,Wang,Tha Chana,Surat Thani
840706,84170,คลองพา,ท่าชนะ,สุราษฎร์ธานี,Khlong Pha,Tha Chana,Surat Thani
840801,84180,ท่าขนอน,คีรีรัฐนิคม,สุราษฎร์ธานี,Tha Khanon,Khiri Rat Nikhom,Surat Thani
840802,84180,บ้านยาง,คีรีรัฐนิคม,สุราษฎร์ธานี,Ban Yang,Khiri Rat Nikhom,Surat Thani
840803,84180,น้ำหัก,คีรีรัฐนิคม,สุราษฎร์ธานี,Nam Hak,Khiri Rat Nikhom,Surat Thani
840806,84180,กะเปา,คีรีรัฐนิคม,สุราษฎร์ธานี,Kapao,Khiri Rat Nikhom,Surat Thani
840807,84180,ท่ากระดาน,คีรีรัฐนิคม,สุราษฎร์ธานี,Tha Kradan,Khiri Rat Nikhom,Surat Thani
840808,84180,ย่านยาว,คีรีรัฐนิคม,สุราษฎร์ธานี,Yan Yao,Khiri Rat Nikhom,Surat Thani
840809,84180,ถ้ำสิงขร,คีรีรัฐนิคม,สุราษฎร์ธานี,Tham Singkhon,Khiri Rat Nikhom,Surat Thani
840810,84180,บ้านทำเนียบ,คีรีรัฐนิคม,สุราษฎร์ธานี,Ban Thamniap,Khiri Rat Nikhom,Surat Thani
840901,84230,เขาวง,บ้านตาขุน,สุราษฎร์ธานี,Khao Wong,Ban Ta Khun,Surat Thani
840902,84230,พะแสง,บ้านตาขุน,สุราษฎร์ธานี,Phasaeng,Ban Ta Khun,Surat Thani
840903,84230,พรุไทย,บ้านตาขุน,สุราษฎร์ธานี,Phru Thai,Ban Ta Khun,Surat Thani
840904,84230,เขาพัง,บ้านตาขุน,สุราษฎร์ธานี,Khao Phang,Ban Ta Khun,Surat Thani
841001,84250,พนม,พนม,สุราษฎร์ธานี,Phanom,Phanom,Surat Thani
841002,84250,ต้นยวน,พนม,สุราษฎร์ธานี,Ton Yuan,Phanom,Surat Thani
841003,84250,คลองศก,พนม,สุราษฎร์ธานี,Khlong Sok,Phanom,Surat Thani
841004,84250,พลูเถื่อน,พนม,สุราษฎร์ธานี,Phlu Thuean,Phanom,Surat Thani
841005,84250,พังกาญจน์,พนม,สุราษฎร์ธานี,Phang Kan,Phanom,Surat Thani
841006,84250,คลองชะอุ่น,พนม,สุราษฎร์ธานี,Khlong Cha-Un,Phanom,Surat Thani
841101,84150,ท่าฉาง,ท่าฉาง,สุราษฎร์ธานี,Tha Chang,Tha Chang,Surat Thani
841102,84150,ท่าเคย,ท่าฉาง,สุราษฎร์ธานี,Tha Khoei,Tha Chang,Surat Thani
841103,84150,คลองไทร,ท่าฉาง,สุราษฎร์ธานี,Khlong Sai,Tha Chang,Surat Thani
841104,84150,เขาถ่าน,ท่าฉาง,สุราษฎร์ธานี,Khao Than,Tha Chang,Surat Thani
841105,84150,เสวียด,ท่าฉาง,สุราษฎร์ธานี,Sawiat,Tha Chang,Surat Thani
841106,84150,ปากฉลุย,ท่าฉาง,สุราษฎร์ธานี,Pak Chalui,Tha Chang,Surat Thani
841201,84120,นาสาร,บ้านนาสาร,สุราษฎร์ธานี,Na San ,Ban Na San,Surat Thani
841202,84270,พรุพี,บ้านนาสาร,สุราษฎร์ธานี,Phru Phi,Ban Na San,Surat Thani
841203,84120,ทุ่งเตา,บ้านนาสาร,สุราษฎร์ธานี,Thung Tao,Ban Na San,Surat Thani
841204,84120,ลำพูน,บ้านนาสาร,สุราษฎร์ธานี,Lamphun,Ban Na San,Surat Thani
841205,84120,ท่าชี,บ้านนาสาร,สุราษฎร์ธานี,Tha Chi,Ban Na San,Surat Thani
841206,84270,ควนศรี,บ้านนาสาร,สุราษฎร์ธานี,Khuan Si,Ban Na San,Surat Thani
841207,84120,ควนสุบรรณ,บ้านนาสาร,สุราษฎร์ธานี,Khuan Suban,Ban Na San,Surat Thani
841208,84120,คลองปราบ,บ้านนาสาร,สุราษฎร์ธานี,Khlong Prap,Ban Na San,Surat Thani
841209,84120,น้ำพุ,บ้านนาสาร,สุราษฎร์ธานี,Namphu,Ban Na San,Surat Thani
841210,84120,ทุ่งเตาใหม่,บ้านนาสาร,สุราษฎร์ธานี,Thung Tao Mai,Ban Na San,Surat Thani
841211,84120,เพิ่มพูนทรัพย์,บ้านนาสาร,สุราษฎร์ธานี,Phoem Phun Sap,Ban Na San,Surat Thani
841301,84240,บ้านนา,บ้านนาเดิม,สุราษฎร์ธานี,Ban Na,Ban Na Doem,Surat Thani
841302,84240,ท่าเรือ,บ้านนาเดิม,สุราษฎร์ธานี,Tha Ruea,Ban Na Doem,Surat Thani
841303,84240,ทรัพย์ทวี,บ้านนาเดิม,สุราษฎร์ธานี,Sap Thawi,Ban Na Doem,Surat Thani
841304,84240,นาใต้,บ้านนาเดิม,สุราษฎร์ธานี,Na Tai,Ban Na Doem,Surat Thani
841401,84260,เคียนซา,เคียนซา,สุราษฎร์ธานี,Khian Sa,Khian Sa,Surat Thani
841402,84210,พ่วงพรมคร,เคียนซา,สุราษฎร์ธานี,Phuang Phromkhon,Khian Sa,Surat Thani
841403,84260,เขาตอก,เคียนซา,สุราษฎร์ธานี,Khao Tok,Khian Sa,Surat Thani
841404,84260,อรัญคามวารี,เคียนซา,สุราษฎร์ธานี,Aran Kham Wari,Khian Sa,Surat Thani
841405,84260,บ้านเสด็จ,เคียนซา,สุราษฎร์ธานี,Ban Sadet,Khian Sa,Surat Thani
841501,84190,เวียงสระ,เวียงสระ,สุราษฎร์ธานี,Wiang Sa,Wiang Sa,Surat Thani
841502,84190,บ้านส้อง,เวียงสระ,สุราษฎร์ธานี,Ban Song,Wiang Sa,Surat Thani
841503,84190,คลองฉนวน,เวียงสระ,สุราษฎร์ธานี,Khlong Chanuan,Wiang Sa,Surat Thani
841504,84190,ทุ่งหลวง,เวียงสระ,สุราษฎร์ธานี,Thung Luang,Wiang Sa,Surat Thani
841505,84190,เขานิพันธ์,เวียงสระ,สุราษฎร์ธานี,Khao Niphan,Wiang Sa,Surat Thani
841601,84210,อิปัน,พระแสง,สุราษฎร์ธานี,I Pan,Phrasaeng,Surat Thani
841602,84210,สินปุน,พระแสง,สุราษฎร์ธานี,Sin Pun,Phrasaeng,Surat Thani
841603,84210,บางสวรรค์,พระแสง,สุราษฎร์ธานี,Bang Sawan,Phrasaeng,Surat Thani
841604,84210,ไทรขึง,พระแสง,สุราษฎร์ธานี,Sai Khueng,Phrasaeng,Surat Thani
841605,84210,สินเจริญ,พระแสง,สุราษฎร์ธานี,Sin Charoen,Phrasaeng,Surat Thani
841606,84210,ไทรโสภา,พระแสง,สุราษฎร์ธานี,Sai Sopha,Phrasaeng,Surat Thani
841607,84210,สาคู,พระแสง,สุราษฎร์ธานี,Sakhu,Phrasaeng,Surat Thani
841701,84130,ท่าข้าม,พุนพิน,สุราษฎร์ธานี,Tha Kham,Phunphin,Surat Thani
841702,84130,ท่าสะท้อน,พุนพิน,สุราษฎร์ธานี,Tha Sathon,Phunphin,Surat Thani
841703,84130,ลีเล็ด,พุนพิน,สุราษฎร์ธานี,Li Let,Phunphin,Surat Thani
841704,84130,บางมะเดื่อ,พุนพิน,สุราษฎร์ธานี,Bang Maduea,Phunphin,Surat Thani
841705,84130,บางเดือน,พุนพิน,สุราษฎร์ธานี,Bang Duean,Phunphin,Surat Thani
841706,84130,ท่าโรงช้าง,พุนพิน,สุราษฎร์ธานี,Tha Rong Chang,Phunphin,Surat Thani
841707,84130,กรูด,พุนพิน,สุราษฎร์ธานี,Krut,Phunphin,Surat Thani
841708,84130,พุนพิน,พุนพิน,สุราษฎร์ธานี,Phunphin,Phunphin,Surat Thani
841709,84130,บางงอน,พุนพิน,สุราษฎร์ธานี,Bang Ngon,Phunphin,Surat Thani
841710,84130,ศรีวิชัย,พุนพิน,สุราษฎร์ธานี,Si Wichai,Phunphin,Surat Thani
841711,84130,น้ำรอบ,พุนพิน,สุราษฎร์ธานี,Nam Rop,Phunphin,Surat Thani
841712,84130,มะลวน,พุนพิน,สุราษฎร์ธานี,Maluan,Phunphin,Surat Thani
841713,84130,หัวเตย,พุนพิน,สุราษฎร์ธานี,Hua Toei,Phunphin,Surat Thani
841714,84130,หนองไทร,พุนพิน,สุราษฎร์ธานี,Nong Sai,Phunphin,Surat Thani
841715,84130,เขาหัวควาย,พุนพิน,สุราษฎร์ธานี,Khao Hua Khwai,Phunphin,Surat Thani
841716,84130,ตะปาน,พุนพิน,สุราษฎร์ธานี,Tapan,Phunphin,Surat Thani
841801,84350,สองแพรก,ชัยบุรี,สุราษฎร์ธานี,Song Phraek,Chai Buri,Surat Thani
841802,84350,ชัยบุรี,ชัยบุรี,สุราษฎร์ธานี,Chai Buri,Chai Buri,Surat Thani
841803,84350,คลองน้อย,ชัยบุรี,สุราษฎร์ธานี,Khlong Noi,Chai Buri,Surat Thani
841804,84350,ไทรทอง,ชัยบุรี,สุราษฎร์ธานี,Sai Thong,Chai Buri,Surat Thani
841901,84180,ตะกุกใต้,วิภาวดี,สุราษฎร์ธานี,Takuk Tai,Chai Buri,Surat Thani
841902,84180,ตะกุกเหนือ,วิภาวดี,สุราษฎร์ธานี,Takuk Nuea,Chai Buri,Surat Thani
850101,85000,เขานิเวศน์,เมืองระนอง,ระนอง,Khao Niwet,Mueang Ranong,Ranong
850102,85000,ราชกรูด,เมืองระนอง,ระนอง,Ratchakrut,Mueang Ranong,Ranong
850103,85000,หงาว,เมืองระนอง,ระนอง,Ngao,Mueang Ranong,Ranong
850104,85000,บางริ้น,เมืองระนอง,ระนอง,Bang Rin,Mueang Ranong,Ranong
850105,85000,ปากน้ำ,เมืองระนอง,ระนอง,Pak Nam,Mueang Ranong,Ranong
850106,85000,บางนอน,เมืองระนอง,ระนอง,Bang Non,Mueang Ranong,Ranong
850107,85000,หาดส้มแป้น,เมืองระนอง,ระนอง,Hat Som Paen,Mueang Ranong,Ranong
850108,85130,ทรายแดง,เมืองระนอง,ระนอง,Sai Daeng,Mueang Ranong,Ranong
850109,85000,เกาะพยาม,เมืองระนอง,ระนอง,Ko Phayam,Mueang Ranong,Ranong
850201,85130,ละอุ่นใต้,ละอุ่น,ระนอง,La-Un Tai,La-Un,Ranong
850202,85130,ละอุ่นเหนือ,ละอุ่น,ระนอง,La-Un Nuea,La-Un,Ranong
850203,85130,บางพระใต้,ละอุ่น,ระนอง,Bang Phra Tai,La-Un,Ranong
850204,85130,บางพระเหนือ,ละอุ่น,ระนอง,Bang Phra Nuea,La-Un,Ranong
850205,85130,บางแก้ว,ละอุ่น,ระนอง,Bang Kaeo,La-Un,Ranong
850206,85130,ในวงเหนือ,ละอุ่น,ระนอง,Nai Wong Nuea,La-Un,Ranong
850207,85130,ในวงใต้,ละอุ่น,ระนอง,Nai Wong Tai,La-Un,Ranong
850301,85120,ม่วงกลวง,กะเปอร์,ระนอง,Muang Kluang,Papoe,Ranong
850302,85120,กะเปอร์,กะเปอร์,ระนอง,Kapoe,Papoe,Ranong
850303,85120,เชี่ยวเหลียง,กะเปอร์,ระนอง,Chiao Liang,Papoe,Ranong
850304,85120,บ้านนา,กะเปอร์,ระนอง,Ban Na,Papoe,Ranong
850305,85120,บางหิน,กะเปอร์,ระนอง,Bang Hin,Papoe,Ranong
850401,85110,น้ำจืด,กระบุรี,ระนอง,Nam Chuet,Kra Buri,Ranong
850402,85110,น้ำจืดน้อย,กระบุรี,ระนอง,Nam Chuet Noi,Kra Buri,Ranong
850403,85110,มะมุ,กระบุรี,ระนอง,Mamu,Kra Buri,Ranong
850404,85110,ปากจั่น,กระบุรี,ระนอง,Pak Chan,Kra Buri,Ranong
850405,85110,ลำเลียง,กระบุรี,ระนอง,Lamliang,Kra Buri,Ranong
850406,85110,จ.ป.ร.,กระบุรี,ระนอง,Cho Po Ro,Kra Buri,Ranong
850407,85110,บางใหญ่,กระบุรี,ระนอง,Bang Yai,Kra Buri,Ranong
850501,85120,นาคา,สุขสำราญ,ระนอง,Nakha,Suk Samran,Ranong
850502,85120,กำพวน,สุขสำราญ,ระนอง,Kamphuan,Suk Samran,Ranong
860101,86000,ท่าตะเภา,เมืองชุมพร,ชุมพร,Tha Taphao,Mueang Chumphon,Chumphon
860102,86120,ปากน้ำ,เมืองชุมพร,ชุมพร,Pak Nam,Mueang Chumphon,Chumphon
860103,86000,ท่ายาง,เมืองชุมพร,ชุมพร,Tha Yang,Mueang Chumphon,Chumphon
860104,86000,บางหมาก,เมืองชุมพร,ชุมพร,Bang Mak,Mueang Chumphon,Chumphon
860105,86000,นาทุ่ง,เมืองชุมพร,ชุมพร,Na Thung,Mueang Chumphon,Chumphon
860106,86000,นาชะอัง,เมืองชุมพร,ชุมพร,Na Cha-Ang,Mueang Chumphon,Chumphon
860107,86000,ตากแดด,เมืองชุมพร,ชุมพร,Tak Daet,Mueang Chumphon,Chumphon
860108,86000,บางลึก,เมืองชุมพร,ชุมพร,Bang Luek,Mueang Chumphon,Chumphon
860109,86000,หาดพันไกร,เมืองชุมพร,ชุมพร,Hat Phan Krai,Mueang Chumphon,Chumphon
860110,86000,วังไผ่,เมืองชุมพร,ชุมพร,Wang Phai,Mueang Chumphon,Chumphon
860111,86190,วังใหม่,เมืองชุมพร,ชุมพร,Wang Mai,Mueang Chumphon,Chumphon
860112,86190,บ้านนา,เมืองชุมพร,ชุมพร,Ban Na,Mueang Chumphon,Chumphon
860113,86000,ขุนกระทิง,เมืองชุมพร,ชุมพร,Khun Krathing,Mueang Chumphon,Chumphon
860114,86100,ทุ่งคา,เมืองชุมพร,ชุมพร,Thung Kha,Mueang Chumphon,Chumphon
860115,86100,วิสัยเหนือ,เมืองชุมพร,ชุมพร,Wisai Nuea,Mueang Chumphon,Chumphon
860116,86120,หาดทรายรี,เมืองชุมพร,ชุมพร,Hat Sai Ri,Mueang Chumphon,Chumphon
860117,86100,ถ้ำสิงห์,เมืองชุมพร,ชุมพร,Tham Sing,Mueang Chumphon,Chumphon
860201,86140,ท่าแซะ,ท่าแซะ,ชุมพร,Tha Sae,Tha Sae,Chumphon
860202,86140,คุริง,ท่าแซะ,ชุมพร,Khu Ring,Tha Sae,Chumphon
860203,86140,สลุย,ท่าแซะ,ชุมพร,Salui,Tha Sae,Chumphon
860204,86140,นากระตาม,ท่าแซะ,ชุมพร,Na Kratam,Tha Sae,Chumphon
860205,86190,รับร่อ,ท่าแซะ,ชุมพร,Rap Ro,Tha Sae,Chumphon
860206,86140,ท่าข้าม,ท่าแซะ,ชุมพร,Tha Kham,Tha Sae,Chumphon
860207,86140,หงษ์เจริญ,ท่าแซะ,ชุมพร,Hong Charoen,Tha Sae,Chumphon
860208,86190,หินแก้ว,ท่าแซะ,ชุมพร,Hin Kaeo,Tha Sae,Chumphon
860209,86140,ทรัพย์อนันต์,ท่าแซะ,ชุมพร,Sap Anan,Tha Sae,Chumphon
860210,86140,สองพี่น้อง,ท่าแซะ,ชุมพร,Song Phi Nong,Tha Sae,Chumphon
860301,86160,บางสน,ปะทิว,ชุมพร,Bang Son,Pathio,Chumphon
860302,86160,ทะเลทรัพย์,ปะทิว,ชุมพร,Thale Sap,Pathio,Chumphon
860303,86230,สะพลี,ปะทิว,ชุมพร,Saphli,Pathio,Chumphon
860304,86160,ชุมโค,ปะทิว,ชุมพร,Chum Kho,Pathio,Chumphon
860305,86210,ดอนยาง,ปะทิว,ชุมพร,Don Yang,Pathio,Chumphon
860306,86210,ปากคลอง,ปะทิว,ชุมพร,Pak Khlong,Pathio,Chumphon
860307,86210,เขาไชยราช,ปะทิว,ชุมพร,Khao Chaiyarat,Pathio,Chumphon
860401,86110,หลังสวน,หลังสวน,ชุมพร,Lang Suan,Lang Suan,Chumphon
860402,86110,ขันเงิน,หลังสวน,ชุมพร,Khan Ngoen,Lang Suan,Chumphon
860403,86110,ท่ามะพลา,หลังสวน,ชุมพร,Tha Maphla,Lang Suan,Chumphon
860404,86110,นาขา,หลังสวน,ชุมพร,Nakha,Lang Suan,Chumphon
860405,86110,นาพญา,หลังสวน,ชุมพร,Na Phaya,Lang Suan,Chumphon
860406,86110,บ้านควน,หลังสวน,ชุมพร,Ban Khuan,Lang Suan,Chumphon
860407,86110,บางมะพร้าว,หลังสวน,ชุมพร,Bang Maphrao,Lang Suan,Chumphon
860408,86150,บางน้ำจืด,หลังสวน,ชุมพร,Bang Nam Chuet,Lang Suan,Chumphon
860409,86150,ปากน้ำ,หลังสวน,ชุมพร,Pak Nam,Lang Suan,Chumphon
860410,86110,พ้อแดง,หลังสวน,ชุมพร,Pho Daeng,Lang Suan,Chumphon
860411,86110,แหลมทราย,หลังสวน,ชุมพร,Laem Sai,Lang Suan,Chumphon
860412,86110,วังตะกอ,หลังสวน,ชุมพร,Wang Tako,Lang Suan,Chumphon
860413,86110,หาดยาย,หลังสวน,ชุมพร,Hat Yai,Lang Suan,Chumphon
860501,86170,ละแม,ละแม,ชุมพร,Lamae,Lamae,Chumphon
860502,86170,ทุ่งหลวง,ละแม,ชุมพร,Thung Luang,Lamae,Chumphon
860503,86170,สวนแตง,ละแม,ชุมพร,Suan Taeng,Lamae,Chumphon
860504,86170,ทุ่งคาวัด,ละแม,ชุมพร,Thung Kha Wat,Lamae,Chumphon
860601,86180,พะโต๊ะ,พะโต๊ะ,ชุมพร,Phato,Phato,Chumphon
860602,86180,ปากทรง,พะโต๊ะ,ชุมพร,Pak Song,Phato,Chumphon
860603,86180,ปังหวาน,พะโต๊ะ,ชุมพร,Pang Wan,Phato,Chumphon
860604,86180,พระรักษ์,พะโต๊ะ,ชุมพร,Phrarak,Phato,Chumphon
860701,86130,นาโพธิ์,สวี,ชุมพร,Na Pho,Sawi,Chumphon
860702,86130,สวี,สวี,ชุมพร,Sawi,Sawi,Chumphon
860703,86130,ทุ่งระยะ,สวี,ชุมพร,Thung Raya,Sawi,Chumphon
860704,86130,ท่าหิน,สวี,ชุมพร,Tha Hin,Sawi,Chumphon
860705,86130,ปากแพรก,สวี,ชุมพร,Pak Phraek,Sawi,Chumphon
860706,86130,ด่านสวี,สวี,ชุมพร,Dan Sawi,Sawi,Chumphon
860707,86130,ครน,สวี,ชุมพร,Khron,Sawi,Chumphon
860708,86130,วิสัยใต้,สวี,ชุมพร,Wisai Tai,Sawi,Chumphon
860709,86130,นาสัก,สวี,ชุมพร,Na Sak,Sawi,Chumphon
860710,86130,เขาทะลุ,สวี,ชุมพร,Khao Thalu,Sawi,Chumphon
860711,86130,เขาค่าย,สวี,ชุมพร,Khao Khai,Sawi,Chumphon
860801,86220,ปากตะโก,ทุ่งตะโก,ชุมพร,Pak Tako,Thung Tako,Chumphon
860802,86220,ทุ่งตะไคร,ทุ่งตะโก,ชุมพร,Thung Takhrai,Thung Tako,Chumphon
860803,86220,ตะโก,ทุ่งตะโก,ชุมพร,Tako,Thung Tako,Chumphon
860804,86220,ช่องไม้แก้ว,ทุ่งตะโก,ชุมพร,Chong Mai Kaeo,Thung Tako,Chumphon
900101,90000,บ่อยาง,เมืองสงขลา,สงขลา,Bo Yang,Muaeng Songkhla,Songkhla
900102,90000,เขารูปช้าง,เมืองสงขลา,สงขลา,Khao Rupchang,Muaeng Songkhla,Songkhla
900103,90000,เกาะแต้ว,เมืองสงขลา,สงขลา,Ko Taeo,Muaeng Songkhla,Songkhla
900104,90100,พะวง,เมืองสงขลา,สงขลา,Pha Wong,Muaeng Songkhla,Songkhla
900105,90000,ทุ่งหวัง,เมืองสงขลา,สงขลา,Thung Wang,Muaeng Songkhla,Songkhla
900106,90100,เกาะยอ,เมืองสงขลา,สงขลา,Ko Yo,Muaeng Songkhla,Songkhla
900201,90190,จะทิ้งพระ,สทิงพระ,สงขลา,Cha Thing Phra,Sathing Phra,Songkhla
900202,90190,กระดังงา,สทิงพระ,สงขลา,Kradang Nga,Sathing Phra,Songkhla
900203,90190,สนามชัย,สทิงพระ,สงขลา,Sanam Chai,Sathing Phra,Songkhla
900204,90190,ดีหลวง,สทิงพระ,สงขลา,Di Luang,Sathing Phra,Songkhla
900205,90190,ชุมพล,สทิงพระ,สงขลา,Chum Phon,Sathing Phra,Songkhla
900206,90190,คลองรี,สทิงพระ,สงขลา,Khlong Re,Sathing Phra,Songkhla
900207,90190,คูขุด,สทิงพระ,สงขลา,Khu Khut,Sathing Phra,Songkhla
900208,90190,ท่าหิน,สทิงพระ,สงขลา,Tha Hin,Sathing Phra,Songkhla
900209,90190,วัดจันทร์,สทิงพระ,สงขลา,Wat Chan,Sathing Phra,Songkhla
900210,90190,บ่อแดง,สทิงพระ,สงขลา,Bodaeng,Sathing Phra,Songkhla
900211,90190,บ่อดาน,สทิงพระ,สงขลา,Bodan,Sathing Phra,Songkhla
900301,90130,บ้านนา,จะนะ,สงขลา,Ban Na,Chana,Songkhla
900302,90130,ป่าชิง,จะนะ,สงขลา,Pa Ching,Chana,Songkhla
900303,90130,สะพานไม้แก่น,จะนะ,สงขลา,Saphan Mai Kaen,Chana,Songkhla
900304,90130,สะกอม,จะนะ,สงขลา,Sa Kom,Chana,Songkhla
900305,90130,นาหว้า,จะนะ,สงขลา,Na Wa,Chana,Songkhla
900306,90130,นาทับ,จะนะ,สงขลา,Na Thap,Chana,Songkhla
900307,90130,น้ำขาว,จะนะ,สงขลา,Nam Khao,Chana,Songkhla
900308,90130,ขุนตัดหวาย,จะนะ,สงขลา,Khun Tat Wai,Chana,Songkhla
900309,90130,ท่าหมอไทร,จะนะ,สงขลา,Tha Mo Sai,Chana,Songkhla
900310,90130,จะโหนง,จะนะ,สงขลา,Cha Nong,Chana,Songkhla
900311,90130,คู,จะนะ,สงขลา,Khu,Chana,Songkhla
900312,90130,แค,จะนะ,สงขลา,Khae,Chana,Songkhla
900313,90130,คลองเปียะ,จะนะ,สงขลา,Khlong Pia,Chana,Songkhla
900314,90130,ตลิ่งชัน,จะนะ,สงขลา,Taling Chan,Chana,Songkhla
900401,90160,นาทวี,นาทวี,สงขลา,Na Thawi,Na Thawi,Songkhla
900402,90160,ฉาง,นาทวี,สงขลา,Chang,Na Thawi,Songkhla
900403,90160,นาหมอศรี,นาทวี,สงขลา,Na Mosri,Na Thawi,Songkhla
900404,90160,คลองทราย,นาทวี,สงขลา,Khlong Sai,Na Thawi,Songkhla
900405,90160,ปลักหนู,นาทวี,สงขลา,Plak Nu,Na Thawi,Songkhla
900406,90160,ท่าประดู่,นาทวี,สงขลา,Tha Pradu,Na Thawi,Songkhla
900407,90160,สะท้อน,นาทวี,สงขลา,Sathon,Na Thawi,Songkhla
900408,90160,ทับช้าง,นาทวี,สงขลา,Thap Chang,Na Thawi,Songkhla
900409,90160,ประกอบ,นาทวี,สงขลา,Prakop,Na Thawi,Songkhla
900410,90160,คลองกวาง,นาทวี,สงขลา,Khlong Kwang,Na Thawi,Songkhla
900501,90150,เทพา,เทพา,สงขลา,Thepha,Thepha,Songkhla
900502,90150,ปากบาง,เทพา,สงขลา,Pak Bang,Thepha,Songkhla
900503,90150,เกาะสะบ้า,เทพา,สงขลา,Ko Saba,Thepha,Songkhla
900504,90260,ลำไพล,เทพา,สงขลา,Lam Phli,Thepha,Songkhla
900505,90260,ท่าม่วง,เทพา,สงขลา,Tha Muang,Thepha,Songkhla
900506,90260,วังใหญ่,เทพา,สงขลา,Wang Yai,Thepha,Songkhla
900507,90150,สะกอม,เทพา,สงขลา,Sa Kom,Thepha,Songkhla
900601,90210,สะบ้าย้อย,สะบ้าย้อย,สงขลา,Sa Ba Yoi,Saba Yoi,Songkhla
900602,90210,ทุ่งพอ,สะบ้าย้อย,สงขลา,Thung Pho,Saba Yoi,Songkhla
900603,90210,เปียน,สะบ้าย้อย,สงขลา,Pian,Saba Yoi,Songkhla
900604,90210,บ้านโหนด,สะบ้าย้อย,สงขลา,Ban Not,Saba Yoi,Songkhla
900605,90210,จะแหน,สะบ้าย้อย,สงขลา,Cha Nae,Saba Yoi,Songkhla
900606,90210,คูหา,สะบ้าย้อย,สงขลา,Khu Ha,Saba Yoi,Songkhla
900607,90210,เขาแดง,สะบ้าย้อย,สงขลา,Khao Daeng,Saba Yoi,Songkhla
900608,90210,บาโหย,สะบ้าย้อย,สงขลา,Ba Hoi,Saba Yoi,Songkhla
900609,90210,ธารคีรี,สะบ้าย้อย,สงขลา,Than Khiri,Saba Yoi,Songkhla
900701,90140,ระโนด,ระโนด,สงขลา,Ra Not,Ranot,Songkhla
900702,90140,คลองแดน,ระโนด,สงขลา,Khlong Daen,Ranot,Songkhla
900703,90140,ตะเครียะ,ระโนด,สงขลา,Takhria,Ranot,Songkhla
900704,90140,ท่าบอน,ระโนด,สงขลา,Tha Bon,Ranot,Songkhla
900705,90140,บ้านใหม่,ระโนด,สงขลา,Ban Mai,Ranot,Songkhla
900706,90140,บ่อตรุ,ระโนด,สงขลา,Botru,Ranot,Songkhla
900707,90140,ปากแตระ,ระโนด,สงขลา,Pak Trae,Ranot,Songkhla
900708,90140,พังยาง,ระโนด,สงขลา,Phang Yang,Ranot,Songkhla
900709,90140,ระวะ,ระโนด,สงขลา,Ra Wa,Ranot,Songkhla
900710,90140,วัดสน,ระโนด,สงขลา,Wat Son,Ranot,Songkhla
900711,90140,บ้านขาว,ระโนด,สงขลา,Ban Khao,Ranot,Songkhla
900712,90140,แดนสงวน,ระโนด,สงขลา,Daen Sa Nguan,Ranot,Songkhla
900801,90270,เกาะใหญ่,กระแสสินธุ์,สงขลา,Koyai,Krasae Sin,Songkhla
900802,90270,โรง,กระแสสินธุ์,สงขลา,Rong,Krasae Sin,Songkhla
900803,90270,เชิงแส,กระแสสินธุ์,สงขลา,Choeng Sae,Krasae Sin,Songkhla
900804,90270,กระแสสินธุ์,กระแสสินธุ์,สงขลา,Krasae Sin,Krasae Sin,Songkhla
900901,90180,กำแพงเพชร,รัตภูมิ,สงขลา,Kamphaeng Phet,Rattaphum,Songkhla
900902,90180,ท่าชะมวง,รัตภูมิ,สงขลา,Tha Cha Muang,Rattaphum,Songkhla
900903,90180,คูหาใต้,รัตภูมิ,สงขลา,Khu Ha Tai,Rattaphum,Songkhla
900904,90180,ควนรู,รัตภูมิ,สงขลา,Khuan Ru,Rattaphum,Songkhla
900909,90180,เขาพระ,รัตภูมิ,สงขลา,Khao Phra,Rattaphum,Songkhla
901001,90120,สะเดา,สะเดา,สงขลา,Sadao,Sadao,Songkhla
901002,90120,ปริก,สะเดา,สงขลา,Prik,Sadao,Songkhla
901003,90170,พังลา,สะเดา,สงขลา,Phang La,Sadao,Songkhla
901004,90120,สำนักแต้ว,สะเดา,สงขลา,Samnak Taeo,Sadao,Songkhla
901005,90240,ทุ่งหมอ,สะเดา,สงขลา,Thung Mo,Sadao,Songkhla
901006,90170,ท่าโพธิ์,สะเดา,สงขลา,Tha Pho,Sadao,Songkhla
901007,90240,ปาดังเบซาร์,สะเดา,สงขลา,Pa Dangbesa,Sadao,Songkhla
901008,90320,สำนักขาม,สะเดา,สงขลา,Samnak Kham,Sadao,Songkhla
901009,90170,เขามีเกียรติ,สะเดา,สงขลา,Khao Mikiat,Sadao,Songkhla
901101,90110,หาดใหญ่,หาดใหญ่,สงขลา,Hat Yai,Hat Yai,Songkhla
901102,90110,ควนลัง,หาดใหญ่,สงขลา,Khuan Lang,Hat Yai,Songkhla
901103,90110,คูเต่า,หาดใหญ่,สงขลา,Khu Tao,Hat Yai,Songkhla
901104,90110,คอหงส์,หาดใหญ่,สงขลา,Kho Hong,Hat Yai,Songkhla
901105,90110,คลองแห,หาดใหญ่,สงขลา,Khlong Hae,Hat Yai,Songkhla
901107,90110,คลองอู่ตะเภา,หาดใหญ่,สงขลา,Khlong U Ta Phao,Hat Yai,Songkhla
901108,90110,ฉลุง,หาดใหญ่,สงขลา,Chalung,Hat Yai,Songkhla
901111,90110,ทุ่งใหญ่,หาดใหญ่,สงขลา,Thung Yai,Hat Yai,Songkhla
901112,90110,ทุ่งตำเสา,หาดใหญ่,สงขลา,Thung Tam Sao,Hat Yai,Songkhla
901113,90110,ท่าข้าม,หาดใหญ่,สงขลา,Tha Kham,Hat Yai,Songkhla
901114,90110,น้ำน้อย,หาดใหญ่,สงขลา,Nam Noi,Hat Yai,Songkhla
901116,90250,บ้านพรุ,หาดใหญ่,สงขลา,Ban Phru,Hat Yai,Songkhla
901118,90230,พะตง,หาดใหญ่,สงขลา,Pha Tong,Hat Yai,Songkhla
901201,90310,นาหม่อม,นาหม่อม,สงขลา,Na Mom,Na Mom,Songkhla
901202,90310,พิจิตร,นาหม่อม,สงขลา,Phichit,Na Mom,Songkhla
901203,90310,ทุ่งขมิ้น,นาหม่อม,สงขลา,Thung Khamin,Na Mom,Songkhla
901204,90310,คลองหรัง,นาหม่อม,สงขลา,Khlong Rang,Na Mom,Songkhla
901301,90220,รัตภูมิ,ควนเนียง,สงขลา,Ratta Phum,Khuan Niang,Songkhla
901302,90220,ควนโส,ควนเนียง,สงขลา,Khuan So,Khuan Niang,Songkhla
901303,90220,ห้วยลึก,ควนเนียง,สงขลา,Huai Luek,Khuan Niang,Songkhla
901304,90220,บางเหรียง,ควนเนียง,สงขลา,Bang Riang,Khuan Niang,Songkhla
901401,90110,บางกล่ำ,บางกล่ำ,สงขลา,Bang Klam,Bang Klam,Songkhla
901402,90110,ท่าช้าง,บางกล่ำ,สงขลา,Tha Chang,Bang Klam,Songkhla
901403,90110,แม่ทอม,บางกล่ำ,สงขลา,Mae Thom,Bang Klam,Songkhla
901404,90110,บ้านหาร,บางกล่ำ,สงขลา,Ban Han,Bang Klam,Songkhla
901501,90280,ชิงโค,สิงหนคร,สงขลา,Ching Kho,Singhanakhon,Songkhla
901502,90280,สทิงหม้อ,สิงหนคร,สงขลา,Sathing Mo,Singhanakhon,Songkhla
901503,90280,ทำนบ,สิงหนคร,สงขลา,Tham Nop,Singhanakhon,Songkhla
901504,90330,รำแดง,สิงหนคร,สงขลา,Ram Daeng,Singhanakhon,Songkhla
901505,90330,วัดขนุน,สิงหนคร,สงขลา,Wat Khanun,Singhanakhon,Songkhla
901506,90330,ชะแล้,สิงหนคร,สงขลา,Chalae,Singhanakhon,Songkhla
901507,90330,ปากรอ,สิงหนคร,สงขลา,Pak Ro,Singhanakhon,Songkhla
901508,90330,ป่าขาด,สิงหนคร,สงขลา,Pa Khat,Singhanakhon,Songkhla
901509,90280,หัวเขา,สิงหนคร,สงขลา,Hua Khao,Singhanakhon,Songkhla
901510,90330,บางเขียด,สิงหนคร,สงขลา,Bang Khiat,Singhanakhon,Songkhla
901511,90330,ม่วงงาม,สิงหนคร,สงขลา,Muang Ngam,Singhanakhon,Songkhla
901601,90230,คลองหอยโข่ง,คลองหอยโข่ง,สงขลา,Khlong Hoi Khong,Khlong Hoi Khong,Songkhla
901602,90230,ทุ่งลาน,คลองหอยโข่ง,สงขลา,Thung Lan,Khlong Hoi Khong,Songkhla
901603,90230,โคกม่วง,คลองหอยโข่ง,สงขลา,Khok Muang,Khlong Hoi Khong,Songkhla
901604,90115,คลองหลา,คลองหอยโข่ง,สงขลา,Khlong La,Khlong Hoi Khong,Songkhla
910101,91000,พิมาน,เมืองสตูล,สตูล,Phiman,Mueang Satun,Satun
910102,91000,คลองขุด,เมืองสตูล,สตูล,Khlong Khut,Mueang Satun,Satun
910103,91000,ควนขัน,เมืองสตูล,สตูล,Khuan Khan,Mueang Satun,Satun
910104,91140,บ้านควน,เมืองสตูล,สตูล,Ban Khuan,Mueang Satun,Satun
910105,91140,ฉลุง,เมืองสตูล,สตูล,Chalung,Mueang Satun,Satun
910106,91000,เกาะสาหร่าย,เมืองสตูล,สตูล,Ko Sarai,Mueang Satun,Satun
910107,91000,ตันหยงโป,เมืองสตูล,สตูล,Tanyong Po,Mueang Satun,Satun
910108,91000,เจ๊ะบิลัง,เมืองสตูล,สตูล,Che Bi Lang,Mueang Satun,Satun
910109,91000,ตำมะลัง,เมืองสตูล,สตูล,Tam Malang,Mueang Satun,Satun
910110,91000,ปูยู,เมืองสตูล,สตูล,Puyu,Mueang Satun,Satun
910111,91140,ควนโพธิ์,เมืองสตูล,สตูล,Khuan Pho,Mueang Satun,Satun
910112,91140,เกตรี,เมืองสตูล,สตูล,Ketari,Mueang Satun,Satun
910201,91160,ควนโดน,ควนโดน,สตูล,Khuan Don,Khuan Don,Satun
910202,91160,ควนสตอ,ควนโดน,สตูล,Khuan Sato,Khuan Don,Satun
910203,91160,ย่านซื่อ,ควนโดน,สตูล,Yan Sue,Khuan Don,Satun
910204,91160,วังประจัน,ควนโดน,สตูล,Wang Prachan,Khuan Don,Satun
910301,91130,ทุ่งนุ้ย,ควนกาหลง,สตูล,Thung Nui,Khuan Kalong,Satun
910302,91130,ควนกาหลง,ควนกาหลง,สตูล,Khuan Kalong,Khuan Kalong,Satun
910303,91130,อุใดเจริญ,ควนกาหลง,สตูล,Udai Charoen,Khuan Kalong,Satun
910401,91150,ท่าแพ,ท่าแพ,สตูล,Tha Phae,Tha Phae,Satun
910402,91150,แป-ระ,ท่าแพ,สตูล,Pae-Ra,Tha Phae,Satun
910403,91150,สาคร,ท่าแพ,สตูล,Sakhon,Tha Phae,Satun
910404,91150,ท่าเรือ,ท่าแพ,สตูล,Tha Ruea,Tha Phae,Satun
910501,91110,กำแพง,ละงู,สตูล,Kamphaeng,La-Ngu,Satun
910502,91110,ละงู,ละงู,สตูล,La-Ngu,La-Ngu,Satun
910503,91110,เขาขาว,ละงู,สตูล,Khao Khao,La-Ngu,Satun
910504,91110,ปากน้ำ,ละงู,สตูล,Pak Nam,La-Ngu,Satun
910505,91110,น้ำผุด,ละงู,สตูล,Nam Phut,La-Ngu,Satun
910506,91110,แหลมสน,ละงู,สตูล,Laem Son,La-Ngu,Satun
910601,91120,ทุ่งหว้า,ทุ่งหว้า,สตูล,Thung Wa,Thung Wa,Satun
910602,91120,นาทอน,ทุ่งหว้า,สตูล,Na Thon,Thung Wa,Satun
910603,91120,ขอนคลาน,ทุ่งหว้า,สตูล,Khon Khlan,Thung Wa,Satun
910604,91120,ทุ่งบุหลัง,ทุ่งหว้า,สตูล,Thung Bu Lang,Thung Wa,Satun
910605,91120,ป่าแก่บ่อหิน,ทุ่งหว้า,สตูล,Pa Kae Bo Hin,Thung Wa,Satun
910701,91130,ปาล์มพัฒนา,มะนัง,สตูล,Pam Phatthana,Manang,Satun
910702,91130,นิคมพัฒนา,มะนัง,สตูล,Nikhom Phatthana,Manang,Satun
920101,92000,ทับเที่ยง,เมืองตรัง,ตรัง,Thap Thiang,Mueang Trang,Trang
920104,92000,นาพละ,เมืองตรัง,ตรัง,Na Phala,Mueang Trang,Trang
920105,92000,บ้านควน,เมืองตรัง,ตรัง,Ban Khuan,Mueang Trang,Trang
920106,92000,นาบินหลา,เมืองตรัง,ตรัง,Na Bin La,Mueang Trang,Trang
920107,92000,ควนปริง,เมืองตรัง,ตรัง,Khuan Pring,Mueang Trang,Trang
920108,92170,นาโยงใต้,เมืองตรัง,ตรัง,Na Yong Tai,Mueang Trang,Trang
920109,92000,บางรัก,เมืองตรัง,ตรัง,Bang Rak,Mueang Trang,Trang
920110,92000,โคกหล่อ,เมืองตรัง,ตรัง,Khok Lo,Mueang Trang,Trang
920113,92000,นาโต๊ะหมิง,เมืองตรัง,ตรัง,Na To Ming,Mueang Trang,Trang
920114,92000,หนองตรุด,เมืองตรัง,ตรัง,Nong Trut,Mueang Trang,Trang
920115,92000,น้ำผุด,เมืองตรัง,ตรัง,Nam Phut,Mueang Trang,Trang
920117,92000,นาตาล่วง,เมืองตรัง,ตรัง,Na Ta Luang,Mueang Trang,Trang
920118,92000,บ้านโพธิ์,เมืองตรัง,ตรัง,Ban Pho,Mueang Trang,Trang
920119,92190,นาท่ามเหนือ,เมืองตรัง,ตรัง,Na Tham Nuea,Mueang Trang,Trang
920120,92190,นาท่ามใต้,เมืองตรัง,ตรัง,Na Tham Tai,Mueang Trang,Trang
920201,92110,กันตัง,กันตัง,ตรัง,Kantang,Kantang,Trang
920202,92110,ควนธานี,กันตัง,ตรัง,Khuan Thani,Kantang,Trang
920203,92110,บางหมาก,กันตัง,ตรัง,Bang Mak,Kantang,Trang
920204,92110,บางเป้า,กันตัง,ตรัง,Bang Pao,Kantang,Trang
920205,92110,วังวน,กันตัง,ตรัง,Wang Won,Kantang,Trang
920206,92110,กันตังใต้,กันตัง,ตรัง,Kantang Tai,Kantang,Trang
920207,92110,โคกยาง,กันตัง,ตรัง,Khok Yang,Kantang,Trang
920208,92110,คลองลุ,กันตัง,ตรัง,Khlong Lu,Kantang,Trang
920209,92110,ย่านซื่อ,กันตัง,ตรัง,Yan Sue,Kantang,Trang
920210,92110,บ่อน้ำร้อน,กันตัง,ตรัง,Bo Nam Ron,Kantang,Trang
920211,92110,บางสัก,กันตัง,ตรัง,Bang Sak,Kantang,Trang
920212,92110,นาเกลือ,กันตัง,ตรัง,Na Kluea,Kantang,Trang
920213,92110,เกาะลิบง,กันตัง,ตรัง,Ko Libong,Kantang,Trang
920214,92110,คลองชีล้อม,กันตัง,ตรัง,Khlong Chi Lom,Kantang,Trang
920301,92140,ย่านตาขาว,ย่านตาขาว,ตรัง,Yan Ta Khao,Yan Ta Khao,Trang
920302,92140,หนองบ่อ,ย่านตาขาว,ตรัง,Nong Bo,Yan Ta Khao,Trang
920303,92140,นาชุมเห็ด,ย่านตาขาว,ตรัง,Na Chum Het,Yan Ta Khao,Trang
920304,92140,ในควน,ย่านตาขาว,ตรัง,Nai Khuan,Yan Ta Khao,Trang
920305,92140,โพรงจระเข้,ย่านตาขาว,ตรัง,Phrong Chorakhe,Yan Ta Khao,Trang
920306,92140,ทุ่งกระบือ,ย่านตาขาว,ตรัง,Thung Krabue,Yan Ta Khao,Trang
920307,92140,ทุ่งค่าย,ย่านตาขาว,ตรัง,Thung Khai,Yan Ta Khao,Trang
920308,92140,เกาะเปียะ,ย่านตาขาว,ตรัง,Ko Pia,Yan Ta Khao,Trang
920401,92120,ท่าข้าม,ปะเหลียน,ตรัง,Tha Kham,Palian,Trang
920402,92180,ทุ่งยาว,ปะเหลียน,ตรัง,Thung Yao,Palian,Trang
920403,92180,ปะเหลียน,ปะเหลียน,ตรัง,Palian,Palian,Trang
920404,92140,บางด้วน,ปะเหลียน,ตรัง,Bang Duan,Palian,Trang
920407,92140,บ้านนา,ปะเหลียน,ตรัง,Ban Na,Palian,Trang
920409,92120,สุโสะ,ปะเหลียน,ตรัง,Suso,Palian,Trang
920410,92180,ลิพัง,ปะเหลียน,ตรัง,Li Phang,Palian,Trang
920411,92120,เกาะสุกร,ปะเหลียน,ตรัง,Ko Sukon,Palian,Trang
920412,92140,ท่าพญา,ปะเหลียน,ตรัง,Tha Phaya,Palian,Trang
920413,92180,แหลมสอม,ปะเหลียน,ตรัง,Laem Som,Palian,Trang
920501,92150,บ่อหิน,สิเกา,ตรัง,Bo Hin,Sikao,Trang
920502,92150,เขาไม้แก้ว,สิเกา,ตรัง,Khao Mai Kaeo,Sikao,Trang
920503,92150,กะลาเส,สิเกา,ตรัง,Kalase,Sikao,Trang
920504,92150,ไม้ฝาด,สิเกา,ตรัง,Mai Fat,Sikao,Trang
920505,92000,นาเมืองเพชร,สิเกา,ตรัง,Na Mueang Phet,Sikao,Trang
920601,92130,ห้วยยอด,ห้วยยอด,ตรัง,Huai Yot,Huai Yot,Trang
920602,92130,หนองช้างแล่น,ห้วยยอด,ตรัง,Nong Chang Laen,Huai Yot,Trang
920605,92210,บางดี,ห้วยยอด,ตรัง,Bang Di,Huai Yot,Trang
920606,92210,บางกุ้ง,ห้วยยอด,ตรัง,Bang Kung,Huai Yot,Trang
920607,92130,เขากอบ,ห้วยยอด,ตรัง,Khao Kop,Huai Yot,Trang
920608,92130,เขาขาว,ห้วยยอด,ตรัง,Khao Khao,Huai Yot,Trang
920609,92130,เขาปูน,ห้วยยอด,ตรัง,Khao Pun,Huai Yot,Trang
920610,92190,ปากแจ่ม,ห้วยยอด,ตรัง,Pak Chaem,Huai Yot,Trang
920611,92130,ปากคม,ห้วยยอด,ตรัง,Pak Khom,Huai Yot,Trang
920614,92130,ท่างิ้ว,ห้วยยอด,ตรัง,Tha Ngio,Huai Yot,Trang
920615,92190,ลำภูรา,ห้วยยอด,ตรัง,Lamphura,Huai Yot,Trang
920616,92210,นาวง,ห้วยยอด,ตรัง,Na Wong,Huai Yot,Trang
920617,92130,ห้วยนาง,ห้วยยอด,ตรัง,Huai Nang,Huai Yot,Trang
920619,92130,ในเตา,ห้วยยอด,ตรัง,Nai Tao,Huai Yot,Trang
920620,92130,ทุ่งต่อ,ห้วยยอด,ตรัง,Thung To,Huai Yot,Trang
920621,92210,วังคีรี,ห้วยยอด,ตรัง,Wang Khiri,Huai Yot,Trang
920701,92220,เขาวิเศษ,วังวิเศษ,ตรัง,Khao Wiset,Wang Wiset,Trang
920702,92220,วังมะปราง,วังวิเศษ,ตรัง,Wang Maprang,Wang Wiset,Trang
920703,92220,อ่าวตง,วังวิเศษ,ตรัง,Ao Tong,Wang Wiset,Trang
920704,92000,ท่าสะบ้า,วังวิเศษ,ตรัง,Tha Saba,Wang Wiset,Trang
920705,92220,วังมะปรางเหนือ,วังวิเศษ,ตรัง,Wang Maprang Nuea,Wang Wiset,Trang
920801,92170,นาโยงเหนือ,นาโยง,ตรัง,Na Yong Nuea,Na Yong,Trang
920802,92170,ช่อง,นาโยง,ตรัง,Chong,Na Yong,Trang
920803,92170,ละมอ,นาโยง,ตรัง,Lamo,Na Yong,Trang
920804,92170,โคกสะบ้า,นาโยง,ตรัง,Khok Saba,Na Yong,Trang
920805,92170,นาหมื่นศรี,นาโยง,ตรัง,Na Muen Si,Na Yong,Trang
920806,92170,นาข้าวเสีย,นาโยง,ตรัง,Na Khao Sia,Na Yong,Trang
920901,92160,ควนเมา,รัษฎา,ตรัง,Khuan Mao,Ratsada,Trang
920902,92160,คลองปาง,รัษฎา,ตรัง,Khlong Pang,Ratsada,Trang
920903,92160,หนองบัว,รัษฎา,ตรัง,Nong Bua,Ratsada,Trang
920904,92130,หนองปรือ,รัษฎา,ตรัง,Nong Prue,Ratsada,Trang
920905,92160,เขาไพร,รัษฎา,ตรัง,Khao Phrai,Ratsada,Trang
921001,92120,หาดสำราญ,หาดสำราญ,ตรัง,Hat Samran,Hat Samran,Trang
921002,92120,บ้าหวี,หาดสำราญ,ตรัง,Ba Wi,Hat Samran,Trang
921003,92120,ตะเสะ,หาดสำราญ,ตรัง,Tase,Hat Samran,Trang
930101,93000,คูหาสวรรค์,เมืองพัทลุง,พัทลุง,Khu Ha Sa Wan,Mueang Phatthalung,Phatthalung
930103,93000,เขาเจียก,เมืองพัทลุง,พัทลุง,Khao Chiak,Mueang Phatthalung,Phatthalung
930104,93000,ท่ามิหรำ,เมืองพัทลุง,พัทลุง,Tha Mi Ram,Mueang Phatthalung,Phatthalung
930105,93000,โคกชะงาย,เมืองพัทลุง,พัทลุง,Khok Cha Ngai,Mueang Phatthalung,Phatthalung
930106,93000,นาท่อม,เมืองพัทลุง,พัทลุง,Na Thom,Mueang Phatthalung,Phatthalung
930107,93000,ปรางหมู่,เมืองพัทลุง,พัทลุง,Prang Mu,Mueang Phatthalung,Phatthalung
930108,93000,ท่าแค,เมืองพัทลุง,พัทลุง,Tha Khae,Mueang Phatthalung,Phatthalung
930109,93000,ลำปำ,เมืองพัทลุง,พัทลุง,Lam Pam,Mueang Phatthalung,Phatthalung
930110,93000,ตำนาน,เมืองพัทลุง,พัทลุง,Tamnan,Mueang Phatthalung,Phatthalung
930111,93000,ควนมะพร้าว,เมืองพัทลุง,พัทลุง,Khuan Ma Phrao,Mueang Phatthalung,Phatthalung
930112,93000,ร่มเมือง,เมืองพัทลุง,พัทลุง,Rom Mueang,Mueang Phatthalung,Phatthalung
930113,93000,ชัยบุรี,เมืองพัทลุง,พัทลุง,Chai Buri,Mueang Phatthalung,Phatthalung
930114,93000,นาโหนด,เมืองพัทลุง,พัทลุง,Na Not,Mueang Phatthalung,Phatthalung
930115,93000,พญาขัน,เมืองพัทลุง,พัทลุง,Phaya Khan,Mueang Phatthalung,Phatthalung
930201,93180,กงหรา,กงหรา,พัทลุง,Kong Ra,Kong Ra,Phatthalung
930202,93000,ชะรัด,กงหรา,พัทลุง,Charat,Kong Ra,Phatthalung
930203,93180,คลองเฉลิม,กงหรา,พัทลุง,Khlong Cha Loem,Kong Ra,Phatthalung
930204,93180,คลองทรายขาว,กงหรา,พัทลุง,Khlong Sai Khao,Kong Ra,Phatthalung
930205,93000,สมหวัง,กงหรา,พัทลุง,Som Wang,Kong Ra,Phatthalung
930301,93130,เขาชัยสน,เขาชัยสน,พัทลุง,Khao Chaison,Khao Chaison,Phatthalung
930302,93130,ควนขนุน,เขาชัยสน,พัทลุง,Khuan Kha Nun,Khao Chaison,Phatthalung
930305,93130,จองถนน,เขาชัยสน,พัทลุง,Chong Tha Non,Khao Chaison,Phatthalung
930306,93130,หานโพธิ์,เขาชัยสน,พัทลุง,Han Pho,Khao Chaison,Phatthalung
930307,93130,โคกม่วง,เขาชัยสน,พัทลุง,Khok Muang,Khao Chaison,Phatthalung
930401,93160,แม่ขรี,ตะโหมด,พัทลุง,Mae Khri,Tamot,Phatthalung
930402,93160,ตะโหมด,ตะโหมด,พัทลุง,Tanot,Tamot,Phatthalung
930403,93160,คลองใหญ่,ตะโหมด,พัทลุง,Khlong Yai,Tamot,Phatthalung
930501,93110,ควนขนุน,ควนขนุน,พัทลุง,Khuan Kha Nun,Khuan Khanun,Phatthalung
930502,93150,ทะเลน้อย,ควนขนุน,พัทลุง,Thale Noi,Khuan Khanun,Phatthalung
930504,93110,นาขยาด,ควนขนุน,พัทลุง,Nakhayat,Khuan Khanun,Phatthalung
930505,93110,พนมวังก์,ควนขนุน,พัทลุง,Phanom Wang,Khuan Khanun,Phatthalung
930506,93110,แหลมโตนด,ควนขนุน,พัทลุง,Laem Tanot,Khuan Khanun,Phatthalung
930508,93110,ปันแต,ควนขนุน,พัทลุง,Pantae,Khuan Khanun,Phatthalung
930509,93110,โตนดด้วน,ควนขนุน,พัทลุง,Tanot Duan,Khuan Khanun,Phatthalung
930510,93110,ดอนทราย,ควนขนุน,พัทลุง,Don Sai,Khuan Khanun,Phatthalung
930511,93150,มะกอกเหนือ,ควนขนุน,พัทลุง,Makok Nuea,Khuan Khanun,Phatthalung
930512,93150,พนางตุง,ควนขนุน,พัทลุง,Phanang Tung,Khuan Khanun,Phatthalung
930513,93110,ชะมวง,ควนขนุน,พัทลุง,Chamuang,Khuan Khanun,Phatthalung
930516,93110,แพรกหา,ควนขนุน,พัทลุง,Phraek Ha,Khuan Khanun,Phatthalung
930601,93120,ปากพะยูน,ปากพะยูน,พัทลุง,Pak Pha Yun,Pak Phayun,Phatthalung
930602,93120,ดอนประดู่,ปากพะยูน,พัทลุง,Don Pradu,Pak Phayun,Phatthalung
930603,93120,เกาะนางคำ,ปากพะยูน,พัทลุง,Ko Nangkham,Pak Phayun,Phatthalung
930604,93120,เกาะหมาก,ปากพะยูน,พัทลุง,Ko Mak,Pak Phayun,Phatthalung
930605,93120,ฝาละมี,ปากพะยูน,พัทลุง,Fa La Mi,Pak Phayun,Phatthalung
930606,93120,หารเทา,ปากพะยูน,พัทลุง,Han Thao,Pak Phayun,Phatthalung
930607,93120,ดอนทราย,ปากพะยูน,พัทลุง,Don Sai,Pak Phayun,Phatthalung
930701,93190,เขาย่า,ศรีบรรพต,พัทลุง,Khao Ya,Si Banphot,Phatthalung
930702,93190,เขาปู่,ศรีบรรพต,พัทลุง,Khao Pu,Si Banphot,Phatthalung
930703,93190,ตะแพน,ศรีบรรพต,พัทลุง,Tapaen,Si Banphot,Phatthalung
930801,93170,ป่าบอน,ป่าบอน,พัทลุง,Pa Bon,Pa Bon,Phatthalung
930802,93170,โคกทราย,ป่าบอน,พัทลุง,Khok Sai,Pa Bon,Phatthalung
930803,93170,หนองธง,ป่าบอน,พัทลุง,Nong Thong,Pa Bon,Phatthalung
930804,93170,ทุ่งนารี,ป่าบอน,พัทลุง,Thung Nari,Pa Bon,Phatthalung
930806,93170,วังใหม่,ป่าบอน,พัทลุง,Wang Mai,Pa Bon,Phatthalung
930901,93140,ท่ามะเดื่อ,บางแก้ว,พัทลุง,Tha Maduea,Bang Kaeo,Phatthalung
930902,93140,นาปะขอ,บางแก้ว,พัทลุง,Na Pakho,Bang Kaeo,Phatthalung
930903,93140,โคกสัก,บางแก้ว,พัทลุง,Khok Sak,Bang Kaeo,Phatthalung
931001,93110,ป่าพะยอม,ป่าพะยอม,พัทลุง,Pa Phayom,Pa Phayom,Phatthalung
931002,93110,ลานข่อย,ป่าพะยอม,พัทลุง,Lan Khoi,Pa Phayom,Phatthalung
931003,93110,เกาะเต่า,ป่าพะยอม,พัทลุง,Ko Tao,Pa Phayom,Phatthalung
931004,93110,บ้านพร้าว,ป่าพะยอม,พัทลุง,Ban Phrao,Pa Phayom,Phatthalung
931101,93000,ชุมพล,ศรีนครินทร์,พัทลุง,Chum Phon,Srinagarindra,Phatthalung
931102,93000,บ้านนา,ศรีนครินทร์,พัทลุง,Ban Na,Srinagarindra,Phatthalung
931103,93000,อ่างทอง,ศรีนครินทร์,พัทลุง,Ang Thong,Srinagarindra,Phatthalung
931104,93000,ลำสินธุ์,ศรีนครินทร์,พัทลุง,Lam Sin,Srinagarindra,Phatthalung
940101,94000,สะบารัง,เมืองปัตตานี,ปัตตานี,Sabarang,Mueang Pattani,Pattani
940102,94000,อาเนาะรู,เมืองปัตตานี,ปัตตานี,A Noru,Mueang Pattani,Pattani
940103,94000,จะบังติกอ,เมืองปัตตานี,ปัตตานี,Chabang Tiko,Mueang Pattani,Pattani
940104,94000,บานา,เมืองปัตตานี,ปัตตานี,Bana,Mueang Pattani,Pattani
940105,94000,ตันหยงลุโละ,เมืองปัตตานี,ปัตตานี,Tanyong Lulo,Mueang Pattani,Pattani
940106,94000,คลองมานิง,เมืองปัตตานี,ปัตตานี,Khlong Maning,Mueang Pattani,Pattani
940107,94000,กะมิยอ,เมืองปัตตานี,ปัตตานี,Kami Yo,Mueang Pattani,Pattani
940108,94000,บาราโหม,เมืองปัตตานี,ปัตตานี,Bara Hom,Mueang Pattani,Pattani
940109,94000,ปะกาฮะรัง,เมืองปัตตานี,ปัตตานี,Paka Harang,Mueang Pattani,Pattani
940110,94000,รูสะมิแล,เมืองปัตตานี,ปัตตานี,Ru Samilae,Mueang Pattani,Pattani
940111,94000,ตะลุโบะ,เมืองปัตตานี,ปัตตานี,Talu Bo,Mueang Pattani,Pattani
940112,94000,บาราเฮาะ,เมืองปัตตานี,ปัตตานี,Bara Ho,Mueang Pattani,Pattani
940113,94000,ปุยุด,เมืองปัตตานี,ปัตตานี,Pu Yut,Mueang Pattani,Pattani
940201,94120,โคกโพธิ์,โคกโพธิ์,ปัตตานี,Khok Pho,Khok Pho,Pattani
940202,94120,มะกรูด,โคกโพธิ์,ปัตตานี,Makrut,Khok Pho,Pattani
940203,94120,บางโกระ,โคกโพธิ์,ปัตตานี,Bang Kro,Khok Pho,Pattani
940204,94120,ป่าบอน,โคกโพธิ์,ปัตตานี,Pa Bon,Khok Pho,Pattani
940205,94120,ทรายขาว,โคกโพธิ์,ปัตตานี,Sai Khao,Khok Pho,Pattani
940206,94180,นาประดู่,โคกโพธิ์,ปัตตานี,Na Pradu,Khok Pho,Pattani
940207,94180,ปากล่อ,โคกโพธิ์,ปัตตานี,Pak Lo,Khok Pho,Pattani
940208,94180,ทุ่งพลา,โคกโพธิ์,ปัตตานี,Thung Phla,Khok Pho,Pattani
940211,94120,ท่าเรือ,โคกโพธิ์,ปัตตานี,Tha Ruea,Khok Pho,Pattani
940213,94120,นาเกตุ,โคกโพธิ์,ปัตตานี,Na Ket,Khok Pho,Pattani
940214,94180,ควนโนรี,โคกโพธิ์,ปัตตานี,Khuan Nori,Khok Pho,Pattani
940215,94120,ช้างให้ตก,โคกโพธิ์,ปัตตานี,Chang Hai Tok,Khok Pho,Pattani
940301,94170,เกาะเปาะ,หนองจิก,ปัตตานี,Ko Po,Nong Chik,Pattani
940302,94170,คอลอตันหยง,หนองจิก,ปัตตานี,Kholo Tanyong,Nong Chik,Pattani
940303,94170,ดอนรัก,หนองจิก,ปัตตานี,Don Rak,Nong Chik,Pattani
940304,94170,ดาโต๊ะ,หนองจิก,ปัตตานี,Dato,Nong Chik,Pattani
940305,94170,ตุยง,หนองจิก,ปัตตานี,Tuyong,Nong Chik,Pattani
940306,94170,ท่ากำชำ,หนองจิก,ปัตตานี,Tha Kamcham,Nong Chik,Pattani
940307,94170,บ่อทอง,หนองจิก,ปัตตานี,Bo Thong,Nong Chik,Pattani
940308,94170,บางเขา,หนองจิก,ปัตตานี,Bang Khao,Nong Chik,Pattani
940309,94170,บางตาวา,หนองจิก,ปัตตานี,Bang Tawa,Nong Chik,Pattani
940310,94170,ปุโละปุโย,หนองจิก,ปัตตานี,Pulo Puyo,Nong Chik,Pattani
940311,94170,ยาบี,หนองจิก,ปัตตานี,Ya Bi,Nong Chik,Pattani
940312,94170,ลิปะสะโง,หนองจิก,ปัตตานี,Lipa Sa-Ngo,Nong Chik,Pattani
940401,94130,ปะนาเระ,ปะนาเระ,ปัตตานี,Panare,Panare,Pattani
940402,94130,ท่าข้าม,ปะนาเระ,ปัตตานี,Tha Kham,Panare,Pattani
940403,94130,บ้านนอก,ปะนาเระ,ปัตตานี,Ban Nok,Panare,Pattani
940404,94130,ดอน,ปะนาเระ,ปัตตานี,Don,Panare,Pattani
940405,94190,ควน,ปะนาเระ,ปัตตานี,Khuan,Panare,Pattani
940406,94130,ท่าน้ำ,ปะนาเระ,ปัตตานี,Tha Nam,Panare,Pattani
940407,94130,คอกกระบือ,ปะนาเระ,ปัตตานี,Khok Krabue,Panare,Pattani
940408,94130,พ่อมิ่ง,ปะนาเระ,ปัตตานี,Pho Ming,Panare,Pattani
940409,94130,บ้านกลาง,ปะนาเระ,ปัตตานี,Ban Klang,Panare,Pattani
940410,94130,บ้านน้ำบ่อ,ปะนาเระ,ปัตตานี,Ban Nam Bo,Panare,Pattani
940501,94140,มายอ,มายอ,ปัตตานี,Mayo,Mayo,Pattani
940502,94140,ถนน,มายอ,ปัตตานี,Thanon,Mayo,Pattani
940503,94140,ตรัง,มายอ,ปัตตานี,Trang,Mayo,Pattani
940504,94140,กระหวะ,มายอ,ปัตตานี,Krawa,Mayo,Pattani
940505,94140,ลุโบะยิไร,มายอ,ปัตตานี,Lubo Yiri,Mayo,Pattani
940506,94190,ลางา,มายอ,ปัตตานี,La-Nga,Mayo,Pattani
940507,94140,กระเสาะ,มายอ,ปัตตานี,Kraso,Mayo,Pattani
940508,94140,เกาะจัน,มายอ,ปัตตานี,Ko Chan,Mayo,Pattani
940509,94140,ปะโด,มายอ,ปัตตานี,Podo,Mayo,Pattani
940510,94140,สาคอบน,มายอ,ปัตตานี,Sakho Bon,Mayo,Pattani
940511,94140,สาคอใต้,มายอ,ปัตตานี,Sakho Tai,Mayo,Pattani
940512,94140,สะกำ,มายอ,ปัตตานี,Sakam,Mayo,Pattani
940513,94140,ปานัน,มายอ,ปัตตานี,Pa Nan,Mayo,Pattani
940601,94140,ตะโละแมะนา,ทุ่งยางแดง,ปัตตานี,Talo Maena,Thung Yang Daeng,Pattani
940602,94140,พิเทน,ทุ่งยางแดง,ปัตตานี,Phithen,Thung Yang Daeng,Pattani
940603,94140,น้ำดำ,ทุ่งยางแดง,ปัตตานี,Nam Dam,Thung Yang Daeng,Pattani
940604,94140,ปากู,ทุ่งยางแดง,ปัตตานี,Pa Ku,Thung Yang Daeng,Pattani
940701,94110,ตะลุบัน,สายบุรี,ปัตตานี,Talu Ban,Sai Buri,Pattani
940702,94110,ตะบิ้ง,สายบุรี,ปัตตานี,Tabing,Sai Buri,Pattani
940703,94110,ปะเสยะวอ,สายบุรี,ปัตตานี,Pase Yawo,Sai Buri,Pattani
940704,94110,บางเก่า,สายบุรี,ปัตตานี,Bang Kao,Sai Buri,Pattani
940705,94110,บือเระ,สายบุรี,ปัตตานี,Buere,Sai Buri,Pattani
940706,94110,เตราะบอน,สายบุรี,ปัตตานี,Tro Bon,Sai Buri,Pattani
940707,94110,กะดุนง,สายบุรี,ปัตตานี,Kadunong,Sai Buri,Pattani
940708,94110,ละหาร,สายบุรี,ปัตตานี,Lahan,Sai Buri,Pattani
940709,94110,มะนังดาลำ,สายบุรี,ปัตตานี,Manang Dalam,Sai Buri,Pattani
940710,94110,แป้น,สายบุรี,ปัตตานี,Paen,Sai Buri,Pattani
940711,94190,ทุ่งคล้า,สายบุรี,ปัตตานี,Thung Khla,Sai Buri,Pattani
940801,94220,ไทรทอง,ไม้แก่น,ปัตตานี,Sai Thong,Mai Kaen,Pattani
940802,94220,ไม้แก่น,ไม้แก่น,ปัตตานี,Mai Kaen,Mai Kaen,Pattani
940803,94220,ตะโละไกรทอง,ไม้แก่น,ปัตตานี,Talo Krai Thong,Mai Kaen,Pattani
940804,94220,ดอนทราย,ไม้แก่น,ปัตตานี,Don Sai,Mai Kaen,Pattani
940901,94150,ตะโละ,ยะหริ่ง,ปัตตานี,Talo,Yaring,Pattani
940902,94150,ตะโละกาโปร์,ยะหริ่ง,ปัตตานี,Talo Kapo,Yaring,Pattani
940903,94150,ตันหยงดาลอ,ยะหริ่ง,ปัตตานี,Tanyong Dalo,Yaring,Pattani
940904,94190,ตันหยงจึงงา,ยะหริ่ง,ปัตตานี,Tanyong Chueng Nga,Yaring,Pattani
940905,94150,ตอหลัง,ยะหริ่ง,ปัตตานี,To Lang,Yaring,Pattani
940906,94150,ตาแกะ,ยะหริ่ง,ปัตตานี,Ta Kae,Yaring,Pattani
940907,94150,ตาลีอายร์,ยะหริ่ง,ปัตตานี,Tali-Ai,Yaring,Pattani
940908,94150,ยามู,ยะหริ่ง,ปัตตานี,Ya Mu,Yaring,Pattani
940909,94150,บางปู,ยะหริ่ง,ปัตตานี,Bang Pu,Yaring,Pattani
940910,94150,หนองแรต,ยะหริ่ง,ปัตตานี,Nong Raet,Yaring,Pattani
940911,94150,ปิยามุมัง,ยะหริ่ง,ปัตตานี,Piya Mumang,Yaring,Pattani
940912,94150,ปุลากง,ยะหริ่ง,ปัตตานี,Pulakong,Yaring,Pattani
940913,94190,บาโลย,ยะหริ่ง,ปัตตานี,Baloi,Yaring,Pattani
940914,94150,สาบัน,ยะหริ่ง,ปัตตานี,Saban,Yaring,Pattani
940915,94150,มะนังยง,ยะหริ่ง,ปัตตานี,Manang Yong,Yaring,Pattani
940916,94150,ราตาปันยัง,ยะหริ่ง,ปัตตานี,Rata Panyang,Yaring,Pattani
940917,94150,จะรัง,ยะหริ่ง,ปัตตานี,Charang,Yaring,Pattani
940918,94150,แหลมโพธิ์,ยะหริ่ง,ปัตตานี,Laem Pho,Yaring,Pattani
941001,94160,ยะรัง,ยะรัง,ปัตตานี,Yarang,Yarang,Pattani
941002,94160,สะดาวา,ยะรัง,ปัตตานี,Sadawa,Yarang,Pattani
941003,94160,ประจัน,ยะรัง,ปัตตานี,Prachan,Yarang,Pattani
941004,94160,สะนอ,ยะรัง,ปัตตานี,Sano,Yarang,Pattani
941005,94160,ระแว้ง,ยะรัง,ปัตตานี,Rawaeng,Yarang,Pattani
941006,94160,ปิตูมุดี,ยะรัง,ปัตตานี,Pitu Mudi,Yarang,Pattani
941007,94160,วัด,ยะรัง,ปัตตานี,Wat,Yarang,Pattani
941008,94160,กระโด,ยะรัง,ปัตตานี,Krado,Yarang,Pattani
941009,94160,คลองใหม่,ยะรัง,ปัตตานี,Khlong Mai,Yarang,Pattani
941010,94160,เมาะมาวี,ยะรัง,ปัตตานี,Mo Mawi,Yarang,Pattani
941011,94160,กอลำ,ยะรัง,ปัตตานี,Ko Lam,Yarang,Pattani
941012,94160,เขาตูม,ยะรัง,ปัตตานี,Khao Tum,Yarang,Pattani
941101,94230,กะรุบี,กะพ้อ,ปัตตานี,Karubi,Kapho,Pattani
941102,94230,ตะโละดือรามัน,กะพ้อ,ปัตตานี,Talo Due Raman,Kapho,Pattani
941103,94230,ปล่องหอย,กะพ้อ,ปัตตานี,Plong Hoi,Kapho,Pattani
941201,94180,แม่ลาน,แม่ลาน,ปัตตานี,Mae Lan,Mae Lan,Pattani
941202,94180,ม่วงเตี้ย,แม่ลาน,ปัตตานี,Muang Tia,Mae Lan,Pattani
941203,94180,ป่าไร่,แม่ลาน,ปัตตานี,Pa Rai,Mae Lan,Pattani
950101,95000,สะเตง,เมืองยะลา,ยะลา,Sateng,Mueang Yala,Yala
950102,95000,บุดี,เมืองยะลา,ยะลา,Bu Di,Mueang Yala,Yala
950103,95000,ยุโป,เมืองยะลา,ยะลา,Yopo,Mueang Yala,Yala
950104,95160,ลิดล,เมืองยะลา,ยะลา,Li Don,Mueang Yala,Yala
950106,95000,ยะลา,เมืองยะลา,ยะลา,Yala,Mueang Yala,Yala
950108,95000,ท่าสาป,เมืองยะลา,ยะลา,Tha Sap,Mueang Yala,Yala
950109,95160,ลำใหม่,เมืองยะลา,ยะลา,Lam Mai,Mueang Yala,Yala
950110,95000,หน้าถ้ำ,เมืองยะลา,ยะลา,Na Tham,Mueang Yala,Yala
950111,95160,ลำพะยา,เมืองยะลา,ยะลา,Lam Phaya,Mueang Yala,Yala
950112,95000,เปาะเส้ง,เมืองยะลา,ยะลา,Po Seng,Mueang Yala,Yala
950114,95160,พร่อน,เมืองยะลา,ยะลา,Phron,Mueang Yala,Yala
950115,95000,บันนังสาเรง,เมืองยะลา,ยะลา,Bannang Sareng,Mueang Yala,Yala
950116,95000,สะเตงนอก,เมืองยะลา,ยะลา,Sateng Nok,Mueang Yala,Yala
950118,95000,ตาเซะ,เมืองยะลา,ยะลา,Tase,Mueang Yala,Yala
950201,95110,เบตง,เบตง,ยะลา,Betong,Betong,Yala
950202,95110,ยะรม,เบตง,ยะลา,Yarom,Betong,Yala
950203,95110,ตาเนาะแมเราะ,เบตง,ยะลา,Tano Maero,Betong,Yala
950204,95110,อัยเยอร์เวง,เบตง,ยะลา,Aiyoe Weng,Betong,Yala
950205,95110,ธารน้ำทิพย์,เบตง,ยะลา,Than Nam Thip,Betong,Yala
950301,95130,บันนังสตา,บันนังสตา,ยะลา,Bannang Sata,Bannang Sata,Yala
950302,95130,บาเจาะ,บันนังสตา,ยะลา,Bacho,Bannang Sata,Yala
950303,95130,ตาเนาะปูเต๊ะ,บันนังสตา,ยะลา,Tano Pute,Bannang Sata,Yala
950304,95130,ถ้ำทะลุ,บันนังสตา,ยะลา,Tham Thalu,Bannang Sata,Yala
950305,95130,ตลิ่งชัน,บันนังสตา,ยะลา,Taling Chan,Bannang Sata,Yala
950306,95130,เขื่อนบางลาง,บันนังสตา,ยะลา,Khuean Bang Lang,Bannang Sata,Yala
950401,95150,ธารโต,ธารโต,ยะลา,Than To,Than To,Yala
950402,95150,บ้านแหร,ธารโต,ยะลา,Ban Rae,Than To,Yala
950403,95170,แม่หวาด,ธารโต,ยะลา,Mae Wat,Than To,Yala
950404,95150,คีรีเขต,ธารโต,ยะลา,Khiri Khet,Than To,Yala
950501,95120,ยะหา,ยะหา,ยะลา,Yaha,Yaha,Yala
950502,95120,ละแอ,ยะหา,ยะลา,La-Ae,Yaha,Yala
950503,95120,ปะแต,ยะหา,ยะลา,Patae,Yaha,Yala
950504,95120,บาโร๊ะ,ยะหา,ยะลา,Baro,Yaha,Yala
950506,95120,ตาชี,ยะหา,ยะลา,Ta Chi,Yaha,Yala
950507,95120,บาโงยซิแน,ยะหา,ยะลา,Ba-Ngoi Sinae,Yaha,Yala
950508,95120,กาตอง,ยะหา,ยะลา,Katong,Yaha,Yala
950601,95140,กายูบอเกาะ,รามัน,ยะลา,Kayu Boko,Raman,Yala
950602,95140,กาลูปัง,รามัน,ยะลา,Kalupang,Raman,Yala
950603,95140,กาลอ,รามัน,ยะลา,Kalo,Raman,Yala
950604,95140,กอตอตือร๊ะ,รามัน,ยะลา,Koto Tuera,Raman,Yala
950605,95140,โกตาบารู,รามัน,ยะลา,Kota Baru,Raman,Yala
950606,95140,เกะรอ,รามัน,ยะลา,Ke Ro,Raman,Yala
950607,95140,จะกว๊ะ,รามัน,ยะลา,Cha Kwua,Raman,Yala
950608,95140,ท่าธง,รามัน,ยะลา,Tha Thong,Raman,Yala
950609,95140,เนินงาม,รามัน,ยะลา,Noen Ngam,Raman,Yala
950610,95140,บาลอ,รามัน,ยะลา,Balo,Raman,Yala
950611,95140,บาโงย,รามัน,ยะลา,Ba-Ngoi,Raman,Yala
950612,95140,บือมัง,รามัน,ยะลา,Buemang,Raman,Yala
950613,95140,ยะต๊ะ,รามัน,ยะลา,Yata,Raman,Yala
950614,95140,วังพญา,รามัน,ยะลา,Wang Phaya,Raman,Yala
950615,95140,อาซ่อง,รามัน,ยะลา,A Song,Raman,Yala
950616,95140,ตะโล๊ะหะลอ,รามัน,ยะลา,Talo Halo,Raman,Yala
950701,95120,กาบัง,กาบัง,ยะลา,Kabang,Kabang,Yala
950702,95120,บาละ,กาบัง,ยะลา,Bala,Kabang,Yala
950801,95000,กรงปินัง,กรงปินัง,ยะลา,Krong Pinang,Krong Pinang,Yala
950802,95000,สะเอะ,กรงปินัง,ยะลา,Sa-Ae,Krong Pinang,Yala
950803,95000,ห้วยกระทิง,กรงปินัง,ยะลา,Huai Krathing,Krong Pinang,Yala
950804,95000,ปุโรง,กรงปินัง,ยะลา,Pu Rong,Krong Pinang,Yala
960101,96000,บางนาค,เมืองนราธิวาส,นราธิวาส,Bang Nak,Mueang Narathiwat,Narathiwat
960102,96000,ลำภู,เมืองนราธิวาส,นราธิวาส,Lamphu,Mueang Narathiwat,Narathiwat
960103,96000,มะนังตายอ,เมืองนราธิวาส,นราธิวาส,Manang Tayo,Mueang Narathiwat,Narathiwat
960104,96000,บางปอ,เมืองนราธิวาส,นราธิวาส,Bang Po,Mueang Narathiwat,Narathiwat
960105,96000,กะลุวอ,เมืองนราธิวาส,นราธิวาส,Kaluwo,Mueang Narathiwat,Narathiwat
960106,96000,กะลุวอเหนือ,เมืองนราธิวาส,นราธิวาส,Kaluwo Nuea,Mueang Narathiwat,Narathiwat
960107,96000,โคกเคียน,เมืองนราธิวาส,นราธิวาส,Khok Khian,Mueang Narathiwat,Narathiwat
960201,96110,เจ๊ะเห,ตากใบ,นราธิวาส,Che He,Tak Bai,Narathiwat
960202,96110,ไพรวัน,ตากใบ,นราธิวาส,Phrai Wan,Tak Bai,Narathiwat
960203,96110,พร่อน,ตากใบ,นราธิวาส,Phron,Tak Bai,Narathiwat
960204,96110,ศาลาใหม่,ตากใบ,นราธิวาส,Sala Mai,Tak Bai,Narathiwat
960205,96110,บางขุนทอง,ตากใบ,นราธิวาส,Bang Khun Thong,Tak Bai,Narathiwat
960206,96110,เกาะสะท้อน,ตากใบ,นราธิวาส,Ko Sathon,Tak Bai,Narathiwat
960207,96110,นานาค,ตากใบ,นราธิวาส,Na Nak,Tak Bai,Narathiwat
960208,96110,โฆษิต,ตากใบ,นราธิวาส,Khosit,Tak Bai,Narathiwat
960301,96170,บาเจาะ,บาเจาะ,นราธิวาส,Bacho,Tak Bai,Narathiwat
960302,96170,ลุโบะสาวอ,บาเจาะ,นราธิวาส,Lubo Sawo,Tak Bai,Narathiwat
960303,96170,กาเยาะมาตี,บาเจาะ,นราธิวาส,Kayo Mati,Tak Bai,Narathiwat
960304,96170,ปะลุกาสาเมาะ,บาเจาะ,นราธิวาส,Paluka Samo,Tak Bai,Narathiwat
960305,96170,บาเระเหนือ,บาเจาะ,นราธิวาส,Bare Nuea,Tak Bai,Narathiwat
960306,96170,บาเระใต้,บาเจาะ,นราธิวาส,Bare Tai,Tak Bai,Narathiwat
960401,96180,ยี่งอ,ยี่งอ,นราธิวาส,Yi-Ngo,Yi-Ngo,Narathiwat
960402,96180,ละหาร,ยี่งอ,นราธิวาส,Lahan,Yi-Ngo,Narathiwat
960403,96180,จอเบาะ,ยี่งอ,นราธิวาส,Cho Bo,Yi-Ngo,Narathiwat
960404,96180,ลุโบะบายะ,ยี่งอ,นราธิวาส,Lubo Baya,Yi-Ngo,Narathiwat
960405,96180,ลุโบะบือซา,ยี่งอ,นราธิวาส,Lubo Buesa,Yi-Ngo,Narathiwat
960406,96180,ตะปอเยาะ,ยี่งอ,นราธิวาส,Tapo Yo,Yi-Ngo,Narathiwat
960501,96130,ตันหยงมัส,ระแงะ,นราธิวาส,Tanyong Mat,Ra-Ngae,Narathiwat
960502,96130,ตันหยงลิมอ,ระแงะ,นราธิวาส,Tanyong Limo,Ra-Ngae,Narathiwat
960506,96220,บองอ,ระแงะ,นราธิวาส,Bo-Ngo,Ra-Ngae,Narathiwat
960507,96130,กาลิซา,ระแงะ,นราธิวาส,Kalisa,Ra-Ngae,Narathiwat
960508,96130,บาโงสะโต,ระแงะ,นราธิวาส,Ba-Ngo Sato,Ra-Ngae,Narathiwat
960509,96130,เฉลิม,ระแงะ,นราธิวาส,Chaloem,Ra-Ngae,Narathiwat
960510,96130,มะรือโบตก,ระแงะ,นราธิวาส,Marue Bo Tok,Ra-Ngae,Narathiwat
960601,96150,รือเสาะ,รือเสาะ,นราธิวาส,Rueso,Rueso,Narathiwat
960602,96150,สาวอ,รือเสาะ,นราธิวาส,Sawo,Rueso,Narathiwat
960603,96150,เรียง,รือเสาะ,นราธิวาส,Riang,Rueso,Narathiwat
960604,96150,สามัคคี,รือเสาะ,นราธิวาส,Samakkhi,Rueso,Narathiwat
960605,96150,บาตง,รือเสาะ,นราธิวาส,Batong,Rueso,Narathiwat
960606,96150,ลาโละ,รือเสาะ,นราธิวาส,La Lo,Rueso,Narathiwat
960607,96150,รือเสาะออก,รือเสาะ,นราธิวาส,Rueso Ok,Rueso,Narathiwat
960608,96150,โคกสะตอ,รือเสาะ,นราธิวาส,Khok Sato,Rueso,Narathiwat
960609,96150,สุวารี,รือเสาะ,นราธิวาส,Suwari,Rueso,Narathiwat
960701,96210,ซากอ,ศรีสาคร,นราธิวาส,Sa Ko,Si Sakhon,Narathiwat
960702,96210,ตะมะยูง,ศรีสาคร,นราธิวาส,Tama Yung,Si Sakhon,Narathiwat
960703,96210,ศรีสาคร,ศรีสาคร,นราธิวาส,Si Sakhon,Si Sakhon,Narathiwat
960704,96210,เชิงคีรี,ศรีสาคร,นราธิวาส,Choeng Khiri,Si Sakhon,Narathiwat
960705,96210,กาหลง,ศรีสาคร,นราธิวาส,Kalong,Si Sakhon,Narathiwat
960706,96210,ศรีบรรพต,ศรีสาคร,นราธิวาส,Si Banphot,Si Sakhon,Narathiwat
960801,96160,แว้ง,แว้ง,นราธิวาส,Waeng,Waeng,Narathiwat
960802,96160,กายูคละ,แว้ง,นราธิวาส,Kayu Khla,Waeng,Narathiwat
960803,96160,ฆอเลาะ,แว้ง,นราธิวาส,Kho Lo,Waeng,Narathiwat
960804,96160,โละจูด,แว้ง,นราธิวาส,Lo Chut,Waeng,Narathiwat
960805,96160,แม่ดง,แว้ง,นราธิวาส,Mae Dong,Waeng,Narathiwat
960806,96160,เอราวัณ,แว้ง,นราธิวาส,Erawan,Waeng,Narathiwat
960901,96190,มาโมง,สุคิริน,นราธิวาส,Ma Mong,Sukhirin,Narathiwat
960902,96190,สุคิริน,สุคิริน,นราธิวาส,Sukhirin,Sukhirin,Narathiwat
960903,96190,เกียร์,สุคิริน,นราธิวาส,Kia,Sukhirin,Narathiwat
960904,96190,ภูเขาทอง,สุคิริน,นราธิวาส,Phu Khao Thong,Sukhirin,Narathiwat
960905,96190,ร่มไทร,สุคิริน,นราธิวาส,Rom Sai,Sukhirin,Narathiwat
961001,96120,สุไหงโก-ลก,สุไหงโก-ลก,นราธิวาส,Su-Ngai Ko-Lok,Su-Ngai Kolok,Narathiwat
961002,96120,ปาเสมัส,สุไหงโก-ลก,นราธิวาส,Pa Semat,Su-Ngai Kolok,Narathiwat
961003,96120,มูโนะ,สุไหงโก-ลก,นราธิวาส,Mu No,Su-Ngai Kolok,Narathiwat
961004,96120,ปูโยะ,สุไหงโก-ลก,นราธิวาส,Puyo,Su-Ngai Kolok,Narathiwat
961101,96140,ปะลุรู,สุไหงปาดี,นราธิวาส,Paluru,Su-Ngai Padi,Narathiwat
961102,96140,สุไหงปาดี,สุไหงปาดี,นราธิวาส,Su-Ngai Padi,Su-Ngai Padi,Narathiwat
961103,96140,โต๊ะเด็ง,สุไหงปาดี,นราธิวาส,To Deng,Su-Ngai Padi,Narathiwat
961104,96140,สากอ,สุไหงปาดี,นราธิวาส,Sako,Su-Ngai Padi,Narathiwat
961105,96140,ริโก๋,สุไหงปาดี,นราธิวาส,Ri Ko,Su-Ngai Padi,Narathiwat
961106,96140,กาวะ,สุไหงปาดี,นราธิวาส,Kawa,Su-Ngai Padi,Narathiwat
961201,96220,จะแนะ,จะแนะ,นราธิวาส,Chanae,Chanae,Narathiwat
961202,96220,ดุซงญอ,จะแนะ,นราธิวาส,Du Song Yo,Chanae,Narathiwat
961203,96220,ผดุงมาตร,จะแนะ,นราธิวาส,Phadung Mat,Chanae,Narathiwat
961204,96220,ช้างเผือก,จะแนะ,นราธิวาส,Chang Phueak,Chanae,Narathiwat
961301,96130,จวบ,เจาะไอร้อง,นราธิวาส,Chuap,Cho-Airong,Narathiwat
961302,96130,บูกิต,เจาะไอร้อง,นราธิวาส,Bu Kit,Cho-Airong,Narathiwat
961303,96130,มะรือโบออก,เจาะไอร้อง,นราธิวาส,Marue Bo Ok,Cho-Airong,Narathiwat
